-- MariaDB dump 10.17  Distrib 10.4.13-MariaDB, for Win64 (AMD64)
--
-- Host: localhost    Database: frameincam
-- ------------------------------------------------------
-- Server version	10.4.13-MariaDB

/*!40101 SET @OLD_CHARACTER_SET_CLIENT=@@CHARACTER_SET_CLIENT */;
/*!40101 SET @OLD_CHARACTER_SET_RESULTS=@@CHARACTER_SET_RESULTS */;
/*!40101 SET @OLD_COLLATION_CONNECTION=@@COLLATION_CONNECTION */;
/*!40101 SET NAMES utf8mb4 */;
/*!40103 SET @OLD_TIME_ZONE=@@TIME_ZONE */;
/*!40103 SET TIME_ZONE='+00:00' */;
/*!40014 SET @OLD_UNIQUE_CHECKS=@@UNIQUE_CHECKS, UNIQUE_CHECKS=0 */;
/*!40014 SET @OLD_FOREIGN_KEY_CHECKS=@@FOREIGN_KEY_CHECKS, FOREIGN_KEY_CHECKS=0 */;
/*!40101 SET @OLD_SQL_MODE=@@SQL_MODE, SQL_MODE='NO_AUTO_VALUE_ON_ZERO' */;
/*!40111 SET @OLD_SQL_NOTES=@@SQL_NOTES, SQL_NOTES=0 */;

--
-- Table structure for table `aspnetroles`
--

DROP TABLE IF EXISTS `aspnetroles`;
/*!40101 SET @saved_cs_client     = @@character_set_client */;
/*!40101 SET character_set_client = utf8 */;
CREATE TABLE `aspnetroles` (
  `Id` varchar(128) NOT NULL,
  `Name` varchar(256) NOT NULL,
  PRIMARY KEY (`Id`)
) ENGINE=InnoDB DEFAULT CHARSET=utf8;
/*!40101 SET character_set_client = @saved_cs_client */;

--
-- Dumping data for table `aspnetroles`
--

LOCK TABLES `aspnetroles` WRITE;
/*!40000 ALTER TABLE `aspnetroles` DISABLE KEYS */;
/*!40000 ALTER TABLE `aspnetroles` ENABLE KEYS */;
UNLOCK TABLES;

--
-- Table structure for table `aspnetuserclaims`
--

DROP TABLE IF EXISTS `aspnetuserclaims`;
/*!40101 SET @saved_cs_client     = @@character_set_client */;
/*!40101 SET character_set_client = utf8 */;
CREATE TABLE `aspnetuserclaims` (
  `Id` int(11) NOT NULL AUTO_INCREMENT,
  `UserId` varchar(128) NOT NULL,
  `ClaimType` longtext DEFAULT NULL,
  `ClaimValue` longtext DEFAULT NULL,
  PRIMARY KEY (`Id`)
) ENGINE=InnoDB DEFAULT CHARSET=utf8;
/*!40101 SET character_set_client = @saved_cs_client */;

--
-- Dumping data for table `aspnetuserclaims`
--

LOCK TABLES `aspnetuserclaims` WRITE;
/*!40000 ALTER TABLE `aspnetuserclaims` DISABLE KEYS */;
/*!40000 ALTER TABLE `aspnetuserclaims` ENABLE KEYS */;
UNLOCK TABLES;

--
-- Table structure for table `aspnetuserlogins`
--

DROP TABLE IF EXISTS `aspnetuserlogins`;
/*!40101 SET @saved_cs_client     = @@character_set_client */;
/*!40101 SET character_set_client = utf8 */;
CREATE TABLE `aspnetuserlogins` (
  `LoginProvider` varchar(128) NOT NULL,
  `ProviderKey` varchar(128) NOT NULL,
  `UserId` varchar(128) NOT NULL,
  PRIMARY KEY (`LoginProvider`,`ProviderKey`,`UserId`)
) ENGINE=InnoDB DEFAULT CHARSET=utf8;
/*!40101 SET character_set_client = @saved_cs_client */;

--
-- Dumping data for table `aspnetuserlogins`
--

LOCK TABLES `aspnetuserlogins` WRITE;
/*!40000 ALTER TABLE `aspnetuserlogins` DISABLE KEYS */;
/*!40000 ALTER TABLE `aspnetuserlogins` ENABLE KEYS */;
UNLOCK TABLES;

--
-- Table structure for table `aspnetuserroles`
--

DROP TABLE IF EXISTS `aspnetuserroles`;
/*!40101 SET @saved_cs_client     = @@character_set_client */;
/*!40101 SET character_set_client = utf8 */;
CREATE TABLE `aspnetuserroles` (
  `UserId` varchar(128) NOT NULL,
  `RoleId` varchar(128) NOT NULL,
  PRIMARY KEY (`UserId`,`RoleId`)
) ENGINE=InnoDB DEFAULT CHARSET=utf8;
/*!40101 SET character_set_client = @saved_cs_client */;

--
-- Dumping data for table `aspnetuserroles`
--

LOCK TABLES `aspnetuserroles` WRITE;
/*!40000 ALTER TABLE `aspnetuserroles` DISABLE KEYS */;
/*!40000 ALTER TABLE `aspnetuserroles` ENABLE KEYS */;
UNLOCK TABLES;

--
-- Table structure for table `aspnetusers`
--

DROP TABLE IF EXISTS `aspnetusers`;
/*!40101 SET @saved_cs_client     = @@character_set_client */;
/*!40101 SET character_set_client = utf8 */;
CREATE TABLE `aspnetusers` (
  `Id` int(11) NOT NULL AUTO_INCREMENT,
  `Email` varchar(256) DEFAULT NULL,
  `EmailConfirmed` tinyint(4) NOT NULL,
  `PasswordHash` longtext DEFAULT NULL,
  `SecurityStamp` longtext DEFAULT NULL,
  `PhoneNumber` longtext DEFAULT NULL,
  `PhoneNumberConfirmed` tinyint(4) NOT NULL,
  `TwoFactorEnabled` tinyint(4) NOT NULL,
  `LockoutEnd` datetime(3) DEFAULT NULL,
  `LockoutEnabled` tinyint(4) NOT NULL,
  `AccessFailedCount` int(11) NOT NULL,
  `UserName` varchar(256) NOT NULL,
  `ConcurrencyStamp` text DEFAULT NULL,
  `NormalizedEmail` varchar(256) DEFAULT NULL,
  `NormalizedUserName` varchar(256) DEFAULT NULL,
  `created_by` varchar(100) DEFAULT NULL,
  `created_date` datetime DEFAULT NULL,
  `updated_by` varchar(100) DEFAULT NULL,
  `updated_date` datetime DEFAULT NULL,
  `Isactive` tinyint(4) DEFAULT NULL,
  `Name` varchar(100) DEFAULT NULL,
  `Password` varchar(100) DEFAULT NULL,
  PRIMARY KEY (`Id`)
) ENGINE=InnoDB AUTO_INCREMENT=63 DEFAULT CHARSET=utf8;
/*!40101 SET character_set_client = @saved_cs_client */;

--
-- Dumping data for table `aspnetusers`
--

LOCK TABLES `aspnetusers` WRITE;
/*!40000 ALTER TABLE `aspnetusers` DISABLE KEYS */;
INSERT INTO `aspnetusers` VALUES (1,'siva.envision@gmail.com',1,'AQAAAAEAACcQAAAAEIUFw3KhStibaRijAzt5ZJpf9IMoXSa8QyS0vSWILvj9mKelr7Py63EQwJaK1jgU0g==','SPRQ3MTIRLYYKCLZERZBCJZLRS7ECLGJ','9940232412',0,0,NULL,1,0,'siva.envision@gmail.com','0f1b4831-cd4c-4db0-9420-4a80970fc7ed','SIVA.ENVISION@GMAIL.COM','SIVA.ENVISION@GMAIL.COM','','2021-01-23 22:02:42',NULL,NULL,1,'WonderClicks',NULL),(2,'shahinck@gmail.com',1,'AQAAAAEAACcQAAAAECTwxUvpuhD3JSJp+JdkWf2ge9Ike9+h3g7n6GeGd4VEmkyKBfjA5UreHZYXsVb9xQ==','4OFSOVF62FFZA746JAK4ZV73WNKZCWXE','9447157707',0,0,NULL,1,0,'shahinck@gmail.com','591936ef-d8fc-44f6-b56d-4a2463b9564f','SHAHINCK@GMAIL.COM','SHAHINCK@GMAIL.COM','','2021-01-26 09:12:31',NULL,NULL,1,'shahin',NULL),(3,'iyyan.muthu@gmail.com',1,'AQAAAAEAACcQAAAAEP/IwU/ixgeY+TgNyI21crIX3FRhHAxojTstYfug8hMWtIIr5Dl4sai0DlQFtr8uiQ==','DOBEJQ4XLBY7J2T3LOLSK3UIF7ADLYTX','9840145598',0,0,NULL,1,0,'iyyan.muthu@gmail.com','b7ee5543-b8b3-44b3-b1ae-74cb97a7125c','IYYAN.MUTHU@GMAIL.COM','IYYAN.MUTHU@GMAIL.COM','','2021-01-26 10:24:37',NULL,NULL,1,'Iyyankannu',NULL),(5,'iyyan@gmail.com',1,'AQAAAAEAACcQAAAAEKTtc3/4u4tWU9831etriwPvAeEOEvOxpg+hNzQw8ZtquKBm3F03xexaDjsutnGvwg==','WFLYOUQDFH5BJVODFIQNYCVYXF7EV5UM','9840145595',0,0,NULL,1,0,'iyyan@gmail.com','a13d72c0-d232-4894-a6c2-99caa897a27c','IYYAN@GMAIL.COM','IYYAN@GMAIL.COM','','2021-01-29 15:16:38',NULL,NULL,1,'Kavi Studios',NULL),(6,'kannu@gmail.com',1,'AQAAAAEAACcQAAAAECVw2BW0MhwajL7TklqXpGxdAd4N6cOxiorw0RPLqJr5ljmGhaHS2KVRKLL1pdMZ4g==','CRMNKOJG52TQESRIETL4SP7FB2NABQOJ','9445679744',0,0,NULL,1,0,'kannu@gmail.com','bd8779c8-23c4-44e0-afa8-859e4f1c8c45','KANNU@GMAIL.COM','KANNU@GMAIL.COM','','2021-01-31 23:03:16',NULL,NULL,1,'Digital Studios Pvt Ltd',NULL),(7,'siva@hotmail.com',1,'AQAAAAEAACcQAAAAEEfOOhXdcue3QoZAqWa7MnWbwkwhSxeTMpnZAtSBBMq3pzs1vhuqHyAVtKB8g0F+Mw==','W52KB2Y4XCZHPAEJ3ES265WACBRBSTYG','9999999999',0,0,NULL,1,0,'siva@hotmail.com','5c638e3d-cb69-496c-8d93-5c04c93fb5d4','SIVA@HOTMAIL.COM','SIVA@HOTMAIL.COM','','2021-02-09 09:56:49',NULL,NULL,1,'Siva',NULL),(8,'sivaprasath@gmail.com',1,'AQAAAAEAACcQAAAAENcpGRVBrMS5v3nmI227G9VIQJwWRrpLiLNT1UDN1VegOXP/SJoYuqASxWDtk/f6+A==','7ZRWQI47J2H2CISGOJD7QC4DEM2HAOR2','99123123123',0,0,NULL,1,0,'sivaprasath@gmail.com','8b8ef349-db18-49cb-8a70-001a06ab2446','SIVAPRASATH@GMAIL.COM','SIVAPRASATH@GMAIL.COM','','2021-02-11 15:14:10',NULL,NULL,1,'Prasath',NULL),(9,'dhan@gmail.com',1,'AQAAAAEAACcQAAAAEDzlyDaIgHgnq8+IDqv6S1N5w0dpMwkSE2LJiUaoOp0WrlX7CCAH8AxsUP8f6YqyUw==','BUKQQMYKICPD36QOYB4QMDSBYDAX4MZQ','9445679744',0,0,NULL,1,0,'dhan@gmail.com','2b4c9724-950a-48c3-b8e0-227114326817','DHAN@GMAIL.COM','DHAN@GMAIL.COM','','2021-02-14 15:36:04',NULL,NULL,1,'Dhanvanth Digital Studio Ltd',NULL),(10,'fincam@gmail.com',1,'AQAAAAEAACcQAAAAEB2/9CVMsVzxBJxwhPXwv/C3WeHnRpnDQ99WOyZ+Q9rTjLqbd44S3nA+qo3G/iF7Vg==','VTSN33MGNGF3O7PYPUVE3Y2MOQHLRFGB','9940232412',0,0,NULL,1,0,'fincam@gmail.com','86efeeed-3205-4b23-b34d-a0257d769ed5','FINCAM@GMAIL.COM','FINCAM@GMAIL.COM','','2021-02-15 00:11:27',NULL,NULL,1,'Frame Incam',NULL),(11,'madurai@gmail.com',1,'AQAAAAEAACcQAAAAECtk/dFaVrG2LLCyNoTIg2hudBLUVbEHkNanIB3m6DDHQsQg0YRPAbv5FOx8URRZXw==','HL6LRSODNPU7RUKACJTHKVWFCCNDUUL3','9840145591',0,0,NULL,1,0,'madurai@gmail.com','7f816aca-b6b5-493d-bc0c-00de24ecac6c','MADURAI@GMAIL.COM','MADURAI@GMAIL.COM','','2021-02-17 07:46:58',NULL,NULL,1,'Madurai Smart Studios',NULL),(12,'surya@masonbrickmann.com',1,'AQAAAAEAACcQAAAAEJ3o5FzNS7SOYktvxOVrTvNi2+mT8szDa6Yq9LCdkLeREXDJcKpPD2Rhk1uxF1kI3A==','OMRQJCI7Z6NUDVBADCWYXAM6ZSMFKZIY','8190955559',0,0,NULL,1,0,'surya@masonbrickmann.com','0f6fb9d1-6d58-4b24-9ba8-a727686e8d48','SURYA@MASONBRICKMANN.COM','SURYA@MASONBRICKMANN.COM','','2021-02-17 07:48:50',NULL,NULL,1,'Surya Photograpghy',NULL),(13,'pksteja@gmail.com',1,'AQAAAAEAACcQAAAAEBPWe/xlFmlJW/LGWr5fxdz6TbtIuOt8D8m0T0I+9cEDTkhhwH8G1ZS8lRI5Oh3KUQ==','LRRHAJRD22IZNWN3J45YHRW52GOEBZMY','8190955559',0,0,NULL,1,0,'pksteja@gmail.com','ec8ce98a-a73b-4808-90d6-12bd056c0da5','PKSTEJA@GMAIL.COM','PKSTEJA@GMAIL.COM','','2021-02-17 08:13:32',NULL,NULL,1,'Happy Faces',NULL),(14,'tsiva@gmail.com',1,'AQAAAAEAACcQAAAAEEI8N8irbsr1+EaXS5A17PXe9Xz1frQtq9qOOYpjTYfxLx9K1hJStdbjxexU2c7/YQ==','LBUWGB3YH55MLYRFA2JNPMVKW74VG7FP','9940232412',0,0,NULL,1,0,'tsiva@gmail.com','e44891e6-736d-4c9e-9461-8dc254c17243','TSIVA@GMAIL.COM','TSIVA@GMAIL.COM','','2021-02-17 10:31:57',NULL,NULL,1,'Test siva',NULL),(15,'madras@chennai.com',1,'AQAAAAEAACcQAAAAEMOzaOMUsnNVFbHIIwMtqM57r+W3WGBwDnY3838gknact2J2Dv2TPE2tA/SNfpAXMQ==','2KEI7YGJC6NIPNZBROWPK7D4UGBOKGLH','8190955559',0,0,NULL,1,0,'madras@chennai.com','6d57041b-895f-4912-89f6-ac533eba3bf7','MADRAS@CHENNAI.COM','MADRAS@CHENNAI.COM','','2021-02-17 10:46:25',NULL,NULL,1,'Ganya Studios',NULL),(16,'chennai@madras.com',1,'AQAAAAEAACcQAAAAEEWzNFodpsrlFGsnAILZSRp+frc1lLYdCcD4i031G9bvuaCFivFnDfak+0AhGlMGAw==','X2PLGW6LPLY2Q76DNOJFQNBDNHWASHGT','8190955559',0,0,NULL,1,0,'chennai@madras.com','5307f869-e005-4d44-85d1-ee0f522f9e91','CHENNAI@MADRAS.COM','CHENNAI@MADRAS.COM','','2021-02-17 10:49:10',NULL,NULL,1,'Surya',NULL),(17,'shahin@frameincam.com',1,'AQAAAAEAACcQAAAAEIluF2Bq2l3xDoRteNnh4VcwgApCFz1g2HN4YTlb10ti0OArJn9lKe2cv84cFTx1xw==','VEKV4KP6ZWQPYQRVZBQY7S5MWFYDIWNS','7274990999',0,0,NULL,1,0,'shahin@frameincam.com','a45b083b-c071-4eff-9aef-d24de542548c','SHAHIN@FRAMEINCAM.COM','SHAHIN@FRAMEINCAM.COM','','2021-02-17 13:30:19',NULL,NULL,1,'Shahin Photograpghy',NULL),(18,'acpm@gmail.com',1,'AQAAAAEAACcQAAAAEDPKsYKsBSbtVGZWuJJ0kHnrhwWUOxDon/RnJIX3QeZ8hY/HKo6sgBqMFC67GbRb0A==','YWOWK4GANKOSNG4QB36TPKP7O6KTSAXE','9823423423',0,0,NULL,1,0,'acpm@gmail.com','f980a78d-368e-4e9b-b12e-e8961beb6a95','ACPM@GMAIL.COM','ACPM@GMAIL.COM','','2021-02-17 13:54:42',NULL,NULL,1,'ACPM Studio Pvt Ltd',NULL),(19,'jay@abc.com',1,'AQAAAAEAACcQAAAAEOVLG2atsqV3JxnnLEbYjsyGHHVCDDx9BLjN9+4c9ywsgOVFFHtEjMbkcmAez2XnJQ==','PPSQY3V2ZMTQ6OYKAUVEOA4K4LSLWFLD','8190955559',0,0,NULL,1,0,'jay@abc.com','b7404766-9d5f-4777-9027-cde29ef012e7','JAY@ABC.COM','JAY@ABC.COM','','2021-02-19 12:44:01',NULL,NULL,1,'Jay Studios',NULL),(20,'sivasuriyaprakash@gmail.com',1,'AQAAAAEAACcQAAAAED/yCckxKNWIJ2fQ6MU7dVPRvsQsScTmgIYB166flSP6JYWECO4zL1BN7voeMzpsYw==','VIBCVMRS6ZFYY4BZSYEHCHCOMLTRZWUE','8056322836',0,0,NULL,1,0,'sivasuriyaprakash@gmail.com','9a93398b-3346-4053-a837-fe1b714a2304','SIVASURIYAPRAKASH@GMAIL.COM','SIVASURIYAPRAKASH@GMAIL.COM','','2021-03-06 09:13:04',NULL,NULL,1,'Mazeworks Enterprises',NULL),(21,'mark@gmail.com',1,'AQAAAAEAACcQAAAAEL3vHHnwdILYb8TNJ8z6hWILlQ4/hBX3hnEwYKDgQPVlw9V36ATrwRoE3vH8EWaLwA==','DGE5CZ4BS7YJSC3YSPXMJUS3SY7LNZIV','8056322836',0,0,NULL,1,0,'mark@gmail.com','bff819b7-7c90-4c1f-9369-6b16820a1bfb','MARK@GMAIL.COM','MARK@GMAIL.COM','','2021-03-07 13:53:58',NULL,NULL,1,'Mark Murugan Photography',NULL),(22,'ksspam43@gmail.com',1,'AQAAAAEAACcQAAAAELZpfuQAHvGV66sDTub3hFCW5GvHE4sy7gVnoo2Dsrrm9zG1j19MnW4+e2sPtVUmnw==','Q3XNHV663KA6RQY5NKKSPIXBYINE4ADI','9362935971',0,0,NULL,1,0,'ksspam43@gmail.com','8f128af1-faf6-4f0b-a734-427726c3245c','KSSPAM43@GMAIL.COM','KSSPAM43@GMAIL.COM','','2021-03-09 06:22:42',NULL,NULL,1,'Siva Suriya Prakash',NULL),(23,'nprabhu@mazeworkssolutions.com',1,'AQAAAAEAACcQAAAAEDcV3L7wXvycxGgJMiPyK1zyVdCWizH8AiUgnFElpnfwnQ/Iw9JOiLZ4lHZWflJJ4A==','6YTJVR5IX74UTL5TZLCTE5EZI2QNHAB2','8056322837',0,0,NULL,1,0,'nprabhu@mazeworkssolutions.com','7ab76c82-37d8-479d-9c46-30f66cfb30fc','NPRABHU@MAZEWORKSSOLUTIONS.COM','NPRABHU@MAZEWORKSSOLUTIONS.COM','','2021-03-09 06:24:05',NULL,NULL,1,'Greenx Organics',NULL),(24,'suriyaprakash@mazeworkssolutions.com',1,'AQAAAAEAACcQAAAAEIUuzoUUybqeFhL45JNHAHJOp1FnjjrUaelVI1lmgTNHT9R/XnX1BXwXJEnDXsP9jQ==','SHTE7EK7TVYVS7HGWFEWIWTW4IJXXDR5','8056322836',0,0,NULL,1,0,'suriyaprakash@mazeworkssolutions.com','358ebf86-648d-4f76-b8ca-6dece6a716a4','SURIYAPRAKASH@MAZEWORKSSOLUTIONS.COM','SURIYAPRAKASH@MAZEWORKSSOLUTIONS.COM','','2021-03-10 11:09:59',NULL,NULL,1,'Suriya Flims',NULL),(25,'sivasuriyaprakash@photonmail.com',1,'AQAAAAEAACcQAAAAELBBw6TanBmLpTwJa2B9886Qr/UOnZOjfOkJ2YJMJsYmI5j5APGjfYJRDpGKRalkvw==','UV5MDCARYK2TI5WJK6VHUSHPWAJCIVLW','8190918290',0,0,NULL,1,0,'sivasuriyaprakash@photonmail.com','7108b63a-5fb3-4700-bc7a-bc9fbab59a84','SIVASURIYAPRAKASH@PHOTONMAIL.COM','SIVASURIYAPRAKASH@PHOTONMAIL.COM','','2021-04-01 18:58:58',NULL,NULL,1,'K Siva Suriya Prakash',NULL),(26,'mkchins831@gmail.com',1,'AQAAAAEAACcQAAAAEGz5GUM8Y2UHo3yQElMcg72CNvKzFaiVOUK/6HRlrPXxZqUYVxSKNnO+fsFH1KYtrw==','SRM5KUVYGNG5CETU7BFA3NRJDUWY4ESM','8056322837',0,0,NULL,1,0,'mkchins831@gmail.com','ce3d745a-81a0-4e0e-ab08-1aab10dddc3e','MKCHINS831@GMAIL.COM','MKCHINS831@GMAIL.COM','','2021-04-01 19:17:30',NULL,NULL,1,'Perseverance Space Photography',NULL),(27,'sivasuriyaprakash@outlook.com',1,'AQAAAAEAACcQAAAAEH0FCli8MmfZ2SvfKY+eYLVbwg9v0dSg8u1BzvokWf2Qo9k2oYRsa1t29R1g3WN3+w==','BSUWW3RNQCGDY7N6KCQM3GCQS2RYHPOG','8190918298',0,0,NULL,1,0,'sivasuriyaprakash@outlook.com','edbba4b9-6e17-4a00-8499-f73fc3750035','SIVASURIYAPRAKASH@OUTLOOK.COM','SIVASURIYAPRAKASH@OUTLOOK.COM','','2021-04-01 19:25:36',NULL,NULL,1,'K Siva Suriya Prakash',NULL),(28,'sakthi@mazeworkssolutions.com',1,'AQAAAAEAACcQAAAAEMhI0Ez3k9bJF/c7P+G54lMqC8Y1ECyJz3dWxOjlfKBuKoL4kxZqJgPOxhPrIfkukw==','URGYYSJSNV3UFCUKTB73NJ35SRD5YHMK','8056322840',0,0,NULL,1,0,'sakthi@mazeworkssolutions.com','7803894c-9a16-48cf-bf91-728d1288a23b','SAKTHI@MAZEWORKSSOLUTIONS.COM','SAKTHI@MAZEWORKSSOLUTIONS.COM','','2021-04-01 19:43:26',NULL,NULL,1,'Sakthi Photography',NULL),(29,'ksspam43@yahoo.com',1,'AQAAAAEAACcQAAAAEGGQ1q8rHPhwROrGF6TWf7jiB5LUSCOs7TQC3oSK3ZgRnHhbye9LO1RICVp1dduL3A==','NWJKIYAY6MJ7SKIOGFB6WPNQSJRQ6BVK','8190918391',0,0,NULL,1,0,'ksspam43@yahoo.com','464e242b-5e27-44b8-852c-2c09bd4c5e9a','KSSPAM43@YAHOO.COM','KSSPAM43@YAHOO.COM','','2021-04-01 19:48:28',NULL,NULL,1,'Fermi Paradox Photography',NULL),(30,'einstein@gmail.com',1,'AQAAAAEAACcQAAAAEIQRL30ujaVvdUlj0QDPj8P8Hb1apg9AJ1pwQ9J3IBdsA/6RHoUfvB7eCHPgSubBbw==','J6NKH3FWY2IHQSY7VBKD5BOXKQVNDZRQ','8190918294',0,0,NULL,1,0,'einstein@gmail.com','134817f4-6f24-4102-aea1-3f944fc448ec','EINSTEIN@GMAIL.COM','EINSTEIN@GMAIL.COM','','2021-04-01 19:50:43',NULL,NULL,1,'Einstein Photography',NULL),(31,'seeman@gmail.com',1,'AQAAAAEAACcQAAAAEHeEbtD4QEJAQxCtaQcq8OGHDypyibDIsf+cjGwU7XjAKmSacCc5hsY6h5ZeL9K2Sw==','CFNLSEXN3FWSK7Z2GMBGPNAJPITUJIM2','8056322876',0,0,NULL,1,0,'seeman@gmail.com','e5903067-a700-4d2c-83ed-35d774df72e4','SEEMAN@GMAIL.COM','SEEMAN@GMAIL.COM','','2021-04-01 20:02:24',NULL,NULL,1,'Seeman',NULL),(32,'iyyakannu@yahoo.com',1,'AQAAAAEAACcQAAAAECkF3wksKlcQrTD/hWDBEwjZYAwS0H7JaTmkhg6phgi3RyY0UMmTlOjrQxoj0N4pJQ==','ROXWTYQJDXGXR4I6FLFZZJQXOV6DGMAA','8190918297',0,0,NULL,1,0,'iyyakannu@yahoo.com','ed87cb24-9611-4478-833f-03d13e39bdc3','IYYAKANNU@YAHOO.COM','IYYAKANNU@YAHOO.COM','','2021-04-01 20:08:21',NULL,NULL,1,'Iyya Kannu Photography',NULL),(33,'sivasuriyaprakash@protonmail.com',1,'AQAAAAEAACcQAAAAEFacWEhAIZqdaeWcU2dOOoQ3n1uvnQBklfFbdm25B0FcDZyGRGC1abP2PbFh9zgJig==','YXIPPQ2OVV6VQB35I6JMMVF7I4YMVTTZ','8190918276',0,0,NULL,1,0,'sivasuriyaprakash@protonmail.com','4c232eda-efd0-42b3-9705-be93b0d348f3','SIVASURIYAPRAKASH@PROTONMAIL.COM','SIVASURIYAPRAKASH@PROTONMAIL.COM','','2021-04-02 04:50:43',NULL,NULL,1,'K Siva Suriya Prakash',NULL),(34,'shahin1231231@frameincam.com',1,'AQAAAAEAACcQAAAAEDomnL6Vk9EIzNo5VYigjoYATExGAOdySrOzBYIzljDKd3JJv5DeL5dLQyemKyG/sQ==','RB2AMTKDEFZC2LMNXQP7NVGSSKSBQDBF','8056322827',0,0,NULL,1,0,'shahin1231231@frameincam.com','8b0f2379-5a1b-47b0-b70b-30825c05f0eb','SHAHIN1231231@FRAMEINCAM.COM','SHAHIN1231231@FRAMEINCAM.COM','','2021-04-05 05:57:43',NULL,NULL,1,'Suriya Flims',NULL),(35,'shahin213213213@frameincam.com',1,'AQAAAAEAACcQAAAAEH9mZdYGXdvBvIormduyO6Qgu01YzSszbcmuhX6loBk3dDbj9IC9f2HBVIPXlPt1jg==','D47DVUT4JQ2LF37URCJ7C2FIAIR4W4Z7','8056322827',0,0,NULL,1,0,'shahin213213213@frameincam.com','0bf5ecdf-b518-43a5-8c57-adf36441e009','SHAHIN213213213@FRAMEINCAM.COM','SHAHIN213213213@FRAMEINCAM.COM','','2021-04-05 06:02:01',NULL,NULL,1,'Suriya Flims',NULL),(36,'shahin1231232@frameincam.com',1,'AQAAAAEAACcQAAAAEA5zlbTb0G3SSgHErv3nHa22IBt/AXJOzAWAnfJydoF7E7bdgKbL3Ed9iD0bV9hRDg==','UHXTKSBXWKXB47WQHBM344IY23YKRBJM','8056322827',0,0,NULL,1,0,'shahin1231232@frameincam.com','3feecceb-8af0-4006-89f6-410890385a74','SHAHIN1231232@FRAMEINCAM.COM','SHAHIN1231232@FRAMEINCAM.COM','','2021-04-05 06:13:56',NULL,NULL,1,'Suriya Flims',NULL),(37,'mkchins832@gmail.com',1,'AQAAAAEAACcQAAAAEN0jiIdijWxLILckKAXWTzxPuCeNXkXWjbqJJIyu2jTodK+IBB51CPe+9ZsOScCPWQ==','UZHMLFQHD4M26ETQMB2VSBENNI6LG7YI','9873452341',0,0,NULL,1,0,'mkchins832@gmail.com','d709dd83-3b3b-4904-b89d-907425f28ba2','MKCHINS832@GMAIL.COM','MKCHINS832@GMAIL.COM','','2021-04-05 07:02:07',NULL,NULL,1,'Chinna Thambi Photography',NULL),(38,'moonphotography@gmail.com',1,'AQAAAAEAACcQAAAAECXqRq3yaJOWdnbMGsRBzHSPBoPBFjt7mK+/JK8DW7cDLKEUadiU11WaUl9UydKTZg==','YBS5E4UOCFH6LUQCG327QAWRQEHPQHPY','8056322007',0,0,NULL,1,0,'moonphotography@gmail.com','ed5a4aec-7f64-4267-9176-f02dd92e46e1','MOONPHOTOGRAPHY@GMAIL.COM','MOONPHOTOGRAPHY@GMAIL.COM','','2021-04-05 07:07:53',NULL,NULL,1,'Moon Photography',NULL),(39,'coo@greenxorganics.in',1,'AQAAAAEAACcQAAAAEPDgeLVWWHEtEZhLqvbGoulipNAKyqOWdiIiXU8edG/yMVqm2WZL57odlvo/6oM4qw==','VYBNJKPG7W6XAGY3KDHQQDJLDLU5SPYR','80563228223',0,0,NULL,1,0,'coo@greenxorganics.in','63f21c08-fd26-489f-8b7f-170123d30698','COO@GREENXORGANICS.IN','COO@GREENXORGANICS.IN','','2021-04-05 07:54:07',NULL,NULL,1,'Greenx Poster',NULL),(40,'sasi@gmail.com',1,'AQAAAAEAACcQAAAAEHaaJTntKgsPokyeEDZqkIynYJaKfg4AgwC+yt+4tFot3AywOhJ53sLIWga/wkNryg==','KF3MNTE7ZZ3ITYNDFD56QZNSBAGLPYXT','8190918223',0,0,NULL,1,0,'sasi@gmail.com','44757afc-7291-40e0-be30-50bbea7554cc','SASI@GMAIL.COM','SASI@GMAIL.COM','','2021-04-05 07:56:58',NULL,NULL,1,'Sasi Enterprises',NULL),(41,'sakthirajan@gmail.com',1,'AQAAAAEAACcQAAAAEMH+ydPFjgrRsmQtxiJvbBIhpfPMY1KN6mOMx486VGl1r2H/nKysBIYbnA9bJaRdIw==','HUJ6IZLZV6GIR64FJSHQBUAED4UFKYUB','8190918232',0,0,NULL,1,0,'sakthirajan@gmail.com','722195a4-c23a-4f3c-a1f3-1309f7efea05','SAKTHIRAJAN@GMAIL.COM','SAKTHIRAJAN@GMAIL.COM','','2021-04-05 11:21:24',NULL,NULL,1,'Sakthi Rajan Photography',NULL),(42,'sakthirajan1@gmail.com',1,'AQAAAAEAACcQAAAAEFBZ2SzWX7Qedw082oh3vPlPMkrBixGtTt2o13YVqpwCIVQbresu8ljTIC+iSRtgwQ==','DLH7GYACBBACESWPLZKHAEJ76GAC3QQ7','8190918220',0,0,NULL,1,0,'sakthirajan1@gmail.com','f54747c4-34c6-42a0-833e-01b06a0516c7','SAKTHIRAJAN1@GMAIL.COM','SAKTHIRAJAN1@GMAIL.COM','','2021-04-05 11:25:01',NULL,NULL,1,'Niyas Photography',NULL),(43,'sakthirajan@mazeworkssolutions.com',1,'AQAAAAEAACcQAAAAELdWWtt6D3zxVsdOtZh0Oy+Y4bb51dM3wq+DYSZ6PpS3j+iXfxfFHGiAnsVLURfoHA==','5JMND55LFAZYMOPH6TBDIGUIZDTWD6GA','8190918232',0,0,NULL,1,0,'sakthirajan@mazeworkssolutions.com','c0fb6d0b-ef0a-49d1-a896-d878e5ed9261','SAKTHIRAJAN@MAZEWORKSSOLUTIONS.COM','SAKTHIRAJAN@MAZEWORKSSOLUTIONS.COM','','2021-04-05 11:39:46',NULL,NULL,1,'Sakthi Rajan Photography',NULL),(44,'shahin12345@frameincam.com',1,'AQAAAAEAACcQAAAAEKqZr4QoN6Cp0mGDUfsW9C+yHgAsWg19zm9Pj1JJIf5yuLf6ACTiWlSCOtkJG0u5aw==','X563LEYAAXY2D4OTJQHEYIZIUK5ZFSPL','8190918233',0,0,NULL,1,0,'shahin12345@frameincam.com','daa521ac-fa66-4075-9441-d5ff4a95f291','SHAHIN12345@FRAMEINCAM.COM','SHAHIN12345@FRAMEINCAM.COM','','2021-04-05 11:51:24',NULL,NULL,1,'Perseverance Space Photography',NULL),(45,'suriyaprakash@mailinator.com',1,'AQAAAAEAACcQAAAAEJni+/JUQaq+gdFVw/bLqeZr+O9tnDiWUBU/VRhywi/ib43Q3G2slPZxJ9Gx76R06w==','WQTGTVM2NUAIMSOLHWPUKCEJD7V56IFU','8190918294',0,0,NULL,1,0,'suriyaprakash@mailinator.com','3a7a212a-1e38-4656-b330-63e01788f84f','SURIYAPRAKASH@MAILINATOR.COM','SURIYAPRAKASH@MAILINATOR.COM','','2021-04-05 13:28:39',NULL,NULL,1,'Prem Studios',NULL),(46,'hdheerajkhanna@mailinator.com',1,'AQAAAAEAACcQAAAAEMV/ezdPVVD/+YgfQo00HMPyY4tj+1tT0u0MM+lxBDgFvf9npQqE/pL6c+57xdsf9w==','GW4QEN7QGNABDS3XDMKACYLY6BQ4DRHF','8190918212',0,0,NULL,1,0,'hdheerajkhanna@mailinator.com','cb049d0c-97bb-4834-8ed8-aa133a129c10','HDHEERAJKHANNA@MAILINATOR.COM','HDHEERAJKHANNA@MAILINATOR.COM','','2021-04-14 11:30:41',NULL,NULL,1,'Dheeraj Khanna H',NULL),(47,'gpraveenkumar@mailinator.com',0,'AQAAAAEAACcQAAAAEKmBu6yQ0nCtyHGV5Uwv44KD9PqYG2c+tXDG8lqvhwTK0UjGZGr3JXkEAkAagG0LoA==','KA3U6TNQCWJKAPJAEULE6I2FTEDEMZSG','8056322839',0,0,NULL,1,0,'gpraveenkumar@mailinator.com','e996a246-ab0b-42fb-a5d2-38884febf09a','GPRAVEENKUMAR@MAILINATOR.COM','GPRAVEENKUMAR@MAILINATOR.COM','','2021-04-14 13:02:11',NULL,NULL,1,'G Praveen Kumar',NULL),(48,'gparamaguru@mailinator.com',0,'AQAAAAEAACcQAAAAECsKnyreBbGk5aU4kgMNis1T/FvMEN2n8+k0bWXcJNHLvtWcK+7u4hHgLbbSCD0zHw==','4Q4XGJI2HD5FKVLKK2GF5H2W3HPJF2XT','8190918212',0,0,NULL,1,0,'gparamaguru@mailinator.com','8b5f750f-2aa2-4d6c-9826-0518ca759a9b','GPARAMAGURU@MAILINATOR.COM','GPARAMAGURU@MAILINATOR.COM','','2021-04-14 13:07:39',NULL,NULL,1,'G Parama Guru',NULL),(49,'chinnathambi@mailinator.com',1,'AQAAAAEAACcQAAAAENDRtcIkMpm4wEQKUUGEa7Gt61htiWwCa5a8LFRa9/mMIqUC/1gqP9BHZqTnVmiAlA==','WXF572Y7TZUCS7FUQKVLFLSF2U43QSMK','8190918213',0,0,NULL,1,0,'chinnathambi@mailinator.com','989c8172-c5ea-419a-808a-8504fd4e116d','CHINNATHAMBI@MAILINATOR.COM','CHINNATHAMBI@MAILINATOR.COM','','2021-04-14 13:19:39',NULL,NULL,1,'ChinnaThambi',NULL),(50,'suyambu@mailinator.com',0,'AQAAAAEAACcQAAAAEH8ueo7u0C2pDiWA0za4V86lGywGYLMKyuP37ean/EwLMS2sa1bIOzUtoUHEWbFSGQ==','OGJZEJI53ALBGRJ7BF5YWDRRNW2BKB3X','8056322823',0,0,NULL,1,0,'suyambu@mailinator.com','792c52cd-c2c7-4bb1-b295-5b6890bbce5e','SUYAMBU@MAILINATOR.COM','SUYAMBU@MAILINATOR.COM','','2021-04-14 13:48:52',NULL,NULL,1,'Suyambu',NULL),(51,'jeyanthkumar@mailinator.com',1,'AQAAAAEAACcQAAAAEK+9kq1vCRtBzvhYNp/FjCi7wvj11shAz7Xe1opDVi0+tDDStiiP3xaCI+/c/CNtLw==','ZG6OCFEC3B2QMZFRGKTUHMGXEC4NELP5','8056322837',0,0,NULL,1,0,'jeyanthkumar@mailinator.com','fa4cfad8-6429-4d8f-910e-21f58208fb87','JEYANTHKUMAR@MAILINATOR.COM','JEYANTHKUMAR@MAILINATOR.COM','','2021-04-22 10:48:02',NULL,NULL,1,'Jeyanth Kumar',NULL),(52,'rambabu@mailinator.com',1,'AQAAAAEAACcQAAAAEFdizgiR7Ghuo2ZOEhUVDKqkRxaZwbQZ7gNyvl6fwiMGRcCYwTdP0sS8WnyUmOxL6Q==','OKIPPM2HMSK2NVQQW4SO2YX2OSBCKXHS','8190918223',0,0,NULL,1,0,'rambabu@mailinator.com','221e6524-745f-44ba-bab5-f4c1ed2dc2ad','RAMBABU@MAILINATOR.COM','RAMBABU@MAILINATOR.COM','','2021-04-22 11:18:20',NULL,NULL,1,'Rambabu',NULL),(53,'fermi@mailinator.com',1,'AQAAAAEAACcQAAAAEJYyuir91Qu/DfQ/g869ezJhoYiaYzQPSxuttd7Q6H4H11yyRFOKqjtKN1J3eq7AgQ==','3TU5GFQYI6AHLUHZNOUQNXXF65WNZLJ5','8190918303',0,0,NULL,1,0,'fermi@mailinator.com','a1c64fce-fb60-4f03-be53-704a1d6c52ed','FERMI@MAILINATOR.COM','FERMI@MAILINATOR.COM','','2021-04-23 07:23:01',NULL,NULL,1,'Star Gazer Suriya',NULL),(54,'fermiparadox@mailinator.com',0,'AQAAAAEAACcQAAAAEKv8UNVxfV2+dKyeqh/3jAh1mFJV1NRI6Sbu2Jmp1AtGxpfyvdgSY+puhnsf2rNOEA==','OQYX3L5BVLSFNG6AUXP2DRXKH65XBXPO','9362935971',0,0,NULL,1,0,'fermiparadox@mailinator.com','61033b77-abc4-4078-b373-a41c8aeb91dd','FERMIPARADOX@MAILINATOR.COM','FERMIPARADOX@MAILINATOR.COM','','2021-04-23 08:41:04',NULL,NULL,1,'Space Photography',NULL),(55,'markmurugan@mailinator.com',0,'AQAAAAEAACcQAAAAEN5XOAxS6siQynVkR6MhB44b52aFi9MQW7eixClvPPwDXc5rCjt/lMJDWRaCRIbjfg==','NF6FUHB4FS7TYQ2IQMBANJGH6SMMAB6V','9362935971',0,0,NULL,1,0,'markmurugan@mailinator.com','d7720c47-7be7-4eb2-a115-3121be232d5d','MARKMURUGAN@MAILINATOR.COM','MARKMURUGAN@MAILINATOR.COM','','2021-04-23 16:52:46',NULL,NULL,1,'Passion Space Photography',NULL),(56,'praveenkumar@mailinator.com',1,'AQAAAAEAACcQAAAAEGsCf089mOPa/LrF+Hy453xm7C4YHOk1m/7wcakvCcqhTURky21r1vYloyLZ2XlCzQ==','3IDYIMQXGUFOG4LG256MUXBPKHS5WAHK','9362935972',0,0,NULL,1,0,'praveenkumar@mailinator.com','5631a0e4-3609-440c-a4b6-7b11a15adc76','PRAVEENKUMAR@MAILINATOR.COM','PRAVEENKUMAR@MAILINATOR.COM','','2021-04-23 16:58:49',NULL,NULL,1,'Praveen Space Photography',NULL),(57,'earthsky@mailinator.com',1,'AQAAAAEAACcQAAAAENDl6euBsq/a8K2s0BHc8QSlfGtjBL/ZgpFHWVxUipE5BB4hX6mo4jpkumkFvsUpLA==','HIWQGBRBZU6AXIKNTGCD5SZRET7PRMPS','8056322324',0,0,NULL,1,0,'earthsky@mailinator.com','be899d3b-2803-4c42-a593-6cf67fbdab07','EARTHSKY@MAILINATOR.COM','EARTHSKY@MAILINATOR.COM','','2021-04-28 15:15:57',NULL,NULL,1,'Earth Sky Community',NULL),(58,'testframeincam2021@mailinator.com',0,'AQAAAAEAACcQAAAAEI7N6eduigDFHQlp5hj2XR9l/QKAZ2fvsR98rmE0nTQS86hgS3rP1EqfO3ZF/htBAA==','X7MHU3YPD4ATYDGU7H5PUSWOD5SUB3M7','8056322836',0,0,NULL,1,0,'testframeincam2021@mailinator.com','ebd8892f-14c7-4b2e-a72b-e075129ea45f','TESTFRAMEINCAM2021@MAILINATOR.COM','TESTFRAMEINCAM2021@MAILINATOR.COM','','2021-04-29 16:12:43',NULL,NULL,1,'Test FrameInCam',NULL),(59,'testframeincam2022@mailinator.com',0,'AQAAAAEAACcQAAAAEIBxUWMpL+odpHPvRCpMUIyTzdZslNco7lUbSqpBHM7ldmZ3vy2hd6B8E7zwVJFmqQ==','DU7VEHHKOGZNATXQQRNZQ46SE4UNAUCW','8056322836',0,0,NULL,1,0,'testframeincam2022@mailinator.com','06a6dba6-833c-4871-9b4c-227931595938','TESTFRAMEINCAM2022@MAILINATOR.COM','TESTFRAMEINCAM2022@MAILINATOR.COM','','2021-04-29 16:15:49',NULL,NULL,1,'Test FrameInCam',NULL),(60,'testframeincam2023@mailinator.com',0,'AQAAAAEAACcQAAAAEAo6XPxueVKk/6rd9w+xjYvezZNkl+1/WVomP4ku1qOqf/lEg4oa1hbvttxLk93w2Q==','YPQ55H4YXNII37GY6Z7YXCDWC6SLT3BZ','8056322836',0,0,NULL,1,0,'testframeincam2023@mailinator.com','7318fec3-955d-47bb-b3ac-04c57716c17f','TESTFRAMEINCAM2023@MAILINATOR.COM','TESTFRAMEINCAM2023@MAILINATOR.COM','','2021-04-29 16:17:55',NULL,NULL,1,'Test FrameInCam',NULL),(61,'manimaran@mailinator.com',0,'AQAAAAEAACcQAAAAEMVWOF0XZmJsbAQM1BJxLsXyIylkgbAH2bPk/cN+eBH57feyFAUEO4meFTvoTbLv0A==','ZZGGHT5STYPXO55JH6M3PINNSHE4OVEL','8056322836',0,0,NULL,1,0,'manimaran@mailinator.com','696846fc-cc0d-436e-bc61-6178c2503a9d','MANIMARAN@MAILINATOR.COM','MANIMARAN@MAILINATOR.COM','','2021-04-29 16:55:00',NULL,NULL,1,'ManiMaran Studio',NULL),(62,'suriyateja@mailinator.com',0,'AQAAAAEAACcQAAAAEJzqp40IxHQx4OFEW7nO+8DQVVPT40QJ9f1Ov9R3R5OjSaBTyZyjreL7EPcnXNAj7w==','WQYMFHUREMJIVKLHQQBVXY3ZSIONOBCC','8056322836',0,0,NULL,1,0,'suriyateja@mailinator.com','d62c911d-4bd2-4f61-8f29-064eb0122cdc','SURIYATEJA@MAILINATOR.COM','SURIYATEJA@MAILINATOR.COM','','2021-04-29 17:35:56',NULL,NULL,1,'Suriya Teja',NULL);
/*!40000 ALTER TABLE `aspnetusers` ENABLE KEYS */;
UNLOCK TABLES;

--
-- Table structure for table `config_role`
--

DROP TABLE IF EXISTS `config_role`;
/*!40101 SET @saved_cs_client     = @@character_set_client */;
/*!40101 SET character_set_client = utf8 */;
CREATE TABLE `config_role` (
  `Id` int(11) NOT NULL AUTO_INCREMENT,
  `Name` varchar(100) NOT NULL,
  `Type` varchar(50) NOT NULL,
  `Isactive` smallint(6) NOT NULL DEFAULT 1,
  `NormalizedName` varchar(250) DEFAULT NULL,
  `ConcurrencyStamp` varchar(250) DEFAULT NULL,
  `created_by` varchar(100) DEFAULT NULL,
  `created_date` datetime DEFAULT NULL,
  `updated_by` varchar(100) DEFAULT NULL,
  `updated_date` datetime DEFAULT NULL,
  PRIMARY KEY (`Id`)
) ENGINE=InnoDB AUTO_INCREMENT=4 DEFAULT CHARSET=utf8;
/*!40101 SET character_set_client = @saved_cs_client */;

--
-- Dumping data for table `config_role`
--

LOCK TABLES `config_role` WRITE;
/*!40000 ALTER TABLE `config_role` DISABLE KEYS */;
INSERT INTO `config_role` VALUES (1,'Vendor','',1,NULL,NULL,NULL,'2021-01-23 07:11:59',NULL,NULL),(2,'Customer','',1,NULL,NULL,NULL,'2021-02-09 09:56:50',NULL,NULL),(3,'SecondShooter','',1,NULL,NULL,NULL,'2021-04-12 13:10:50',NULL,NULL);
/*!40000 ALTER TABLE `config_role` ENABLE KEYS */;
UNLOCK TABLES;

--
-- Table structure for table `config_user`
--

DROP TABLE IF EXISTS `config_user`;
/*!40101 SET @saved_cs_client     = @@character_set_client */;
/*!40101 SET character_set_client = utf8 */;
CREATE TABLE `config_user` (
  `Id` int(11) NOT NULL AUTO_INCREMENT,
  `Name` varchar(100) DEFAULT NULL,
  `Email` varchar(150) NOT NULL,
  `Password` varchar(100) NOT NULL,
  `Isactive` smallint(6) NOT NULL DEFAULT 1,
  `LockoutEnd` timestamp NULL DEFAULT NULL,
  `TwoFactorEnabled` smallint(6) DEFAULT 0,
  `PhoneNumberConfirmed` smallint(6) DEFAULT 0,
  `PhoneNumber` varchar(150) DEFAULT NULL,
  `ConcurrencyStamp` varchar(250) DEFAULT NULL,
  `SecurityStamp` varchar(250) DEFAULT NULL,
  `PasswordHash` varchar(250) DEFAULT NULL,
  `EmailConfirmed` smallint(6) DEFAULT 0,
  `NormalizedEmail` varchar(150) DEFAULT NULL,
  `NormalizedUserName` varchar(250) DEFAULT NULL,
  `UserName` varchar(250) DEFAULT NULL,
  `LockoutEnabled` smallint(6) DEFAULT 0,
  `AccessFailedCount` int(11) DEFAULT NULL,
  `created_by` varchar(100) DEFAULT NULL,
  `created_date` datetime DEFAULT NULL,
  `updated_by` varchar(100) DEFAULT NULL,
  `updated_date` datetime DEFAULT NULL,
  PRIMARY KEY (`Id`)
) ENGINE=InnoDB DEFAULT CHARSET=utf8;
/*!40101 SET character_set_client = @saved_cs_client */;

--
-- Dumping data for table `config_user`
--

LOCK TABLES `config_user` WRITE;
/*!40000 ALTER TABLE `config_user` DISABLE KEYS */;
/*!40000 ALTER TABLE `config_user` ENABLE KEYS */;
UNLOCK TABLES;

--
-- Table structure for table `config_user_roles`
--

DROP TABLE IF EXISTS `config_user_roles`;
/*!40101 SET @saved_cs_client     = @@character_set_client */;
/*!40101 SET character_set_client = utf8 */;
CREATE TABLE `config_user_roles` (
  `id` int(11) NOT NULL AUTO_INCREMENT,
  `user_id` int(11) NOT NULL,
  `role_id` int(11) NOT NULL,
  PRIMARY KEY (`id`)
) ENGINE=InnoDB AUTO_INCREMENT=61 DEFAULT CHARSET=utf8;
/*!40101 SET character_set_client = @saved_cs_client */;

--
-- Dumping data for table `config_user_roles`
--

LOCK TABLES `config_user_roles` WRITE;
/*!40000 ALTER TABLE `config_user_roles` DISABLE KEYS */;
INSERT INTO `config_user_roles` VALUES (1,1,1),(2,2,1),(3,3,1),(4,4,1),(5,5,1),(6,6,1),(7,7,2),(8,8,2),(9,9,1),(10,10,1),(11,11,1),(12,12,1),(13,13,1),(14,14,1),(15,15,1),(16,16,2),(17,17,1),(18,18,1),(19,19,1),(20,20,1),(21,21,2),(22,22,2),(23,23,1),(24,24,1),(25,25,2),(26,26,1),(27,27,2),(28,28,1),(29,29,1),(30,30,1),(31,31,1),(32,32,1),(33,33,3),(34,34,2),(35,35,2),(36,36,2),(37,37,1),(38,38,1),(39,39,2),(40,40,1),(41,43,1),(42,44,2),(43,45,1),(44,46,1),(45,47,1),(46,48,1),(47,49,3),(48,50,1),(49,51,1),(50,52,3),(51,53,2),(52,54,1),(53,55,1),(54,56,1),(55,57,1),(56,58,1),(57,59,1),(58,60,1),(59,61,1),(60,62,1);
/*!40000 ALTER TABLE `config_user_roles` ENABLE KEYS */;
UNLOCK TABLES;

--
-- Table structure for table `master_customer`
--

DROP TABLE IF EXISTS `master_customer`;
/*!40101 SET @saved_cs_client     = @@character_set_client */;
/*!40101 SET character_set_client = utf8 */;
CREATE TABLE `master_customer` (
  `id` int(11) NOT NULL AUTO_INCREMENT,
  `code` int(11) NOT NULL,
  `name` varchar(250) NOT NULL,
  `email` varchar(300) CHARACTER SET utf8 NOT NULL,
  `mobile` varchar(15) NOT NULL,
  `alternate_mobile` varchar(15) DEFAULT NULL,
  `pincode` varchar(50) DEFAULT NULL,
  `address_line_1` varchar(250) CHARACTER SET utf8 DEFAULT NULL,
  `address_line_2` varchar(250) CHARACTER SET utf8 DEFAULT NULL,
  `city_geo_id` int(11) DEFAULT NULL,
  `city` varchar(250) CHARACTER SET utf8 DEFAULT NULL,
  `state_geo_id` int(11) DEFAULT NULL,
  `state` varchar(250) CHARACTER SET utf8 DEFAULT NULL,
  `created_by` varchar(100) CHARACTER SET utf8 DEFAULT NULL,
  `created_date` datetime DEFAULT NULL,
  `updated_by` varchar(100) CHARACTER SET utf8 DEFAULT NULL,
  `updated_date` datetime DEFAULT NULL,
  `is_active` tinyint(4) DEFAULT NULL,
  PRIMARY KEY (`id`)
) ENGINE=InnoDB AUTO_INCREMENT=32 DEFAULT CHARSET=latin1;
/*!40101 SET character_set_client = @saved_cs_client */;

--
-- Dumping data for table `master_customer`
--

LOCK TABLES `master_customer` WRITE;
/*!40000 ALTER TABLE `master_customer` DISABLE KEYS */;
INSERT INTO `master_customer` VALUES (1,1,'Sivaprasath','thilsivaprasath@hotmail.com','9940232412',NULL,NULL,NULL,NULL,42,'Chennai',33,NULL,'siva.envision@gmail.com','2021-01-29 21:15:56',NULL,NULL,1),(2,1,'Iyyankannu','Dhanvanth@gmail.com','2342344',NULL,'625014','Add1','Add2',52,'Madurai',33,NULL,'iyyan@gmail.com','2021-01-31 09:33:08',NULL,NULL,1),(3,1,'Ramkumar','ram@gmail.com','233423423',NULL,'2424','Add1','add2',52,'Madurai',33,NULL,'iyyan@gmail.com','2021-01-31 10:28:30',NULL,NULL,1),(4,1,'Guna','guna123@gamil.com','234234',NULL,'22345','Add1','Add2',52,'Madurai',33,NULL,'iyyan@gmail.com','2021-01-31 16:16:35',NULL,NULL,1),(5,0,'Siva','siva@hotmail.com','9999999999',NULL,NULL,NULL,NULL,0,NULL,0,NULL,NULL,'2021-02-09 09:56:50',NULL,NULL,0),(6,0,'Prasath','sivaprasath@gmail.com','99123123123',NULL,NULL,NULL,NULL,0,NULL,0,NULL,NULL,'2021-02-11 15:14:10',NULL,NULL,0),(7,1,'SubbuRaj','subbu@gmail.com','9827342344',NULL,'623423','4, Ram nagar, KK Nagar,','West Chennai',0,'Chennai',NULL,NULL,'iyyan@gmail.com','2021-02-14 11:39:42',NULL,NULL,1),(8,1,'Test Project','test@gmail.com','234234234','23423423','234','ad1','ad2',0,'city2',NULL,NULL,'iyyan@gmail.com','2021-02-14 11:48:31',NULL,NULL,1),(9,1,'Subburaj ','subbu@gmail.com','234234234','2354565','32343','ad1','ad2',0,'city1',NULL,NULL,'iyyan@gmail.com','2021-02-14 12:05:00',NULL,NULL,1),(10,1,'test customer','testc@gmail.com','234234234','234234455','22423','ad1','ad2',0,'Madurai',NULL,NULL,'iyyan@gmail.com','2021-02-14 12:08:45',NULL,NULL,1),(11,1,'SekarRaj','sekar@gmail.com','9823734345','287245','2423423','2, Ram Nagar','Vellacherry,',0,'Chennai',NULL,NULL,'iyyan@gmail.com','2021-02-14 14:57:22',NULL,NULL,1),(12,1,'subbu Raj','subbu@gmail.com','9823423483','8238234234','23424','Ad1','Ad2',0,'City',NULL,NULL,'iyyan@gmail.com','2021-02-14 16:15:57',NULL,NULL,1),(13,1,'Sekar','sekar@yahoo.com','982342344','7823423423','242343','No:1, Gandhi Street,','Anna Nagar,',0,'Chennai',NULL,NULL,'iyyan@gmail.com','2021-02-14 16:22:47',NULL,NULL,1),(14,0,'Surya','chennai@madras.com','8190955559',NULL,NULL,NULL,NULL,0,NULL,0,NULL,NULL,'2021-02-17 10:49:10',NULL,NULL,0),(15,1,'Iyyankannu','iyyanka@gmail.com','9840145598','9445679744','242344','Address1','Address2',0,'Madurai',NULL,NULL,'iyyan@gmail.com','2021-02-17 16:38:49',NULL,NULL,1),(16,1,'Surya','chennai@madras.com','9840444991','','600040','R43, R Block','Anna Nagar',0,'Chennai',NULL,NULL,'pksteja@gmail.com','2021-02-17 18:15:49',NULL,NULL,1),(17,1,'Rajalakshmi','raji@gmail.com','223234234','2323423','2423423','Ad1','Ad2',0,'Madurai',NULL,NULL,'iyyan@gmail.com','2021-02-18 09:31:23',NULL,NULL,1),(18,1,'234','iyyank@gmail.com','2982342342','','234234','ad1','ad2',0,'city',NULL,NULL,'iyyan@gmail.com','2021-02-20 03:57:38',NULL,NULL,1),(19,1,'Ganya','ganya@abc.com','9840444991','','600040','R Block','',0,'Chennai',NULL,NULL,'pksteja@gmail.com','2021-02-22 06:46:05',NULL,NULL,1),(20,0,'Mark Murugan Photography','mark@gmail.com','8056322836',NULL,NULL,NULL,NULL,0,NULL,0,NULL,NULL,'2021-03-07 13:54:01',NULL,NULL,0),(21,0,'Siva Suriya Prakash','ksspam43@gmail.com','9362935971',NULL,NULL,NULL,NULL,0,NULL,0,NULL,NULL,'0001-01-01 00:00:00',NULL,NULL,0),(22,0,'Shenni Anna','sheeni@gmail.com','8190918296',NULL,'626117','109,Pathiya Pillai Street',NULL,0,'Chennai',NULL,NULL,'suriyaprakash@mazeworkssolutions.com','2021-03-11 03:17:30',NULL,NULL,1),(23,0,'K Chinna Thambi','mkchins831@gmail.com','8056322836',NULL,'626117','109,Pathiya Pillai Street',NULL,0,'Chennai',NULL,NULL,'suriyaprakash@mazeworkssolutions.com','2021-03-12 04:14:24',NULL,NULL,1),(24,1,'KsspAm','ksspam43@gmail.com','8056322836','','786987','109,','Pathiya Pillai Street,',0,'Rajapalayam',NULL,NULL,'suriyaprakash@mazeworkssolutions.com','2021-03-18 07:32:04',NULL,NULL,1),(25,0,'K Siva Suriya Prakash','sivasuriyaprakash@photonmail.com','8190918290',NULL,NULL,NULL,NULL,0,NULL,0,NULL,NULL,'2021-04-01 18:58:59',NULL,NULL,0),(26,0,'K Siva Suriya Prakash','sivasuriyaprakash@outlook.com','8190918298',NULL,NULL,NULL,NULL,0,NULL,0,NULL,NULL,'2021-04-01 19:25:37',NULL,NULL,0),(27,0,'K Siva Suriya Prakash','sivasuriyaprakash@protonmail.com','8190918276',NULL,NULL,NULL,NULL,0,NULL,0,NULL,NULL,'2021-04-02 04:50:44',NULL,NULL,0),(28,0,'Greenx Poster','coo@greenxorganics.in','80563228223',NULL,NULL,NULL,NULL,0,NULL,0,NULL,NULL,'2021-04-05 07:54:08',NULL,NULL,0),(29,0,'Perseverance Space Photography','shahin12345@frameincam.com','8190918233',NULL,NULL,NULL,NULL,0,NULL,0,NULL,NULL,'2021-04-05 11:51:25',NULL,NULL,0),(30,1,'Fermi','fermi@mailinator.com','8056322303','','626117','109, Pathiya Pillai Street','',NULL,'Rajapalayam',NULL,NULL,'suriyaprakash@mazeworkssolutions.com','2021-04-23 07:07:08',NULL,NULL,1),(31,0,'Star Gazer Suriya','fermi@mailinator.com','8190918303',NULL,NULL,NULL,NULL,0,NULL,0,NULL,NULL,'2021-04-23 07:23:02',NULL,NULL,0);
/*!40000 ALTER TABLE `master_customer` ENABLE KEYS */;
UNLOCK TABLES;

--
-- Table structure for table `master_freelancer`
--

DROP TABLE IF EXISTS `master_freelancer`;
/*!40101 SET @saved_cs_client     = @@character_set_client */;
/*!40101 SET character_set_client = utf8 */;
CREATE TABLE `master_freelancer` (
  `id` int(11) NOT NULL AUTO_INCREMENT,
  `name` varchar(100) NOT NULL,
  `type_id` int(11) NOT NULL,
  `email` varchar(150) NOT NULL,
  `mobile` varchar(15) NOT NULL,
  `description` text DEFAULT NULL,
  `payment_terms` text DEFAULT NULL,
  `additional_cost` text DEFAULT NULL,
  `experience_lov_id` int(11) DEFAULT NULL,
  `site_url` varchar(250) DEFAULT NULL,
  `fb_url` varchar(250) DEFAULT NULL,
  `instagram_url` varchar(250) DEFAULT NULL,
  `youtube_url` varchar(250) DEFAULT NULL,
  `created_by` varchar(100) DEFAULT NULL,
  `created_date` datetime DEFAULT NULL,
  `updated_by` varchar(100) DEFAULT NULL,
  `updated_date` datetime DEFAULT NULL,
  `isactive` smallint(6) NOT NULL DEFAULT 1,
  `identifier` varchar(200) DEFAULT NULL,
  PRIMARY KEY (`id`)
) ENGINE=InnoDB AUTO_INCREMENT=8 DEFAULT CHARSET=utf8;
/*!40101 SET character_set_client = @saved_cs_client */;

--
-- Dumping data for table `master_freelancer`
--

LOCK TABLES `master_freelancer` WRITE;
/*!40000 ALTER TABLE `master_freelancer` DISABLE KEYS */;
INSERT INTO `master_freelancer` VALUES (2,'K Siva Suriya Prakash',1,'sivasuriyaprakash@protonmail.com','8056322836',NULL,NULL,NULL,5,NULL,NULL,NULL,NULL,NULL,NULL,NULL,NULL,0,'c3012d7f-c6e6-46fc-8450-e1eab01f616b'),(3,'G Parama Guru',1,'gparamaguru@mailinator.com','8190918212',NULL,NULL,NULL,0,NULL,NULL,NULL,NULL,NULL,'2021-04-14 13:07:39',NULL,NULL,0,'c3012d7f-c6e6-46fc-8450-e1eab01f616a'),(4,'Suriya Flims',1,'chinnathambi@mailinator.com','8056322836',NULL,NULL,NULL,5,NULL,NULL,NULL,NULL,NULL,NULL,NULL,NULL,0,'c3012d7f-c6e6-46fc-8450-e1eab01f616c'),(5,'Suyambu',1,'suyambu@mailinator.com','8056322823',NULL,NULL,NULL,0,NULL,NULL,NULL,NULL,NULL,'2021-04-14 13:48:52',NULL,NULL,0,'57f20bc5-8880-4aba-9f3b-27d61b070b94'),(6,'Jeyanth Kumar',1,'jeyanthkumar@mailinator.com','8056322837',NULL,NULL,NULL,0,NULL,NULL,NULL,NULL,NULL,'2021-04-22 10:48:03',NULL,NULL,0,'0701d352-f548-44ff-9238-0fb5d1c7b96b'),(7,'Rambabu',3,'rambabu@mailinator.com','8190918223',NULL,NULL,NULL,0,NULL,NULL,NULL,NULL,NULL,'2021-04-22 11:18:21',NULL,NULL,0,'528008ab-65cf-42db-a8b2-3cce170c64c6');
/*!40000 ALTER TABLE `master_freelancer` ENABLE KEYS */;
UNLOCK TABLES;

--
-- Table structure for table `master_freelancer_address`
--

DROP TABLE IF EXISTS `master_freelancer_address`;
/*!40101 SET @saved_cs_client     = @@character_set_client */;
/*!40101 SET character_set_client = utf8 */;
CREATE TABLE `master_freelancer_address` (
  `id` int(11) NOT NULL AUTO_INCREMENT,
  `freelancer_id` int(11) NOT NULL,
  `pincode` varchar(50) NOT NULL,
  `address_line_1` varchar(250) DEFAULT NULL,
  `address_line_2` varchar(250) DEFAULT NULL,
  `landmark` varchar(200) DEFAULT NULL,
  `city_geo_id` int(11) DEFAULT NULL,
  `state_geo_id` int(11) DEFAULT NULL,
  `isprimary` smallint(6) DEFAULT 1,
  `isactive` smallint(6) DEFAULT 1,
  `created_by` varchar(100) DEFAULT NULL,
  `created_date` datetime DEFAULT NULL,
  `updated_by` varchar(100) DEFAULT NULL,
  `updated_date` datetime DEFAULT NULL,
  PRIMARY KEY (`id`)
) ENGINE=InnoDB AUTO_INCREMENT=3 DEFAULT CHARSET=utf8;
/*!40101 SET character_set_client = @saved_cs_client */;

--
-- Dumping data for table `master_freelancer_address`
--

LOCK TABLES `master_freelancer_address` WRITE;
/*!40000 ALTER TABLE `master_freelancer_address` DISABLE KEYS */;
INSERT INTO `master_freelancer_address` VALUES (1,2,'626117','109,Pathiya Pillai Street',NULL,NULL,542,30,0,0,NULL,NULL,NULL,NULL),(2,4,'626117','109,Pathiya Pillai Street',NULL,NULL,42,33,0,0,NULL,'2021-04-14 13:44:39',NULL,NULL);
/*!40000 ALTER TABLE `master_freelancer_address` ENABLE KEYS */;
UNLOCK TABLES;

--
-- Table structure for table `master_freelancer_album`
--

DROP TABLE IF EXISTS `master_freelancer_album`;
/*!40101 SET @saved_cs_client     = @@character_set_client */;
/*!40101 SET character_set_client = utf8 */;
CREATE TABLE `master_freelancer_album` (
  `id` int(11) NOT NULL AUTO_INCREMENT,
  `album_title` varchar(150) CHARACTER SET utf8 DEFAULT NULL,
  `album_note` varchar(250) CHARACTER SET utf8 DEFAULT NULL,
  `album_location` varchar(100) CHARACTER SET utf8 DEFAULT NULL,
  `created_by` varchar(100) CHARACTER SET utf8 DEFAULT NULL,
  `created_date` datetime DEFAULT NULL,
  `updated_by` varchar(100) CHARACTER SET utf8 DEFAULT NULL,
  `updated_date` datetime DEFAULT NULL,
  `is_active` tinyint(4) DEFAULT NULL,
  PRIMARY KEY (`id`)
) ENGINE=InnoDB DEFAULT CHARSET=latin1;
/*!40101 SET character_set_client = @saved_cs_client */;

--
-- Dumping data for table `master_freelancer_album`
--

LOCK TABLES `master_freelancer_album` WRITE;
/*!40000 ALTER TABLE `master_freelancer_album` DISABLE KEYS */;
/*!40000 ALTER TABLE `master_freelancer_album` ENABLE KEYS */;
UNLOCK TABLES;

--
-- Table structure for table `master_freelancer_album_files`
--

DROP TABLE IF EXISTS `master_freelancer_album_files`;
/*!40101 SET @saved_cs_client     = @@character_set_client */;
/*!40101 SET character_set_client = utf8 */;
CREATE TABLE `master_freelancer_album_files` (
  `id` int(11) NOT NULL AUTO_INCREMENT,
  `album_id` int(11) NOT NULL,
  `freelancer_file_id` int(11) NOT NULL,
  PRIMARY KEY (`id`)
) ENGINE=InnoDB DEFAULT CHARSET=latin1;
/*!40101 SET character_set_client = @saved_cs_client */;

--
-- Dumping data for table `master_freelancer_album_files`
--

LOCK TABLES `master_freelancer_album_files` WRITE;
/*!40000 ALTER TABLE `master_freelancer_album_files` DISABLE KEYS */;
/*!40000 ALTER TABLE `master_freelancer_album_files` ENABLE KEYS */;
UNLOCK TABLES;

--
-- Table structure for table `master_freelancer_files`
--

DROP TABLE IF EXISTS `master_freelancer_files`;
/*!40101 SET @saved_cs_client     = @@character_set_client */;
/*!40101 SET character_set_client = utf8 */;
CREATE TABLE `master_freelancer_files` (
  `id` int(11) NOT NULL AUTO_INCREMENT,
  `file_name` varchar(300) CHARACTER SET utf8 DEFAULT NULL,
  `content_length` bigint(20) DEFAULT NULL,
  `content_type` varchar(200) CHARACTER SET utf8 DEFAULT NULL,
  `created_by` varchar(100) CHARACTER SET utf8 DEFAULT NULL,
  `created_date` datetime DEFAULT NULL,
  `file_type` varchar(50) DEFAULT NULL,
  `updated_by` varchar(100) DEFAULT NULL,
  `updated_date` datetime DEFAULT NULL,
  `freelancer_id` int(11) DEFAULT NULL,
  PRIMARY KEY (`id`)
) ENGINE=InnoDB AUTO_INCREMENT=6 DEFAULT CHARSET=latin1;
/*!40101 SET character_set_client = @saved_cs_client */;

--
-- Dumping data for table `master_freelancer_files`
--

LOCK TABLES `master_freelancer_files` WRITE;
/*!40000 ALTER TABLE `master_freelancer_files` DISABLE KEYS */;
INSERT INTO `master_freelancer_files` VALUES (1,'DSC_4384.jpg',76389,'image/jpeg','sivasuriyaprakash@protonmail.com','2021-04-19 08:47:28','photos',NULL,NULL,2),(2,'DSC_4607.jpg',48775,'image/jpeg','sivasuriyaprakash@protonmail.com','2021-04-19 08:47:28','photos',NULL,NULL,2),(3,'DSC_4321.jpg',102209,'image/jpeg','sivasuriyaprakash@protonmail.com','2021-04-19 08:47:28','photos',NULL,NULL,2),(4,'DSC_5907.jpg',91607,'image/jpeg','sivasuriyaprakash@protonmail.com','2021-04-19 08:47:28','photos',NULL,NULL,2),(5,'https://www.youtube.com/embed/lD08CuUi_Ek',0,'videos','sivasuriyaprakash@protonmail.com','2021-04-19 08:49:57','videos',NULL,NULL,2);
/*!40000 ALTER TABLE `master_freelancer_files` ENABLE KEYS */;
UNLOCK TABLES;

--
-- Table structure for table `master_freelancer_package`
--

DROP TABLE IF EXISTS `master_freelancer_package`;
/*!40101 SET @saved_cs_client     = @@character_set_client */;
/*!40101 SET character_set_client = utf8 */;
CREATE TABLE `master_freelancer_package` (
  `id` int(11) NOT NULL AUTO_INCREMENT,
  `freelancer_id` int(11) NOT NULL,
  `description` varchar(250) NOT NULL,
  `price_per_day` decimal(18,2) NOT NULL,
  `created_by` varchar(100) CHARACTER SET utf8 DEFAULT NULL,
  `created_date` datetime DEFAULT NULL,
  `updated_by` varchar(100) CHARACTER SET utf8 DEFAULT NULL,
  `updated_date` datetime DEFAULT NULL,
  PRIMARY KEY (`id`)
) ENGINE=InnoDB AUTO_INCREMENT=8 DEFAULT CHARSET=latin1;
/*!40101 SET character_set_client = @saved_cs_client */;

--
-- Dumping data for table `master_freelancer_package`
--

LOCK TABLES `master_freelancer_package` WRITE;
/*!40000 ALTER TABLE `master_freelancer_package` DISABLE KEYS */;
INSERT INTO `master_freelancer_package` VALUES (1,0,'Per Shoot',500.00,'sivasuriyaprakash@protonmail.com','2021-04-13 17:24:50',NULL,NULL),(2,0,'Per Shoot',500.00,'sivasuriyaprakash@protonmail.com','2021-04-13 17:26:13',NULL,NULL),(3,0,'Per Shoot',500.00,'sivasuriyaprakash@protonmail.com','2021-04-13 17:28:20',NULL,NULL),(4,0,'Per Shoot',500.00,'sivasuriyaprakash@protonmail.com','2021-04-13 17:28:22',NULL,NULL),(5,0,'Per Shoot',500.00,'sivasuriyaprakash@protonmail.com','2021-04-13 18:05:30',NULL,NULL),(6,2,'Per Shoot',100.00,'sivasuriyaprakash@protonmail.com','2021-04-13 18:14:03',NULL,NULL),(7,4,'Per Project',100.00,'chinnathambi@mailinator.com','2021-04-14 13:44:39',NULL,NULL);
/*!40000 ALTER TABLE `master_freelancer_package` ENABLE KEYS */;
UNLOCK TABLES;

--
-- Table structure for table `master_freelancer_subscriptions`
--

DROP TABLE IF EXISTS `master_freelancer_subscriptions`;
/*!40101 SET @saved_cs_client     = @@character_set_client */;
/*!40101 SET character_set_client = utf8 */;
CREATE TABLE `master_freelancer_subscriptions` (
  `id` int(11) NOT NULL AUTO_INCREMENT,
  `freelancer_id` int(11) NOT NULL,
  `subscription_id` int(11) NOT NULL,
  `valid_from` datetime NOT NULL,
  `valid_till` datetime DEFAULT NULL,
  `payment_id` int(10) unsigned DEFAULT NULL,
  `is_active` tinyint(4) NOT NULL DEFAULT 1,
  `total_projects` int(10) unsigned DEFAULT NULL,
  `remaining_projects` int(10) unsigned DEFAULT NULL,
  PRIMARY KEY (`id`)
) ENGINE=InnoDB AUTO_INCREMENT=5 DEFAULT CHARSET=latin1;
/*!40101 SET character_set_client = @saved_cs_client */;

--
-- Dumping data for table `master_freelancer_subscriptions`
--

LOCK TABLES `master_freelancer_subscriptions` WRITE;
/*!40000 ALTER TABLE `master_freelancer_subscriptions` DISABLE KEYS */;
INSERT INTO `master_freelancer_subscriptions` VALUES (2,2,6,'2021-04-22 04:51:27','2020-04-22 04:51:26',39,1,25,25),(3,2,6,'2021-04-22 05:10:41','2022-04-22 05:10:41',40,1,25,25),(4,7,6,'2021-04-22 11:41:11','2022-04-22 11:41:11',41,1,25,25);
/*!40000 ALTER TABLE `master_freelancer_subscriptions` ENABLE KEYS */;
UNLOCK TABLES;

--
-- Table structure for table `master_freelancer_type`
--

DROP TABLE IF EXISTS `master_freelancer_type`;
/*!40101 SET @saved_cs_client     = @@character_set_client */;
/*!40101 SET character_set_client = utf8 */;
CREATE TABLE `master_freelancer_type` (
  `id` int(11) NOT NULL AUTO_INCREMENT,
  `type` varchar(100) NOT NULL,
  `isactive` smallint(6) NOT NULL DEFAULT 1,
  PRIMARY KEY (`id`)
) ENGINE=InnoDB AUTO_INCREMENT=4 DEFAULT CHARSET=utf8;
/*!40101 SET character_set_client = @saved_cs_client */;

--
-- Dumping data for table `master_freelancer_type`
--

LOCK TABLES `master_freelancer_type` WRITE;
/*!40000 ALTER TABLE `master_freelancer_type` DISABLE KEYS */;
INSERT INTO `master_freelancer_type` VALUES (1,'Photographers',1),(2,'Cinema/Video',1),(3,'Pre wedding shoot',1);
/*!40000 ALTER TABLE `master_freelancer_type` ENABLE KEYS */;
UNLOCK TABLES;

--
-- Table structure for table `master_geo`
--

DROP TABLE IF EXISTS `master_geo`;
/*!40101 SET @saved_cs_client     = @@character_set_client */;
/*!40101 SET character_set_client = utf8 */;
CREATE TABLE `master_geo` (
  `Geo_Code` bigint(20) DEFAULT NULL,
  `Geo_Name` varchar(250) DEFAULT NULL,
  `Geo_Head` int(11) DEFAULT NULL,
  `Geo_Level` int(11) DEFAULT NULL,
  `Geo_type` int(11) DEFAULT NULL,
  `Geo_TinNo` tinyint(4) DEFAULT NULL,
  `Geo_StateCode` varchar(10) DEFAULT NULL,
  `Geo_Latitude` decimal(18,10) DEFAULT NULL,
  `Geo_Longitude` decimal(18,10) DEFAULT NULL,
  `Geo_Isactive` tinyint(4) DEFAULT NULL,
  `id` int(11) NOT NULL AUTO_INCREMENT,
  PRIMARY KEY (`id`)
) ENGINE=InnoDB AUTO_INCREMENT=1089 DEFAULT CHARSET=utf8;
/*!40101 SET character_set_client = @saved_cs_client */;

--
-- Dumping data for table `master_geo`
--

LOCK TABLES `master_geo` WRITE;
/*!40000 ALTER TABLE `master_geo` DISABLE KEYS */;
INSERT INTO `master_geo` VALUES (1,'India',0,1,0,0,'',NULL,NULL,1,1),(2,'Jammu and Kashmir',1,2,0,1,'JK',NULL,NULL,1,2),(3,'Himachal Pradesh',1,2,0,2,'HP',NULL,NULL,1,3),(4,'Punjab',1,2,0,3,'PB',NULL,NULL,1,4),(5,'Chandigarh',1,2,0,4,'CH',NULL,NULL,1,5),(6,'Uttarakhand',1,2,0,5,'UK',NULL,NULL,1,6),(7,'Haryana',1,2,0,6,'HR',NULL,NULL,1,7),(8,'Delhi',1,2,0,7,'DL',NULL,NULL,1,8),(9,'Rajasthan',1,2,0,8,'RJ',NULL,NULL,1,9),(10,'Uttar Pradesh',1,2,0,9,'UP',NULL,NULL,1,10),(11,'Bihar',1,2,0,10,'BR',NULL,NULL,1,11),(12,'Sikkim',1,2,0,11,'SK',NULL,NULL,1,12),(13,'Arunachal Pradesh',1,2,0,12,'AR',NULL,NULL,1,13),(14,'Nagaland',1,2,0,13,'NL',NULL,NULL,1,14),(15,'Manipur',1,2,0,14,'MN',NULL,NULL,1,15),(16,'Mizoram',1,2,0,15,'MZ',NULL,NULL,1,16),(17,'Tripura',1,2,0,16,'TR',NULL,NULL,1,17),(18,'Meghalaya',1,2,0,17,'ML',NULL,NULL,1,18),(19,'Assam',1,2,0,18,'AS',NULL,NULL,1,19),(20,'West Bengal',1,2,0,19,'WB',NULL,NULL,1,20),(21,'Jharkhand',1,2,0,20,'JH',NULL,NULL,1,21),(22,'Odisha',1,2,0,21,'OD',NULL,NULL,1,22),(23,'Chattisgarh',1,2,0,22,'CG',NULL,NULL,1,23),(24,'Madhya Pradesh',1,2,0,23,'MP',NULL,NULL,1,24),(25,'Gujarat',1,2,0,24,'GJ',NULL,NULL,1,25),(26,'Daman and Diu',1,2,0,25,'DD',NULL,NULL,1,26),(27,'Dadra and Nagar Haveli',1,2,0,26,'DN',NULL,NULL,1,27),(28,'Maharashtra',1,2,0,27,'MH',NULL,NULL,1,28),(29,'Karnataka',1,2,0,29,'KA',NULL,NULL,1,29),(30,'Goa',1,2,0,30,'GA',NULL,NULL,1,30),(31,'Lakshadweep Islands',1,2,0,31,'LD',NULL,NULL,1,31),(32,'Kerala',1,2,0,32,'KL',NULL,NULL,1,32),(33,'Tamil Nadu',1,2,0,33,'TN',NULL,NULL,1,33),(34,'Pondicherry',1,2,0,34,'PY',NULL,NULL,1,34),(35,'Andaman and Nicobar Islands',1,2,0,35,'AN',NULL,NULL,1,35),(36,'Telangana',1,2,0,36,'TS',NULL,NULL,1,36),(37,'Andhra Pradesh',1,2,0,37,'AD',NULL,NULL,1,37),(38,'Ladakh',1,2,0,38,'LA',NULL,NULL,1,38),(39,'Other Territory',1,2,0,97,'OT',NULL,NULL,1,39),(40,'Ariyalur',33,3,0,0,' ',NULL,NULL,1,40),(41,'Chengalpet',33,3,0,0,' ',NULL,NULL,1,41),(42,'Chennai',33,3,0,0,' ',NULL,NULL,1,42),(43,'Coimbatore',33,3,0,0,' ',NULL,NULL,1,43),(44,'Cuddalore',33,3,0,0,' ',NULL,NULL,1,44),(45,'Dharmapuri',33,3,0,0,' ',NULL,NULL,1,45),(46,'Dindigul',33,3,0,0,' ',NULL,NULL,1,46),(47,'Erode',33,3,0,0,' ',NULL,NULL,1,47),(48,'Kallakurichi',33,3,0,0,' ',NULL,NULL,1,48),(49,'Kancheepuram',33,3,0,0,' ',NULL,NULL,1,49),(50,'Karur',33,3,0,0,' ',NULL,NULL,1,50),(51,'Krishnagiri',33,3,0,0,' ',NULL,NULL,1,51),(52,'Madurai',33,3,0,0,' ',NULL,NULL,1,52),(53,'Nagapattinam',33,3,0,0,' ',NULL,NULL,1,53),(54,'Kanyakumari',33,3,0,0,' ',NULL,NULL,1,54),(55,'Namakkal',33,3,0,0,' ',NULL,NULL,1,55),(56,'Perambalur',33,3,0,0,' ',NULL,NULL,1,56),(57,'Pudukottai',33,3,0,0,' ',NULL,NULL,1,57),(58,'Ramanathapuram',33,3,0,0,' ',NULL,NULL,1,58),(59,'Ranipet',33,3,0,0,' ',NULL,NULL,1,59),(60,'Salem',33,3,0,0,' ',NULL,NULL,1,60),(61,'Sivagangai',33,3,0,0,' ',NULL,NULL,1,61),(62,'Tenkasi',33,3,0,0,' ',NULL,NULL,1,62),(63,'Thanjavur',33,3,0,0,' ',NULL,NULL,1,63),(64,'Theni',33,3,0,0,' ',NULL,NULL,1,64),(65,'Thiruvallur',33,3,0,0,' ',NULL,NULL,1,65),(66,'Thiruvarur',33,3,0,0,' ',NULL,NULL,1,66),(67,'Tuticorin',33,3,0,0,' ',NULL,NULL,1,67),(68,'Trichirappalli',33,3,0,0,' ',NULL,NULL,1,68),(69,'Thirunelveli',33,3,0,0,' ',NULL,NULL,1,69),(70,'Tirupathur',33,3,0,0,' ',NULL,NULL,1,70),(71,'Tiruppur',33,3,0,0,' ',NULL,NULL,1,71),(72,'Thiruvannamalai',33,3,0,0,' ',NULL,NULL,1,72),(73,'The Nilgiris',33,3,0,0,' ',NULL,NULL,1,73),(74,'Vellore',33,3,0,0,' ',NULL,NULL,1,74),(75,'Viluppuram',33,3,0,0,' ',NULL,NULL,1,75),(76,'Virudhunagar',33,3,0,0,' ',NULL,NULL,1,76),(78,'Andimadam',40,4,0,0,' ',NULL,NULL,1,77),(79,'Ariyalur',40,4,0,0,' ',NULL,NULL,1,78),(80,'Sendurai',40,4,0,0,' ',NULL,NULL,1,79),(81,'Udayarpalayam',40,4,0,0,' ',NULL,NULL,1,80),(82,'CHENGALPATTU',41,4,0,0,' ',NULL,NULL,1,81),(83,'CHEYYUR',41,4,0,0,' ',NULL,NULL,1,82),(84,'MADHURANTAKAM',41,4,0,0,' ',NULL,NULL,1,83),(85,'PALLAVARAM',41,4,0,0,' ',NULL,NULL,1,84),(86,'TAMBARAM',41,4,0,0,' ',NULL,NULL,1,85),(87,'THIRUKKALUKUNDRAM',41,4,0,0,' ',NULL,NULL,1,86),(88,'THIRUPPORUR',41,4,0,0,' ',NULL,NULL,1,87),(89,'VANDALUR',41,4,0,0,' ',NULL,NULL,1,88),(90,'Alandur',42,4,0,0,' ',NULL,NULL,1,89),(91,'Ambattur',42,4,0,0,' ',NULL,NULL,1,90),(92,'Aminjikarai',42,4,0,0,' ',NULL,NULL,1,91),(93,'Ayanavaram',42,4,0,0,' ',NULL,NULL,1,92),(94,'Egmore',42,4,0,0,' ',NULL,NULL,1,93),(95,'Guindy',42,4,0,0,' ',NULL,NULL,1,94),(96,'Madhavaram',42,4,0,0,' ',NULL,NULL,1,95),(97,'Maduravoyal',42,4,0,0,' ',NULL,NULL,1,96),(98,'Mambalam',42,4,0,0,' ',NULL,NULL,1,97),(99,'Mylapore',42,4,0,0,' ',NULL,NULL,1,98),(100,'Perambur',42,4,0,0,' ',NULL,NULL,1,99),(101,'Purasawalkam',42,4,0,0,' ',NULL,NULL,1,100),(102,'Sholinganallur',42,4,0,0,' ',NULL,NULL,1,101),(103,'Thiruvottiyur',42,4,0,0,' ',NULL,NULL,1,102),(104,'Tondiarpet',42,4,0,0,' ',NULL,NULL,1,103),(105,'Velachery',42,4,0,0,' ',NULL,NULL,1,104),(106,'Anaimalai',43,4,0,0,' ',NULL,NULL,1,105),(107,'Annur',43,4,0,0,' ',NULL,NULL,1,106),(108,'Coimbatore(North)',43,4,0,0,' ',NULL,NULL,1,107),(109,'Coimbatore(South)',43,4,0,0,' ',NULL,NULL,1,108),(110,'Kinathukadavu',43,4,0,0,' ',NULL,NULL,1,109),(111,'Madukkarai',43,4,0,0,' ',NULL,NULL,1,110),(112,'Mettupalayam',43,4,0,0,' ',NULL,NULL,1,111),(113,'Perur',43,4,0,0,' ',NULL,NULL,1,112),(114,'Polllachi',43,4,0,0,' ',NULL,NULL,1,113),(115,'Sulur',43,4,0,0,' ',NULL,NULL,1,114),(116,'Valparai',43,4,0,0,' ',NULL,NULL,1,115),(117,'Bhuvanagiri',44,4,0,0,' ',NULL,NULL,1,116),(118,'Chidambaram',44,4,0,0,' ',NULL,NULL,1,117),(119,'Cuddalore',44,4,0,0,' ',NULL,NULL,1,118),(120,'Kattumannarkoil',44,4,0,0,' ',NULL,NULL,1,119),(121,'Kurinjipadi',44,4,0,0,' ',NULL,NULL,1,120),(122,'Panruti',44,4,0,0,' ',NULL,NULL,1,121),(123,'Srimushanam',44,4,0,0,' ',NULL,NULL,1,122),(124,'Titakudi',44,4,0,0,' ',NULL,NULL,1,123),(125,'Veppur',44,4,0,0,' ',NULL,NULL,1,124),(126,'Vridachalam',44,4,0,0,' ',NULL,NULL,1,125),(127,'Dharmapuri',45,4,0,0,' ',NULL,NULL,1,126),(128,'Harur',45,4,0,0,' ',NULL,NULL,1,127),(129,'Karimangalam',45,4,0,0,' ',NULL,NULL,1,128),(130,'Nallampalli',45,4,0,0,' ',NULL,NULL,1,129),(131,'Palakcode',45,4,0,0,' ',NULL,NULL,1,130),(132,'Pappireddipatti',45,4,0,0,' ',NULL,NULL,1,131),(133,'Pennagaram',45,4,0,0,' ',NULL,NULL,1,132),(134,'Attur',46,4,0,0,' ',NULL,NULL,1,133),(135,'Dindigul - East',46,4,0,0,' ',NULL,NULL,1,134),(136,'Dindigul -West',46,4,0,0,' ',NULL,NULL,1,135),(137,'Gujiliamparai',46,4,0,0,' ',NULL,NULL,1,136),(138,'Kodaikanal',46,4,0,0,' ',NULL,NULL,1,137),(139,'Natham',46,4,0,0,' ',NULL,NULL,1,138),(140,'Nilakottai',46,4,0,0,' ',NULL,NULL,1,139),(141,'Oddenchatram',46,4,0,0,' ',NULL,NULL,1,140),(142,'Palani',46,4,0,0,' ',NULL,NULL,1,141),(143,'Vedasandur',46,4,0,0,' ',NULL,NULL,1,142),(144,'Anthiyur',47,4,0,0,' ',NULL,NULL,1,143),(145,'Bhavani',47,4,0,0,' ',NULL,NULL,1,144),(146,'Erode',47,4,0,0,' ',NULL,NULL,1,145),(147,'Gobichettipalayam',47,4,0,0,' ',NULL,NULL,1,146),(148,'Kodumudi',47,4,0,0,' ',NULL,NULL,1,147),(149,'Modakkurichi',47,4,0,0,' ',NULL,NULL,1,148),(150,'Nambiyur',47,4,0,0,' ',NULL,NULL,1,149),(151,'Perundurai',47,4,0,0,' ',NULL,NULL,1,150),(152,'Sathyamangalam',47,4,0,0,' ',NULL,NULL,1,151),(153,'Thalavadi',47,4,0,0,' ',NULL,NULL,1,152),(154,'Chinnaselam',48,4,0,0,' ',NULL,NULL,1,153),(155,'Kallakurichi',48,4,0,0,' ',NULL,NULL,1,154),(156,'Kalvarayan Hills',48,4,0,0,' ',NULL,NULL,1,155),(157,'Sankarapuram',48,4,0,0,' ',NULL,NULL,1,156),(158,'Tirukkoilur',48,4,0,0,' ',NULL,NULL,1,157),(159,'Ulundurpet',48,4,0,0,' ',NULL,NULL,1,158),(160,'Kancheepuram',49,4,0,0,' ',NULL,NULL,1,159),(161,'KUNDRATHUR',49,4,0,0,' ',NULL,NULL,1,160),(162,'Sriperumbudur',49,4,0,0,' ',NULL,NULL,1,161),(163,'Uthiramerur',49,4,0,0,' ',NULL,NULL,1,162),(164,'WALAJABAD',49,4,0,0,' ',NULL,NULL,1,163),(165,'Aravakurichi',50,4,0,0,' ',NULL,NULL,1,164),(166,'Kadavur',50,4,0,0,' ',NULL,NULL,1,165),(167,'Karur',50,4,0,0,' ',NULL,NULL,1,166),(168,'Krishnarayapuram',50,4,0,0,' ',NULL,NULL,1,167),(169,'Kulithalai',50,4,0,0,' ',NULL,NULL,1,168),(170,'Manmangalam',50,4,0,0,' ',NULL,NULL,1,169),(171,'Pugalur',50,4,0,0,' ',NULL,NULL,1,170),(172,'Anchetty',51,4,0,0,' ',NULL,NULL,1,171),(173,'Bargur',51,4,0,0,' ',NULL,NULL,1,172),(174,'Denkanikottai',51,4,0,0,' ',NULL,NULL,1,173),(175,'Hosur',51,4,0,0,' ',NULL,NULL,1,174),(176,'Krishnagiri',51,4,0,0,' ',NULL,NULL,1,175),(177,'Pochampalli',51,4,0,0,' ',NULL,NULL,1,176),(178,'Shoolagiri',51,4,0,0,' ',NULL,NULL,1,177),(179,'Uthangarai',51,4,0,0,' ',NULL,NULL,1,178),(180,'Kalligudi',52,4,0,0,' ',NULL,NULL,1,179),(181,'Madurai - East',52,4,0,0,' ',NULL,NULL,1,180),(182,'Madurai - North',52,4,0,0,' ',NULL,NULL,1,181),(183,'Madurai(South)',52,4,0,0,' ',NULL,NULL,1,182),(184,'Madurai -West',52,4,0,0,' ',NULL,NULL,1,183),(185,'Melur',52,4,0,0,' ',NULL,NULL,1,184),(186,'Peraiyur',52,4,0,0,' ',NULL,NULL,1,185),(187,'Thirupparankundram',52,4,0,0,' ',NULL,NULL,1,186),(188,'Tirumangalam',52,4,0,0,' ',NULL,NULL,1,187),(189,'Usilampatti',52,4,0,0,' ',NULL,NULL,1,188),(190,'Vadipatti',52,4,0,0,' ',NULL,NULL,1,189),(191,'Kilvelur',53,4,0,0,' ',NULL,NULL,1,190),(192,'Kutthalam',53,4,0,0,' ',NULL,NULL,1,191),(193,'Mayiladuthurai',53,4,0,0,' ',NULL,NULL,1,192),(194,'Nagapattinam',53,4,0,0,' ',NULL,NULL,1,193),(195,'Sirkali',53,4,0,0,' ',NULL,NULL,1,194),(196,'Tharangambadi',53,4,0,0,' ',NULL,NULL,1,195),(197,'Thirukkuvalai',53,4,0,0,' ',NULL,NULL,1,196),(198,'Vedaranyam',53,4,0,0,' ',NULL,NULL,1,197),(199,'Agasteeswaram',54,4,0,0,' ',NULL,NULL,1,198),(200,'Kalkulam',54,4,0,0,' ',NULL,NULL,1,199),(201,'Killiyoor',54,4,0,0,' ',NULL,NULL,1,200),(202,'Thiruvattar',54,4,0,0,' ',NULL,NULL,1,201),(203,'Thovalai',54,4,0,0,' ',NULL,NULL,1,202),(204,'Vilavancode',54,4,0,0,' ',NULL,NULL,1,203),(205,'Kolli - Hills',55,4,0,0,' ',NULL,NULL,1,204),(206,'Kumarapalayam',55,4,0,0,' ',NULL,NULL,1,205),(207,'Mohanur',55,4,0,0,' ',NULL,NULL,1,206),(208,'Namakkal',55,4,0,0,' ',NULL,NULL,1,207),(209,'Paramathi Velur',55,4,0,0,' ',NULL,NULL,1,208),(210,'Rasipuram',55,4,0,0,' ',NULL,NULL,1,209),(211,'Sendamangalam',55,4,0,0,' ',NULL,NULL,1,210),(212,'Thiruchengode',55,4,0,0,' ',NULL,NULL,1,211),(213,'Alathur',56,4,0,0,' ',NULL,NULL,1,212),(214,'Kunnam',56,4,0,0,' ',NULL,NULL,1,213),(215,'Perambalur',56,4,0,0,' ',NULL,NULL,1,214),(216,'Veppanthattai',56,4,0,0,' ',NULL,NULL,1,215),(217,'Alangudi',57,4,0,0,' ',NULL,NULL,1,216),(218,'Aranthangi',57,4,0,0,' ',NULL,NULL,1,217),(219,'Avadaiyarkoil',57,4,0,0,' ',NULL,NULL,1,218),(220,'Gandarvakottai',57,4,0,0,' ',NULL,NULL,1,219),(221,'Illuppur',57,4,0,0,' ',NULL,NULL,1,220),(222,'Karambakudi',57,4,0,0,' ',NULL,NULL,1,221),(223,'Kulathur',57,4,0,0,' ',NULL,NULL,1,222),(224,'Manamelkudi',57,4,0,0,' ',NULL,NULL,1,223),(225,'Ponnamaravathi',57,4,0,0,' ',NULL,NULL,1,224),(226,'Pudukkottai',57,4,0,0,' ',NULL,NULL,1,225),(227,'Thirumayam',57,4,0,0,' ',NULL,NULL,1,226),(228,'Viralimalai',57,4,0,0,' ',NULL,NULL,1,227),(229,'Kadaladi',58,4,0,0,' ',NULL,NULL,1,228),(230,'Kamuthi',58,4,0,0,' ',NULL,NULL,1,229),(231,'Kilakarai',58,4,0,0,' ',NULL,NULL,1,230),(232,'Mudukulathur',58,4,0,0,' ',NULL,NULL,1,231),(233,'Paramakudi',58,4,0,0,' ',NULL,NULL,1,232),(234,'Rajasingamangalam',58,4,0,0,' ',NULL,NULL,1,233),(235,'Ramanathapuram',58,4,0,0,' ',NULL,NULL,1,234),(236,'Rameswaram',58,4,0,0,' ',NULL,NULL,1,235),(237,'Tiruvadanai',58,4,0,0,' ',NULL,NULL,1,236),(238,'Arakkonam',59,4,0,0,' ',NULL,NULL,1,237),(239,'Arcot',59,4,0,0,' ',NULL,NULL,1,238),(240,'Nemili',59,4,0,0,' ',NULL,NULL,1,239),(241,'Walajah',59,4,0,0,' ',NULL,NULL,1,240),(242,'Attur',60,4,0,0,' ',NULL,NULL,1,241),(243,'Edapady',60,4,0,0,' ',NULL,NULL,1,242),(244,'Gangavalli',60,4,0,0,' ',NULL,NULL,1,243),(245,'Kadayampatti',60,4,0,0,' ',NULL,NULL,1,244),(246,'Mettur',60,4,0,0,' ',NULL,NULL,1,245),(247,'Omalur',60,4,0,0,' ',NULL,NULL,1,246),(248,'Pethanaickenpalayam',60,4,0,0,' ',NULL,NULL,1,247),(249,'Salem',60,4,0,0,' ',NULL,NULL,1,248),(250,'Salem - South',60,4,0,0,' ',NULL,NULL,1,249),(251,'Salem -West',60,4,0,0,' ',NULL,NULL,1,250),(252,'Sangagiri',60,4,0,0,' ',NULL,NULL,1,251),(253,'Valapady',60,4,0,0,' ',NULL,NULL,1,252),(254,'Yercaud',60,4,0,0,' ',NULL,NULL,1,253),(255,'Devakottai',61,4,0,0,' ',NULL,NULL,1,254),(256,'Ilayankudi',61,4,0,0,' ',NULL,NULL,1,255),(257,'Kalaiyarkoil',61,4,0,0,' ',NULL,NULL,1,256),(258,'Karaikudi',61,4,0,0,' ',NULL,NULL,1,257),(259,'Manamadurai',61,4,0,0,' ',NULL,NULL,1,258),(260,'Sigampunari',61,4,0,0,' ',NULL,NULL,1,259),(261,'Sivaganga',61,4,0,0,' ',NULL,NULL,1,260),(262,'Thiruppuvanam',61,4,0,0,' ',NULL,NULL,1,261),(263,'Tirupathur',61,4,0,0,' ',NULL,NULL,1,262),(264,'Alangulam',62,4,0,0,' ',NULL,NULL,1,263),(265,'Kadayanallur',62,4,0,0,' ',NULL,NULL,1,264),(266,'Sankarankovil',62,4,0,0,' ',NULL,NULL,1,265),(267,'Shencottai',62,4,0,0,' ',NULL,NULL,1,266),(268,'Sivagiri',62,4,0,0,' ',NULL,NULL,1,267),(269,'Tenkasi',62,4,0,0,' ',NULL,NULL,1,268),(270,'Thiruvengadam',62,4,0,0,' ',NULL,NULL,1,269),(271,'V.K.Pudur',62,4,0,0,' ',NULL,NULL,1,270),(272,'Budalur',63,4,0,0,' ',NULL,NULL,1,271),(273,'Kumbakonam',63,4,0,0,' ',NULL,NULL,1,272),(274,'Orathanadu',63,4,0,0,' ',NULL,NULL,1,273),(275,'Papanasam',63,4,0,0,' ',NULL,NULL,1,274),(276,'Pattukkottai',63,4,0,0,' ',NULL,NULL,1,275),(277,'Peravurani',63,4,0,0,' ',NULL,NULL,1,276),(278,'Thanjavur',63,4,0,0,' ',NULL,NULL,1,277),(279,'Thiruvaiyaru',63,4,0,0,' ',NULL,NULL,1,278),(280,'Thiruvidaimarudur',63,4,0,0,' ',NULL,NULL,1,279),(281,'Andipatti',64,4,0,0,' ',NULL,NULL,1,280),(282,'Bodinayakanur',64,4,0,0,' ',NULL,NULL,1,281),(283,'Periyakulam',64,4,0,0,' ',NULL,NULL,1,282),(284,'Theni',64,4,0,0,' ',NULL,NULL,1,283),(285,'Uthamapalayam',64,4,0,0,' ',NULL,NULL,1,284),(286,'Avadi',65,4,0,0,' ',NULL,NULL,1,285),(287,'Gummidipoondi',65,4,0,0,' ',NULL,NULL,1,286),(288,'Pallipattu',65,4,0,0,' ',NULL,NULL,1,287),(289,'Ponneri',65,4,0,0,' ',NULL,NULL,1,288),(290,'Poonamallee',65,4,0,0,' ',NULL,NULL,1,289),(291,'R.K. Pettai',65,4,0,0,' ',NULL,NULL,1,290),(292,'Tiruttani',65,4,0,0,' ',NULL,NULL,1,291),(293,'Tiruvallur',65,4,0,0,' ',NULL,NULL,1,292),(294,'Uthukkotai',65,4,0,0,' ',NULL,NULL,1,293),(295,'Koothanallur',66,4,0,0,' ',NULL,NULL,1,294),(296,'Kudavasal',66,4,0,0,' ',NULL,NULL,1,295),(297,'Mannargudi',66,4,0,0,' ',NULL,NULL,1,296),(298,'Nannilam',66,4,0,0,' ',NULL,NULL,1,297),(299,'Needamanglam',66,4,0,0,' ',NULL,NULL,1,298),(300,'Thiruthuraipoondi',66,4,0,0,' ',NULL,NULL,1,299),(301,'Thiruvarur',66,4,0,0,' ',NULL,NULL,1,300),(302,'Valangaiman',66,4,0,0,' ',NULL,NULL,1,301),(303,'Eral',67,4,0,0,' ',NULL,NULL,1,302),(304,'Ettayapuram',67,4,0,0,' ',NULL,NULL,1,303),(305,'Kayathar',67,4,0,0,' ',NULL,NULL,1,304),(306,'Kovilpattai',67,4,0,0,' ',NULL,NULL,1,305),(307,'Ottapidaram',67,4,0,0,' ',NULL,NULL,1,306),(308,'Sathankulam',67,4,0,0,' ',NULL,NULL,1,307),(309,'Srivaikundam',67,4,0,0,' ',NULL,NULL,1,308),(310,'Thoothukkudi',67,4,0,0,' ',NULL,NULL,1,309),(311,'Tiruchendur',67,4,0,0,' ',NULL,NULL,1,310),(312,'Vilathikulam',67,4,0,0,' ',NULL,NULL,1,311),(313,'Lalgudi',68,4,0,0,' ',NULL,NULL,1,312),(314,'Manachanallur',68,4,0,0,' ',NULL,NULL,1,313),(315,'Manapparai',68,4,0,0,' ',NULL,NULL,1,314),(316,'Musiri',68,4,0,0,' ',NULL,NULL,1,315),(317,'Srirangam',68,4,0,0,' ',NULL,NULL,1,316),(318,'Thiruchirapalli-West',68,4,0,0,' ',NULL,NULL,1,317),(319,'Thiruverumpur',68,4,0,0,' ',NULL,NULL,1,318),(320,'Thottiyam',68,4,0,0,' ',NULL,NULL,1,319),(321,'Thuraiyur',68,4,0,0,' ',NULL,NULL,1,320),(322,'Tiruchirappalli-East',68,4,0,0,' ',NULL,NULL,1,321),(323,'Ambasamuthiram',69,4,0,0,' ',NULL,NULL,1,322),(324,'Cheranmahadevi',69,4,0,0,' ',NULL,NULL,1,323),(325,'Manur',69,4,0,0,' ',NULL,NULL,1,324),(326,'Nanguneri',69,4,0,0,' ',NULL,NULL,1,325),(327,'Palayamkottai',69,4,0,0,' ',NULL,NULL,1,326),(328,'Radhapuram',69,4,0,0,' ',NULL,NULL,1,327),(329,'Thisayanvilai',69,4,0,0,' ',NULL,NULL,1,328),(330,'Tirunelveli',69,4,0,0,' ',NULL,NULL,1,329),(331,'Ambur',70,4,0,0,' ',NULL,NULL,1,330),(332,'Natrampalli',70,4,0,0,' ',NULL,NULL,1,331),(333,'Tirupattur',70,4,0,0,' ',NULL,NULL,1,332),(334,'Vaniyambadi',70,4,0,0,' ',NULL,NULL,1,333),(335,'Avinashi',71,4,0,0,' ',NULL,NULL,1,334),(336,'Dharapuram',71,4,0,0,' ',NULL,NULL,1,335),(337,'Kangayam',71,4,0,0,' ',NULL,NULL,1,336),(338,'Madathukulam',71,4,0,0,' ',NULL,NULL,1,337),(339,'Palladam',71,4,0,0,' ',NULL,NULL,1,338),(340,'Tiruppur - North',71,4,0,0,' ',NULL,NULL,1,339),(341,'Tiruppur - South',71,4,0,0,' ',NULL,NULL,1,340),(342,'Udumalpet',71,4,0,0,' ',NULL,NULL,1,341),(343,'Uthukuli',71,4,0,0,' ',NULL,NULL,1,342),(344,'Arani',72,4,0,0,' ',NULL,NULL,1,343),(345,'Chengam',72,4,0,0,' ',NULL,NULL,1,344),(346,'Chetpet',72,4,0,0,' ',NULL,NULL,1,345),(347,'Jamunamarathoor',72,4,0,0,' ',NULL,NULL,1,346),(348,'Kalasapakkam',72,4,0,0,' ',NULL,NULL,1,347),(349,'Kilpennathur',72,4,0,0,' ',NULL,NULL,1,348),(350,'Periyakulam',72,4,0,0,' ',NULL,NULL,1,349),(351,'Polur',72,4,0,0,' ',NULL,NULL,1,350),(352,'Thandarampattu',72,4,0,0,' ',NULL,NULL,1,351),(353,'Tiruvannamalai',72,4,0,0,' ',NULL,NULL,1,352),(354,'Vandavasi',72,4,0,0,' ',NULL,NULL,1,353),(355,'Vembakkam',72,4,0,0,' ',NULL,NULL,1,354),(356,'Coonoor',73,4,0,0,' ',NULL,NULL,1,355),(357,'Gudalur',73,4,0,0,' ',NULL,NULL,1,356),(358,'Kotagiri',73,4,0,0,' ',NULL,NULL,1,357),(359,'Kundah',73,4,0,0,' ',NULL,NULL,1,358),(360,'Panthalur',73,4,0,0,' ',NULL,NULL,1,359),(361,'Udhagamandalam',73,4,0,0,' ',NULL,NULL,1,360),(362,'Anaicut',74,4,0,0,' ',NULL,NULL,1,361),(363,'Gudiyatham',74,4,0,0,' ',NULL,NULL,1,362),(364,'Katpadi',74,4,0,0,' ',NULL,NULL,1,363),(365,'K.V.Kuppam',74,4,0,0,' ',NULL,NULL,1,364),(366,'Pernambut',74,4,0,0,' ',NULL,NULL,1,365),(367,'Vellore',74,4,0,0,' ',NULL,NULL,1,366),(368,'Gingee',75,4,0,0,' ',NULL,NULL,1,367),(369,'Kandachipuram',75,4,0,0,' ',NULL,NULL,1,368),(370,'Marakkanam',75,4,0,0,' ',NULL,NULL,1,369),(371,'Melmalaiyanur',75,4,0,0,' ',NULL,NULL,1,370),(372,'Thiruvennainallur',75,4,0,0,' ',NULL,NULL,1,371),(373,'Tindivanam',75,4,0,0,' ',NULL,NULL,1,372),(374,'Vanur',75,4,0,0,' ',NULL,NULL,1,373),(375,'Vikkiravandi',75,4,0,0,' ',NULL,NULL,1,374),(376,'Villupuram',75,4,0,0,' ',NULL,NULL,1,375),(377,'Arupukottai',76,4,0,0,' ',NULL,NULL,1,376),(378,'Kariapattai',76,4,0,0,' ',NULL,NULL,1,377),(379,'Rajapalayam',76,4,0,0,' ',NULL,NULL,1,378),(380,'Sathur',76,4,0,0,' ',NULL,NULL,1,379),(381,'Sivakasi',76,4,0,0,' ',NULL,NULL,1,380),(382,'Srivilliputhur',76,4,0,0,' ',NULL,NULL,1,381),(383,'Tiruchuli',76,4,0,0,' ',NULL,NULL,1,382),(384,'Vembakkottai',76,4,0,0,' ',NULL,NULL,1,383),(385,'Virudhunagar',76,4,0,0,' ',NULL,NULL,1,384),(386,'Watrap',76,4,0,0,' ',NULL,NULL,1,385),(387,'Nicobar',35,3,NULL,NULL,NULL,NULL,NULL,1,386),(388,'North Middle Andaman',35,3,NULL,NULL,NULL,NULL,NULL,1,387),(389,'South Andaman',35,3,NULL,NULL,NULL,NULL,NULL,1,388),(390,'Anantapur',37,3,NULL,NULL,NULL,NULL,NULL,1,389),(391,'Chittoor',37,3,NULL,NULL,NULL,NULL,NULL,1,390),(392,'East Godavari',37,3,NULL,NULL,NULL,NULL,NULL,1,391),(393,'Guntur',37,3,NULL,NULL,NULL,NULL,NULL,1,392),(394,'Kadapa',37,3,NULL,NULL,NULL,NULL,NULL,1,393),(395,'Krishna',37,3,NULL,NULL,NULL,NULL,NULL,1,394),(396,'Kurnool',37,3,NULL,NULL,NULL,NULL,NULL,1,395),(397,'Nellore',37,3,NULL,NULL,NULL,NULL,NULL,1,396),(398,'Prakasam',37,3,NULL,NULL,NULL,NULL,NULL,1,397),(399,'Srikakulam',37,3,NULL,NULL,NULL,NULL,NULL,1,398),(400,'Visakhapatnam',37,3,NULL,NULL,NULL,NULL,NULL,1,399),(401,'Vizianagaram',37,3,NULL,NULL,NULL,NULL,NULL,1,400),(402,'West Godavari',37,3,NULL,NULL,NULL,NULL,NULL,1,401),(403,'Anjaw',13,3,NULL,NULL,NULL,NULL,NULL,1,402),(404,'Central Siang',13,3,NULL,NULL,NULL,NULL,NULL,1,403),(405,'Changlang',13,3,NULL,NULL,NULL,NULL,NULL,1,404),(406,'Dibang Valley',13,3,NULL,NULL,NULL,NULL,NULL,1,405),(407,'East Kameng',13,3,NULL,NULL,NULL,NULL,NULL,1,406),(408,'East Siang',13,3,NULL,NULL,NULL,NULL,NULL,1,407),(409,'Kamle',13,3,NULL,NULL,NULL,NULL,NULL,1,408),(410,'Kra Daadi',13,3,NULL,NULL,NULL,NULL,NULL,1,409),(411,'Kurung Kumey',13,3,NULL,NULL,NULL,NULL,NULL,1,410),(412,'Lepa Rada',13,3,NULL,NULL,NULL,NULL,NULL,1,411),(413,'Lohit',13,3,NULL,NULL,NULL,NULL,NULL,1,412),(414,'Longding',13,3,NULL,NULL,NULL,NULL,NULL,1,413),(415,'Lower Dibang Valley',13,3,NULL,NULL,NULL,NULL,NULL,1,414),(416,'Lower Siang',13,3,NULL,NULL,NULL,NULL,NULL,1,415),(417,'Lower Subansiri',13,3,NULL,NULL,NULL,NULL,NULL,1,416),(418,'Namsai',13,3,NULL,NULL,NULL,NULL,NULL,1,417),(419,'Pakke Kessang',13,3,NULL,NULL,NULL,NULL,NULL,1,418),(420,'Papum Pare',13,3,NULL,NULL,NULL,NULL,NULL,1,419),(421,'Shi Yomi',13,3,NULL,NULL,NULL,NULL,NULL,1,420),(422,'Tawang',13,3,NULL,NULL,NULL,NULL,NULL,1,421),(423,'Tirap',13,3,NULL,NULL,NULL,NULL,NULL,1,422),(424,'Upper Siang',13,3,NULL,NULL,NULL,NULL,NULL,1,423),(425,'Upper Subansiri',13,3,NULL,NULL,NULL,NULL,NULL,1,424),(426,'West Kameng',13,3,NULL,NULL,NULL,NULL,NULL,1,425),(427,'West Siang',13,3,NULL,NULL,NULL,NULL,NULL,1,426),(428,'Bajali',19,3,NULL,NULL,NULL,NULL,NULL,1,427),(429,'Baksa',19,3,NULL,NULL,NULL,NULL,NULL,1,428),(430,'Barpeta',19,3,NULL,NULL,NULL,NULL,NULL,1,429),(431,'Biswanath',19,3,NULL,NULL,NULL,NULL,NULL,1,430),(432,'Bongaigaon',19,3,NULL,NULL,NULL,NULL,NULL,1,431),(433,'Cachar',19,3,NULL,NULL,NULL,NULL,NULL,1,432),(434,'Charaideo',19,3,NULL,NULL,NULL,NULL,NULL,1,433),(435,'Chirang',19,3,NULL,NULL,NULL,NULL,NULL,1,434),(436,'Darrang',19,3,NULL,NULL,NULL,NULL,NULL,1,435),(437,'Dhemaji',19,3,NULL,NULL,NULL,NULL,NULL,1,436),(438,'Dhubri',19,3,NULL,NULL,NULL,NULL,NULL,1,437),(439,'Dibrugarh',19,3,NULL,NULL,NULL,NULL,NULL,1,438),(440,'Dima Hasao',19,3,NULL,NULL,NULL,NULL,NULL,1,439),(441,'Goalpara',19,3,NULL,NULL,NULL,NULL,NULL,1,440),(442,'Golaghat',19,3,NULL,NULL,NULL,NULL,NULL,1,441),(443,'Hailakandi',19,3,NULL,NULL,NULL,NULL,NULL,1,442),(444,'Hojai',19,3,NULL,NULL,NULL,NULL,NULL,1,443),(445,'Jorhat',19,3,NULL,NULL,NULL,NULL,NULL,1,444),(446,'Kamrup',19,3,NULL,NULL,NULL,NULL,NULL,1,445),(447,'Kamrup Metropolitan',19,3,NULL,NULL,NULL,NULL,NULL,1,446),(448,'Karbi Anglong',19,3,NULL,NULL,NULL,NULL,NULL,1,447),(449,'Karimganj',19,3,NULL,NULL,NULL,NULL,NULL,1,448),(450,'Kokrajhar',19,3,NULL,NULL,NULL,NULL,NULL,1,449),(451,'Lakhimpur',19,3,NULL,NULL,NULL,NULL,NULL,1,450),(452,'Majuli',19,3,NULL,NULL,NULL,NULL,NULL,1,451),(453,'Morigaon',19,3,NULL,NULL,NULL,NULL,NULL,1,452),(454,'Nagaon',19,3,NULL,NULL,NULL,NULL,NULL,1,453),(455,'Nalbari',19,3,NULL,NULL,NULL,NULL,NULL,1,454),(456,'Sivasagar',19,3,NULL,NULL,NULL,NULL,NULL,1,455),(457,'Sonitpur',19,3,NULL,NULL,NULL,NULL,NULL,1,456),(458,'South Salmara-Mankachar',19,3,NULL,NULL,NULL,NULL,NULL,1,457),(459,'Tinsukia',19,3,NULL,NULL,NULL,NULL,NULL,1,458),(460,'Udalguri',19,3,NULL,NULL,NULL,NULL,NULL,1,459),(461,'West Karbi Anglong',19,3,NULL,NULL,NULL,NULL,NULL,1,460),(462,'Araria',11,3,NULL,NULL,NULL,NULL,NULL,1,461),(463,'Arwal',11,3,NULL,NULL,NULL,NULL,NULL,1,462),(464,'Aurangabad',11,3,NULL,NULL,NULL,NULL,NULL,1,463),(465,'Banka',11,3,NULL,NULL,NULL,NULL,NULL,1,464),(466,'Begusarai',11,3,NULL,NULL,NULL,NULL,NULL,1,465),(467,'Bhagalpur',11,3,NULL,NULL,NULL,NULL,NULL,1,466),(468,'Bhojpur',11,3,NULL,NULL,NULL,NULL,NULL,1,467),(469,'Buxar',11,3,NULL,NULL,NULL,NULL,NULL,1,468),(470,'Darbhanga',11,3,NULL,NULL,NULL,NULL,NULL,1,469),(471,'East Champaran',11,3,NULL,NULL,NULL,NULL,NULL,1,470),(472,'Gaya',11,3,NULL,NULL,NULL,NULL,NULL,1,471),(473,'Gopalganj',11,3,NULL,NULL,NULL,NULL,NULL,1,472),(474,'Jamui',11,3,NULL,NULL,NULL,NULL,NULL,1,473),(475,'Jehanabad',11,3,NULL,NULL,NULL,NULL,NULL,1,474),(476,'Kaimur',11,3,NULL,NULL,NULL,NULL,NULL,1,475),(477,'Katihar',11,3,NULL,NULL,NULL,NULL,NULL,1,476),(478,'Khagaria',11,3,NULL,NULL,NULL,NULL,NULL,1,477),(479,'Kishanganj',11,3,NULL,NULL,NULL,NULL,NULL,1,478),(480,'Lakhisarai',11,3,NULL,NULL,NULL,NULL,NULL,1,479),(481,'Madhepura',11,3,NULL,NULL,NULL,NULL,NULL,1,480),(482,'Madhubani',11,3,NULL,NULL,NULL,NULL,NULL,1,481),(483,'Munger',11,3,NULL,NULL,NULL,NULL,NULL,1,482),(484,'Muzaffarpur',11,3,NULL,NULL,NULL,NULL,NULL,1,483),(485,'Nalanda',11,3,NULL,NULL,NULL,NULL,NULL,1,484),(486,'Nawada',11,3,NULL,NULL,NULL,NULL,NULL,1,485),(487,'Patna',11,3,NULL,NULL,NULL,NULL,NULL,1,486),(488,'Purnia',11,3,NULL,NULL,NULL,NULL,NULL,1,487),(489,'Rohtas',11,3,NULL,NULL,NULL,NULL,NULL,1,488),(490,'Saharsa',11,3,NULL,NULL,NULL,NULL,NULL,1,489),(491,'Samastipur',11,3,NULL,NULL,NULL,NULL,NULL,1,490),(492,'Saran',11,3,NULL,NULL,NULL,NULL,NULL,1,491),(493,'Sheikhpura',11,3,NULL,NULL,NULL,NULL,NULL,1,492),(494,'Sheohar',11,3,NULL,NULL,NULL,NULL,NULL,1,493),(495,'Sitamarhi',11,3,NULL,NULL,NULL,NULL,NULL,1,494),(496,'Siwan',11,3,NULL,NULL,NULL,NULL,NULL,1,495),(497,'Supaul',11,3,NULL,NULL,NULL,NULL,NULL,1,496),(498,'Vaishali',11,3,NULL,NULL,NULL,NULL,NULL,1,497),(499,'West Champaran',11,3,NULL,NULL,NULL,NULL,NULL,1,498),(500,'Chandigarh',5,3,NULL,NULL,NULL,NULL,NULL,1,499),(501,'Balod',23,3,NULL,NULL,NULL,NULL,NULL,1,500),(502,'Baloda Bazar',23,3,NULL,NULL,NULL,NULL,NULL,1,501),(503,'Balrampur',23,3,NULL,NULL,NULL,NULL,NULL,1,502),(504,'Bastar',23,3,NULL,NULL,NULL,NULL,NULL,1,503),(505,'Bemetara',23,3,NULL,NULL,NULL,NULL,NULL,1,504),(506,'Bijapur',23,3,NULL,NULL,NULL,NULL,NULL,1,505),(507,'Bilaspur',23,3,NULL,NULL,NULL,NULL,NULL,1,506),(508,'Dantewada',23,3,NULL,NULL,NULL,NULL,NULL,1,507),(509,'Dhamtari',23,3,NULL,NULL,NULL,NULL,NULL,1,508),(510,'Durg',23,3,NULL,NULL,NULL,NULL,NULL,1,509),(511,'Gariaband',23,3,NULL,NULL,NULL,NULL,NULL,1,510),(512,'Gaurela Pendra Marwahi',23,3,NULL,NULL,NULL,NULL,NULL,1,511),(513,'Janjgir Champa',23,3,NULL,NULL,NULL,NULL,NULL,1,512),(514,'Jashpur',23,3,NULL,NULL,NULL,NULL,NULL,1,513),(515,'Kabirdham',23,3,NULL,NULL,NULL,NULL,NULL,1,514),(516,'Kanker',23,3,NULL,NULL,NULL,NULL,NULL,1,515),(517,'Kondagaon',23,3,NULL,NULL,NULL,NULL,NULL,1,516),(518,'Korba',23,3,NULL,NULL,NULL,NULL,NULL,1,517),(519,'Koriya',23,3,NULL,NULL,NULL,NULL,NULL,1,518),(520,'Mahasamund',23,3,NULL,NULL,NULL,NULL,NULL,1,519),(521,'Mungeli',23,3,NULL,NULL,NULL,NULL,NULL,1,520),(522,'Narayanpur',23,3,NULL,NULL,NULL,NULL,NULL,1,521),(523,'Raigarh',23,3,NULL,NULL,NULL,NULL,NULL,1,522),(524,'Raipur',23,3,NULL,NULL,NULL,NULL,NULL,1,523),(525,'Rajnandgaon',23,3,NULL,NULL,NULL,NULL,NULL,1,524),(526,'Sukma',23,3,NULL,NULL,NULL,NULL,NULL,1,525),(527,'Surajpur',23,3,NULL,NULL,NULL,NULL,NULL,1,526),(528,'Surguja',23,3,NULL,NULL,NULL,NULL,NULL,1,527),(529,'Dadra and Nagar Haveli',27,3,NULL,NULL,NULL,NULL,NULL,1,528),(530,'Daman',26,3,NULL,NULL,NULL,NULL,NULL,1,529),(531,'Diu',26,3,NULL,NULL,NULL,NULL,NULL,1,530),(532,'Central Delhi',8,3,NULL,NULL,NULL,NULL,NULL,1,531),(533,'East Delhi',8,3,NULL,NULL,NULL,NULL,NULL,1,532),(534,'New Delhi',8,3,NULL,NULL,NULL,NULL,NULL,1,533),(535,'North Delhi',8,3,NULL,NULL,NULL,NULL,NULL,1,534),(536,'North East Delhi',8,3,NULL,NULL,NULL,NULL,NULL,1,535),(537,'North West Delhi',8,3,NULL,NULL,NULL,NULL,NULL,1,536),(538,'Shahdara',8,3,NULL,NULL,NULL,NULL,NULL,1,537),(539,'South Delhi',8,3,NULL,NULL,NULL,NULL,NULL,1,538),(540,'South East Delhi',8,3,NULL,NULL,NULL,NULL,NULL,1,539),(541,'South West Delhi',8,3,NULL,NULL,NULL,NULL,NULL,1,540),(542,'West Delhi',8,3,NULL,NULL,NULL,NULL,NULL,1,541),(543,'North Goa',30,3,NULL,NULL,NULL,NULL,NULL,1,542),(544,'South Goa',30,3,NULL,NULL,NULL,NULL,NULL,1,543),(545,'Ahmedabad',25,3,NULL,NULL,NULL,NULL,NULL,1,544),(546,'Amreli',25,3,NULL,NULL,NULL,NULL,NULL,1,545),(547,'Anand',25,3,NULL,NULL,NULL,NULL,NULL,1,546),(548,'Aravalli',25,3,NULL,NULL,NULL,NULL,NULL,1,547),(549,'Banaskantha',25,3,NULL,NULL,NULL,NULL,NULL,1,548),(550,'Bharuch',25,3,NULL,NULL,NULL,NULL,NULL,1,549),(551,'Bhavnagar',25,3,NULL,NULL,NULL,NULL,NULL,1,550),(552,'Botad',25,3,NULL,NULL,NULL,NULL,NULL,1,551),(553,'Chhota Udaipur',25,3,NULL,NULL,NULL,NULL,NULL,1,552),(554,'Dahod',25,3,NULL,NULL,NULL,NULL,NULL,1,553),(555,'Dang',25,3,NULL,NULL,NULL,NULL,NULL,1,554),(556,'Devbhoomi Dwarka',25,3,NULL,NULL,NULL,NULL,NULL,1,555),(557,'Gandhinagar',25,3,NULL,NULL,NULL,NULL,NULL,1,556),(558,'Gir Somnath',25,3,NULL,NULL,NULL,NULL,NULL,1,557),(559,'Jamnagar',25,3,NULL,NULL,NULL,NULL,NULL,1,558),(560,'Junagadh',25,3,NULL,NULL,NULL,NULL,NULL,1,559),(561,'Kheda',25,3,NULL,NULL,NULL,NULL,NULL,1,560),(562,'Kutch',25,3,NULL,NULL,NULL,NULL,NULL,1,561),(563,'Mahisagar',25,3,NULL,NULL,NULL,NULL,NULL,1,562),(564,'Mehsana',25,3,NULL,NULL,NULL,NULL,NULL,1,563),(565,'Morbi',25,3,NULL,NULL,NULL,NULL,NULL,1,564),(566,'Narmada',25,3,NULL,NULL,NULL,NULL,NULL,1,565),(567,'Navsari',25,3,NULL,NULL,NULL,NULL,NULL,1,566),(568,'Panchmahal',25,3,NULL,NULL,NULL,NULL,NULL,1,567),(569,'Patan',25,3,NULL,NULL,NULL,NULL,NULL,1,568),(570,'Porbandar',25,3,NULL,NULL,NULL,NULL,NULL,1,569),(571,'Rajkot',25,3,NULL,NULL,NULL,NULL,NULL,1,570),(572,'Sabarkantha',25,3,NULL,NULL,NULL,NULL,NULL,1,571),(573,'Surat',25,3,NULL,NULL,NULL,NULL,NULL,1,572),(574,'Surendranagar',25,3,NULL,NULL,NULL,NULL,NULL,1,573),(575,'Tapi',25,3,NULL,NULL,NULL,NULL,NULL,1,574),(576,'Vadodara',25,3,NULL,NULL,NULL,NULL,NULL,1,575),(577,'Valsad',25,3,NULL,NULL,NULL,NULL,NULL,1,576),(578,'Ambala',7,3,NULL,NULL,NULL,NULL,NULL,1,577),(579,'Bhiwani',7,3,NULL,NULL,NULL,NULL,NULL,1,578),(580,'Charkhi Dadri',7,3,NULL,NULL,NULL,NULL,NULL,1,579),(581,'Faridabad',7,3,NULL,NULL,NULL,NULL,NULL,1,580),(582,'Fatehabad',7,3,NULL,NULL,NULL,NULL,NULL,1,581),(583,'Gurugram',7,3,NULL,NULL,NULL,NULL,NULL,1,582),(584,'Hisar',7,3,NULL,NULL,NULL,NULL,NULL,1,583),(585,'Jhajjar',7,3,NULL,NULL,NULL,NULL,NULL,1,584),(586,'Jind',7,3,NULL,NULL,NULL,NULL,NULL,1,585),(587,'Kaithal',7,3,NULL,NULL,NULL,NULL,NULL,1,586),(588,'Karnal',7,3,NULL,NULL,NULL,NULL,NULL,1,587),(589,'Kurukshetra',7,3,NULL,NULL,NULL,NULL,NULL,1,588),(590,'Mahendragarh',7,3,NULL,NULL,NULL,NULL,NULL,1,589),(591,'Mewat',7,3,NULL,NULL,NULL,NULL,NULL,1,590),(592,'Palwal',7,3,NULL,NULL,NULL,NULL,NULL,1,591),(593,'Panchkula',7,3,NULL,NULL,NULL,NULL,NULL,1,592),(594,'Panipat',7,3,NULL,NULL,NULL,NULL,NULL,1,593),(595,'Rewari',7,3,NULL,NULL,NULL,NULL,NULL,1,594),(596,'Rohtak',7,3,NULL,NULL,NULL,NULL,NULL,1,595),(597,'Sirsa',7,3,NULL,NULL,NULL,NULL,NULL,1,596),(598,'Sonipat',7,3,NULL,NULL,NULL,NULL,NULL,1,597),(599,'Yamunanagar',7,3,NULL,NULL,NULL,NULL,NULL,1,598),(600,'Bilaspur',3,3,NULL,NULL,NULL,NULL,NULL,1,599),(601,'Chamba',3,3,NULL,NULL,NULL,NULL,NULL,1,600),(602,'Hamirpur',3,3,NULL,NULL,NULL,NULL,NULL,1,601),(603,'Kangra',3,3,NULL,NULL,NULL,NULL,NULL,1,602),(604,'Kinnaur',3,3,NULL,NULL,NULL,NULL,NULL,1,603),(605,'Kullu',3,3,NULL,NULL,NULL,NULL,NULL,1,604),(606,'Lahaul Spiti',3,3,NULL,NULL,NULL,NULL,NULL,1,605),(607,'Mandi',3,3,NULL,NULL,NULL,NULL,NULL,1,606),(608,'Shimla',3,3,NULL,NULL,NULL,NULL,NULL,1,607),(609,'Sirmaur',3,3,NULL,NULL,NULL,NULL,NULL,1,608),(610,'Solan',3,3,NULL,NULL,NULL,NULL,NULL,1,609),(611,'Una',3,3,NULL,NULL,NULL,NULL,NULL,1,610),(612,'Anantnag',2,3,NULL,NULL,NULL,NULL,NULL,1,611),(613,'Bandipora',2,3,NULL,NULL,NULL,NULL,NULL,1,612),(614,'Baramulla',2,3,NULL,NULL,NULL,NULL,NULL,1,613),(615,'Budgam',2,3,NULL,NULL,NULL,NULL,NULL,1,614),(616,'Doda',2,3,NULL,NULL,NULL,NULL,NULL,1,615),(617,'Ganderbal',2,3,NULL,NULL,NULL,NULL,NULL,1,616),(618,'Jammu',2,3,NULL,NULL,NULL,NULL,NULL,1,617),(619,'Kathua',2,3,NULL,NULL,NULL,NULL,NULL,1,618),(620,'Kishtwar',2,3,NULL,NULL,NULL,NULL,NULL,1,619),(621,'Kulgam',2,3,NULL,NULL,NULL,NULL,NULL,1,620),(622,'Kupwara',2,3,NULL,NULL,NULL,NULL,NULL,1,621),(623,'Poonch',2,3,NULL,NULL,NULL,NULL,NULL,1,622),(624,'Pulwama',2,3,NULL,NULL,NULL,NULL,NULL,1,623),(625,'Rajouri',2,3,NULL,NULL,NULL,NULL,NULL,1,624),(626,'Ramban',2,3,NULL,NULL,NULL,NULL,NULL,1,625),(627,'Reasi',2,3,NULL,NULL,NULL,NULL,NULL,1,626),(628,'Samba',2,3,NULL,NULL,NULL,NULL,NULL,1,627),(629,'Shopian',2,3,NULL,NULL,NULL,NULL,NULL,1,628),(630,'Srinagar',2,3,NULL,NULL,NULL,NULL,NULL,1,629),(631,'Udhampur',2,3,NULL,NULL,NULL,NULL,NULL,1,630),(632,'Bokaro',21,3,NULL,NULL,NULL,NULL,NULL,1,631),(633,'Chatra',21,3,NULL,NULL,NULL,NULL,NULL,1,632),(634,'Deoghar',21,3,NULL,NULL,NULL,NULL,NULL,1,633),(635,'Dhanbad',21,3,NULL,NULL,NULL,NULL,NULL,1,634),(636,'Dumka',21,3,NULL,NULL,NULL,NULL,NULL,1,635),(637,'East Singhbhum',21,3,NULL,NULL,NULL,NULL,NULL,1,636),(638,'Garhwa',21,3,NULL,NULL,NULL,NULL,NULL,1,637),(639,'Giridih',21,3,NULL,NULL,NULL,NULL,NULL,1,638),(640,'Godda',21,3,NULL,NULL,NULL,NULL,NULL,1,639),(641,'Gumla',21,3,NULL,NULL,NULL,NULL,NULL,1,640),(642,'Hazaribagh',21,3,NULL,NULL,NULL,NULL,NULL,1,641),(643,'Jamtara',21,3,NULL,NULL,NULL,NULL,NULL,1,642),(644,'Khunti',21,3,NULL,NULL,NULL,NULL,NULL,1,643),(645,'Koderma',21,3,NULL,NULL,NULL,NULL,NULL,1,644),(646,'Latehar',21,3,NULL,NULL,NULL,NULL,NULL,1,645),(647,'Lohardaga',21,3,NULL,NULL,NULL,NULL,NULL,1,646),(648,'Pakur',21,3,NULL,NULL,NULL,NULL,NULL,1,647),(649,'Palamu',21,3,NULL,NULL,NULL,NULL,NULL,1,648),(650,'Ramgarh',21,3,NULL,NULL,NULL,NULL,NULL,1,649),(651,'Ranchi',21,3,NULL,NULL,NULL,NULL,NULL,1,650),(652,'Sahebganj',21,3,NULL,NULL,NULL,NULL,NULL,1,651),(653,'Seraikela Kharsawan',21,3,NULL,NULL,NULL,NULL,NULL,1,652),(654,'Simdega',21,3,NULL,NULL,NULL,NULL,NULL,1,653),(655,'West Singhbhum',21,3,NULL,NULL,NULL,NULL,NULL,1,654),(656,'Bagalkot',29,3,NULL,NULL,NULL,NULL,NULL,1,655),(657,'Bangalore Rural',29,3,NULL,NULL,NULL,NULL,NULL,1,656),(658,'Bangalore Urban',29,3,NULL,NULL,NULL,NULL,NULL,1,657),(659,'Belgaum',29,3,NULL,NULL,NULL,NULL,NULL,1,658),(660,'Bellary',29,3,NULL,NULL,NULL,NULL,NULL,1,659),(661,'Bidar',29,3,NULL,NULL,NULL,NULL,NULL,1,660),(662,'Chamarajanagar',29,3,NULL,NULL,NULL,NULL,NULL,1,661),(663,'Chikkaballapur',29,3,NULL,NULL,NULL,NULL,NULL,1,662),(664,'Chikkamagaluru',29,3,NULL,NULL,NULL,NULL,NULL,1,663),(665,'Chitradurga',29,3,NULL,NULL,NULL,NULL,NULL,1,664),(666,'Dakshina Kannada',29,3,NULL,NULL,NULL,NULL,NULL,1,665),(667,'Davanagere',29,3,NULL,NULL,NULL,NULL,NULL,1,666),(668,'Dharwad',29,3,NULL,NULL,NULL,NULL,NULL,1,667),(669,'Gadag',29,3,NULL,NULL,NULL,NULL,NULL,1,668),(670,'Gulbarga',29,3,NULL,NULL,NULL,NULL,NULL,1,669),(671,'Hassan',29,3,NULL,NULL,NULL,NULL,NULL,1,670),(672,'Haveri',29,3,NULL,NULL,NULL,NULL,NULL,1,671),(673,'Kodagu',29,3,NULL,NULL,NULL,NULL,NULL,1,672),(674,'Kolar',29,3,NULL,NULL,NULL,NULL,NULL,1,673),(675,'Koppal',29,3,NULL,NULL,NULL,NULL,NULL,1,674),(676,'Mandya',29,3,NULL,NULL,NULL,NULL,NULL,1,675),(677,'Mysore',29,3,NULL,NULL,NULL,NULL,NULL,1,676),(678,'Raichur',29,3,NULL,NULL,NULL,NULL,NULL,1,677),(679,'Ramanagara',29,3,NULL,NULL,NULL,NULL,NULL,1,678),(680,'Shimoga',29,3,NULL,NULL,NULL,NULL,NULL,1,679),(681,'Tumkur',29,3,NULL,NULL,NULL,NULL,NULL,1,680),(682,'Udupi',29,3,NULL,NULL,NULL,NULL,NULL,1,681),(683,'Uttara Kannada',29,3,NULL,NULL,NULL,NULL,NULL,1,682),(684,'Vijayanagara',29,3,NULL,NULL,NULL,NULL,NULL,1,683),(685,'Vijayapura ',29,3,NULL,NULL,NULL,NULL,NULL,1,684),(686,'Yadgir',29,3,NULL,NULL,NULL,NULL,NULL,1,685),(687,'Alappuzha',32,3,NULL,NULL,NULL,NULL,NULL,1,686),(688,'Ernakulam',32,3,NULL,NULL,NULL,NULL,NULL,1,687),(689,'Idukki',32,3,NULL,NULL,NULL,NULL,NULL,1,688),(690,'Kannur',32,3,NULL,NULL,NULL,NULL,NULL,1,689),(691,'Kasaragod',32,3,NULL,NULL,NULL,NULL,NULL,1,690),(692,'Kollam',32,3,NULL,NULL,NULL,NULL,NULL,1,691),(693,'Kottayam',32,3,NULL,NULL,NULL,NULL,NULL,1,692),(694,'Kozhikode',32,3,NULL,NULL,NULL,NULL,NULL,1,693),(695,'Malappuram',32,3,NULL,NULL,NULL,NULL,NULL,1,694),(696,'Palakkad',32,3,NULL,NULL,NULL,NULL,NULL,1,695),(697,'Pathanamthitta',32,3,NULL,NULL,NULL,NULL,NULL,1,696),(698,'Thiruvananthapuram',32,3,NULL,NULL,NULL,NULL,NULL,1,697),(699,'Thrissur',32,3,NULL,NULL,NULL,NULL,NULL,1,698),(700,'Wayanad',32,3,NULL,NULL,NULL,NULL,NULL,1,699),(701,'Kargil',38,3,NULL,NULL,NULL,NULL,NULL,1,700),(702,'Leh',38,3,NULL,NULL,NULL,NULL,NULL,1,701),(703,'Lakshadweep',31,3,NULL,NULL,NULL,NULL,NULL,1,702),(704,'Agar Malwa',24,3,NULL,NULL,NULL,NULL,NULL,1,703),(705,'Alirajpur',24,3,NULL,NULL,NULL,NULL,NULL,1,704),(706,'Anuppur',24,3,NULL,NULL,NULL,NULL,NULL,1,705),(707,'Ashoknagar',24,3,NULL,NULL,NULL,NULL,NULL,1,706),(708,'Balaghat',24,3,NULL,NULL,NULL,NULL,NULL,1,707),(709,'Barwani',24,3,NULL,NULL,NULL,NULL,NULL,1,708),(710,'Betul',24,3,NULL,NULL,NULL,NULL,NULL,1,709),(711,'Bhind',24,3,NULL,NULL,NULL,NULL,NULL,1,710),(712,'Bhopal',24,3,NULL,NULL,NULL,NULL,NULL,1,711),(713,'Burhanpur',24,3,NULL,NULL,NULL,NULL,NULL,1,712),(714,'Chachaura',24,3,NULL,NULL,NULL,NULL,NULL,1,713),(715,'Chhatarpur',24,3,NULL,NULL,NULL,NULL,NULL,1,714),(716,'Chhindwara',24,3,NULL,NULL,NULL,NULL,NULL,1,715),(717,'Damoh',24,3,NULL,NULL,NULL,NULL,NULL,1,716),(718,'Datia',24,3,NULL,NULL,NULL,NULL,NULL,1,717),(719,'Dewas',24,3,NULL,NULL,NULL,NULL,NULL,1,718),(720,'Dhar',24,3,NULL,NULL,NULL,NULL,NULL,1,719),(721,'Dindori',24,3,NULL,NULL,NULL,NULL,NULL,1,720),(722,'Guna',24,3,NULL,NULL,NULL,NULL,NULL,1,721),(723,'Gwalior',24,3,NULL,NULL,NULL,NULL,NULL,1,722),(724,'Harda',24,3,NULL,NULL,NULL,NULL,NULL,1,723),(725,'Hoshangabad',24,3,NULL,NULL,NULL,NULL,NULL,1,724),(726,'Indore',24,3,NULL,NULL,NULL,NULL,NULL,1,725),(727,'Jabalpur',24,3,NULL,NULL,NULL,NULL,NULL,1,726),(728,'Jhabua',24,3,NULL,NULL,NULL,NULL,NULL,1,727),(729,'Katni',24,3,NULL,NULL,NULL,NULL,NULL,1,728),(730,'Khandwa',24,3,NULL,NULL,NULL,NULL,NULL,1,729),(731,'Khargone',24,3,NULL,NULL,NULL,NULL,NULL,1,730),(732,'Maihar',24,3,NULL,NULL,NULL,NULL,NULL,1,731),(733,'Mandla',24,3,NULL,NULL,NULL,NULL,NULL,1,732),(734,'Mandsaur',24,3,NULL,NULL,NULL,NULL,NULL,1,733),(735,'Morena',24,3,NULL,NULL,NULL,NULL,NULL,1,734),(736,'Nagda',24,3,NULL,NULL,NULL,NULL,NULL,1,735),(737,'Narsinghpur',24,3,NULL,NULL,NULL,NULL,NULL,1,736),(738,'Neemuch',24,3,NULL,NULL,NULL,NULL,NULL,1,737),(739,'Niwari',24,3,NULL,NULL,NULL,NULL,NULL,1,738),(740,'Panna',24,3,NULL,NULL,NULL,NULL,NULL,1,739),(741,'Raisen',24,3,NULL,NULL,NULL,NULL,NULL,1,740),(742,'Rajgarh',24,3,NULL,NULL,NULL,NULL,NULL,1,741),(743,'Ratlam',24,3,NULL,NULL,NULL,NULL,NULL,1,742),(744,'Rewa',24,3,NULL,NULL,NULL,NULL,NULL,1,743),(745,'Sagar',24,3,NULL,NULL,NULL,NULL,NULL,1,744),(746,'Satna',24,3,NULL,NULL,NULL,NULL,NULL,1,745),(747,'Sehore',24,3,NULL,NULL,NULL,NULL,NULL,1,746),(748,'Seoni',24,3,NULL,NULL,NULL,NULL,NULL,1,747),(749,'Shahdol',24,3,NULL,NULL,NULL,NULL,NULL,1,748),(750,'Shajapur',24,3,NULL,NULL,NULL,NULL,NULL,1,749),(751,'Sheopur',24,3,NULL,NULL,NULL,NULL,NULL,1,750),(752,'Shivpuri',24,3,NULL,NULL,NULL,NULL,NULL,1,751),(753,'Sidhi',24,3,NULL,NULL,NULL,NULL,NULL,1,752),(754,'Singrauli',24,3,NULL,NULL,NULL,NULL,NULL,1,753),(755,'Tikamgarh',24,3,NULL,NULL,NULL,NULL,NULL,1,754),(756,'Ujjain',24,3,NULL,NULL,NULL,NULL,NULL,1,755),(757,'Umaria',24,3,NULL,NULL,NULL,NULL,NULL,1,756),(758,'Vidisha',24,3,NULL,NULL,NULL,NULL,NULL,1,757),(759,'Ahmednagar',28,3,NULL,NULL,NULL,NULL,NULL,1,758),(760,'Akola',28,3,NULL,NULL,NULL,NULL,NULL,1,759),(761,'Amravati',28,3,NULL,NULL,NULL,NULL,NULL,1,760),(762,'Aurangabad',28,3,NULL,NULL,NULL,NULL,NULL,1,761),(763,'Beed',28,3,NULL,NULL,NULL,NULL,NULL,1,762),(764,'Bhandara',28,3,NULL,NULL,NULL,NULL,NULL,1,763),(765,'Buldhana',28,3,NULL,NULL,NULL,NULL,NULL,1,764),(766,'Chandrapur',28,3,NULL,NULL,NULL,NULL,NULL,1,765),(767,'Dhule',28,3,NULL,NULL,NULL,NULL,NULL,1,766),(768,'Gadchiroli',28,3,NULL,NULL,NULL,NULL,NULL,1,767),(769,'Gondia',28,3,NULL,NULL,NULL,NULL,NULL,1,768),(770,'Hingoli',28,3,NULL,NULL,NULL,NULL,NULL,1,769),(771,'Jalgaon',28,3,NULL,NULL,NULL,NULL,NULL,1,770),(772,'Jalna',28,3,NULL,NULL,NULL,NULL,NULL,1,771),(773,'Kolhapur',28,3,NULL,NULL,NULL,NULL,NULL,1,772),(774,'Latur',28,3,NULL,NULL,NULL,NULL,NULL,1,773),(775,'Mumbai City',28,3,NULL,NULL,NULL,NULL,NULL,1,774),(776,'Mumbai Suburban',28,3,NULL,NULL,NULL,NULL,NULL,1,775),(777,'Nagpur',28,3,NULL,NULL,NULL,NULL,NULL,1,776),(778,'Nanded',28,3,NULL,NULL,NULL,NULL,NULL,1,777),(779,'Nandurbar',28,3,NULL,NULL,NULL,NULL,NULL,1,778),(780,'Nashik',28,3,NULL,NULL,NULL,NULL,NULL,1,779),(781,'Osmanabad',28,3,NULL,NULL,NULL,NULL,NULL,1,780),(782,'Palghar',28,3,NULL,NULL,NULL,NULL,NULL,1,781),(783,'Parbhani',28,3,NULL,NULL,NULL,NULL,NULL,1,782),(784,'Pune',28,3,NULL,NULL,NULL,NULL,NULL,1,783),(785,'Raigad',28,3,NULL,NULL,NULL,NULL,NULL,1,784),(786,'Ratnagiri',28,3,NULL,NULL,NULL,NULL,NULL,1,785),(787,'Sangli',28,3,NULL,NULL,NULL,NULL,NULL,1,786),(788,'Satara',28,3,NULL,NULL,NULL,NULL,NULL,1,787),(789,'Sindhudurg',28,3,NULL,NULL,NULL,NULL,NULL,1,788),(790,'Solapur',28,3,NULL,NULL,NULL,NULL,NULL,1,789),(791,'Thane',28,3,NULL,NULL,NULL,NULL,NULL,1,790),(792,'Wardha',28,3,NULL,NULL,NULL,NULL,NULL,1,791),(793,'Washim',28,3,NULL,NULL,NULL,NULL,NULL,1,792),(794,'Yavatmal',28,3,NULL,NULL,NULL,NULL,NULL,1,793),(795,'Bishnupur',15,3,NULL,NULL,NULL,NULL,NULL,1,794),(796,'Chandel',15,3,NULL,NULL,NULL,NULL,NULL,1,795),(797,'Churachandpur',15,3,NULL,NULL,NULL,NULL,NULL,1,796),(798,'Imphal East',15,3,NULL,NULL,NULL,NULL,NULL,1,797),(799,'Imphal West',15,3,NULL,NULL,NULL,NULL,NULL,1,798),(800,'Jiribam',15,3,NULL,NULL,NULL,NULL,NULL,1,799),(801,'Kakching',15,3,NULL,NULL,NULL,NULL,NULL,1,800),(802,'Kamjong',15,3,NULL,NULL,NULL,NULL,NULL,1,801),(803,'Kangpokpi',15,3,NULL,NULL,NULL,NULL,NULL,1,802),(804,'Noney',15,3,NULL,NULL,NULL,NULL,NULL,1,803),(805,'Pherzawl',15,3,NULL,NULL,NULL,NULL,NULL,1,804),(806,'Senapati',15,3,NULL,NULL,NULL,NULL,NULL,1,805),(807,'Tamenglong',15,3,NULL,NULL,NULL,NULL,NULL,1,806),(808,'Tengnoupal',15,3,NULL,NULL,NULL,NULL,NULL,1,807),(809,'Thoubal',15,3,NULL,NULL,NULL,NULL,NULL,1,808),(810,'Ukhrul',15,3,NULL,NULL,NULL,NULL,NULL,1,809),(811,'East Garo Hills',18,3,NULL,NULL,NULL,NULL,NULL,1,810),(812,'East Jaintia Hills',18,3,NULL,NULL,NULL,NULL,NULL,1,811),(813,'East Khasi Hills',18,3,NULL,NULL,NULL,NULL,NULL,1,812),(814,'North Garo Hills',18,3,NULL,NULL,NULL,NULL,NULL,1,813),(815,'Ri Bhoi',18,3,NULL,NULL,NULL,NULL,NULL,1,814),(816,'South Garo Hills',18,3,NULL,NULL,NULL,NULL,NULL,1,815),(817,'South West Garo Hills',18,3,NULL,NULL,NULL,NULL,NULL,1,816),(818,'South West Khasi Hills',18,3,NULL,NULL,NULL,NULL,NULL,1,817),(819,'West Garo Hills',18,3,NULL,NULL,NULL,NULL,NULL,1,818),(820,'West Jaintia Hills',18,3,NULL,NULL,NULL,NULL,NULL,1,819),(821,'West Khasi Hills',18,3,NULL,NULL,NULL,NULL,NULL,1,820),(822,'Aizawl',16,3,NULL,NULL,NULL,NULL,NULL,1,821),(823,'Champhai',16,3,NULL,NULL,NULL,NULL,NULL,1,822),(824,'Hnahthial',16,3,NULL,NULL,NULL,NULL,NULL,1,823),(825,'Kolasib',16,3,NULL,NULL,NULL,NULL,NULL,1,824),(826,'Khawzawl',16,3,NULL,NULL,NULL,NULL,NULL,1,825),(827,'Lawngtlai',16,3,NULL,NULL,NULL,NULL,NULL,1,826),(828,'Lunglei',16,3,NULL,NULL,NULL,NULL,NULL,1,827),(829,'Mamit',16,3,NULL,NULL,NULL,NULL,NULL,1,828),(830,'Saiha',16,3,NULL,NULL,NULL,NULL,NULL,1,829),(831,'Serchhip',16,3,NULL,NULL,NULL,NULL,NULL,1,830),(832,'Saitual',16,3,NULL,NULL,NULL,NULL,NULL,1,831),(833,'Dimapur',14,3,NULL,NULL,NULL,NULL,NULL,1,832),(834,'Kiphire',14,3,NULL,NULL,NULL,NULL,NULL,1,833),(835,'Kohima',14,3,NULL,NULL,NULL,NULL,NULL,1,834),(836,'Longleng',14,3,NULL,NULL,NULL,NULL,NULL,1,835),(837,'Mokokchung',14,3,NULL,NULL,NULL,NULL,NULL,1,836),(838,'Mon',14,3,NULL,NULL,NULL,NULL,NULL,1,837),(839,'Noklak',14,3,NULL,NULL,NULL,NULL,NULL,1,838),(840,'Peren',14,3,NULL,NULL,NULL,NULL,NULL,1,839),(841,'Phek',14,3,NULL,NULL,NULL,NULL,NULL,1,840),(842,'Tuensang',14,3,NULL,NULL,NULL,NULL,NULL,1,841),(843,'Wokha',14,3,NULL,NULL,NULL,NULL,NULL,1,842),(844,'Zunheboto',14,3,NULL,NULL,NULL,NULL,NULL,1,843),(845,'Angul',22,3,NULL,NULL,NULL,NULL,NULL,1,844),(846,'Balangir',22,3,NULL,NULL,NULL,NULL,NULL,1,845),(847,'Balasore',22,3,NULL,NULL,NULL,NULL,NULL,1,846),(848,'Bargarh',22,3,NULL,NULL,NULL,NULL,NULL,1,847),(849,'Bhadrak',22,3,NULL,NULL,NULL,NULL,NULL,1,848),(850,'Boudh',22,3,NULL,NULL,NULL,NULL,NULL,1,849),(851,'Cuttack',22,3,NULL,NULL,NULL,NULL,NULL,1,850),(852,'Debagarh',22,3,NULL,NULL,NULL,NULL,NULL,1,851),(853,'Dhenkanal',22,3,NULL,NULL,NULL,NULL,NULL,1,852),(854,'Gajapati',22,3,NULL,NULL,NULL,NULL,NULL,1,853),(855,'Ganjam',22,3,NULL,NULL,NULL,NULL,NULL,1,854),(856,'Jagatsinghpur',22,3,NULL,NULL,NULL,NULL,NULL,1,855),(857,'Jajpur',22,3,NULL,NULL,NULL,NULL,NULL,1,856),(858,'Jharsuguda',22,3,NULL,NULL,NULL,NULL,NULL,1,857),(859,'Kalahandi',22,3,NULL,NULL,NULL,NULL,NULL,1,858),(860,'Kandhamal',22,3,NULL,NULL,NULL,NULL,NULL,1,859),(861,'Kendrapara',22,3,NULL,NULL,NULL,NULL,NULL,1,860),(862,'Kendujhar',22,3,NULL,NULL,NULL,NULL,NULL,1,861),(863,'Khordha',22,3,NULL,NULL,NULL,NULL,NULL,1,862),(864,'Koraput',22,3,NULL,NULL,NULL,NULL,NULL,1,863),(865,'Malkangiri',22,3,NULL,NULL,NULL,NULL,NULL,1,864),(866,'Mayurbhanj',22,3,NULL,NULL,NULL,NULL,NULL,1,865),(867,'Nabarangpur',22,3,NULL,NULL,NULL,NULL,NULL,1,866),(868,'Nayagarh',22,3,NULL,NULL,NULL,NULL,NULL,1,867),(869,'Nuapada',22,3,NULL,NULL,NULL,NULL,NULL,1,868),(870,'Puri',22,3,NULL,NULL,NULL,NULL,NULL,1,869),(871,'Rayagada',22,3,NULL,NULL,NULL,NULL,NULL,1,870),(872,'Sambalpur',22,3,NULL,NULL,NULL,NULL,NULL,1,871),(873,'Subarnapur',22,3,NULL,NULL,NULL,NULL,NULL,1,872),(874,'Sundergarh',22,3,NULL,NULL,NULL,NULL,NULL,1,873),(875,'Karaikal',34,3,NULL,NULL,NULL,NULL,NULL,1,874),(876,'Mahe',34,3,NULL,NULL,NULL,NULL,NULL,1,875),(877,'Puducherry',34,3,NULL,NULL,NULL,NULL,NULL,1,876),(878,'Yanam',34,3,NULL,NULL,NULL,NULL,NULL,1,877),(879,'Amritsar',4,3,NULL,NULL,NULL,NULL,NULL,1,878),(880,'Barnala',4,3,NULL,NULL,NULL,NULL,NULL,1,879),(881,'Bathinda',4,3,NULL,NULL,NULL,NULL,NULL,1,880),(882,'Faridkot',4,3,NULL,NULL,NULL,NULL,NULL,1,881),(883,'Fatehgarh Sahib',4,3,NULL,NULL,NULL,NULL,NULL,1,882),(884,'Fazilka',4,3,NULL,NULL,NULL,NULL,NULL,1,883),(885,'Firozpur',4,3,NULL,NULL,NULL,NULL,NULL,1,884),(886,'Gurdaspur',4,3,NULL,NULL,NULL,NULL,NULL,1,885),(887,'Hoshiarpur',4,3,NULL,NULL,NULL,NULL,NULL,1,886),(888,'Jalandhar',4,3,NULL,NULL,NULL,NULL,NULL,1,887),(889,'Kapurthala',4,3,NULL,NULL,NULL,NULL,NULL,1,888),(890,'Ludhiana',4,3,NULL,NULL,NULL,NULL,NULL,1,889),(891,'Mansa',4,3,NULL,NULL,NULL,NULL,NULL,1,890),(892,'Moga',4,3,NULL,NULL,NULL,NULL,NULL,1,891),(893,'Mohali',4,3,NULL,NULL,NULL,NULL,NULL,1,892),(894,'Muktsar',4,3,NULL,NULL,NULL,NULL,NULL,1,893),(895,'Pathankot',4,3,NULL,NULL,NULL,NULL,NULL,1,894),(896,'Patiala',4,3,NULL,NULL,NULL,NULL,NULL,1,895),(897,'Rupnagar',4,3,NULL,NULL,NULL,NULL,NULL,1,896),(898,'Sangrur',4,3,NULL,NULL,NULL,NULL,NULL,1,897),(899,'Shaheed Bhagat Singh Nagar',4,3,NULL,NULL,NULL,NULL,NULL,1,898),(900,'Tarn Taran',4,3,NULL,NULL,NULL,NULL,NULL,1,899),(901,'Ajmer',9,3,NULL,NULL,NULL,NULL,NULL,1,900),(902,'Alwar',9,3,NULL,NULL,NULL,NULL,NULL,1,901),(903,'Banswara',9,3,NULL,NULL,NULL,NULL,NULL,1,902),(904,'Baran',9,3,NULL,NULL,NULL,NULL,NULL,1,903),(905,'Barmer',9,3,NULL,NULL,NULL,NULL,NULL,1,904),(906,'Bharatpur',9,3,NULL,NULL,NULL,NULL,NULL,1,905),(907,'Bhilwara',9,3,NULL,NULL,NULL,NULL,NULL,1,906),(908,'Bikaner',9,3,NULL,NULL,NULL,NULL,NULL,1,907),(909,'Bundi',9,3,NULL,NULL,NULL,NULL,NULL,1,908),(910,'Chittorgarh',9,3,NULL,NULL,NULL,NULL,NULL,1,909),(911,'Churu',9,3,NULL,NULL,NULL,NULL,NULL,1,910),(912,'Dausa',9,3,NULL,NULL,NULL,NULL,NULL,1,911),(913,'Dholpur',9,3,NULL,NULL,NULL,NULL,NULL,1,912),(914,'Dungarpur',9,3,NULL,NULL,NULL,NULL,NULL,1,913),(915,'Hanumangarh',9,3,NULL,NULL,NULL,NULL,NULL,1,914),(916,'Jaipur',9,3,NULL,NULL,NULL,NULL,NULL,1,915),(917,'Jaisalmer',9,3,NULL,NULL,NULL,NULL,NULL,1,916),(918,'Jalore',9,3,NULL,NULL,NULL,NULL,NULL,1,917),(919,'Jhalawar',9,3,NULL,NULL,NULL,NULL,NULL,1,918),(920,'Jhunjhunu',9,3,NULL,NULL,NULL,NULL,NULL,1,919),(921,'Jodhpur',9,3,NULL,NULL,NULL,NULL,NULL,1,920),(922,'Karauli',9,3,NULL,NULL,NULL,NULL,NULL,1,921),(923,'Kota',9,3,NULL,NULL,NULL,NULL,NULL,1,922),(924,'Nagaur',9,3,NULL,NULL,NULL,NULL,NULL,1,923),(925,'Pali',9,3,NULL,NULL,NULL,NULL,NULL,1,924),(926,'Pratapgarh',9,3,NULL,NULL,NULL,NULL,NULL,1,925),(927,'Rajsamand',9,3,NULL,NULL,NULL,NULL,NULL,1,926),(928,'Sawai Madhopur',9,3,NULL,NULL,NULL,NULL,NULL,1,927),(929,'Sikar',9,3,NULL,NULL,NULL,NULL,NULL,1,928),(930,'Sirohi',9,3,NULL,NULL,NULL,NULL,NULL,1,929),(931,'Sri Ganganagar',9,3,NULL,NULL,NULL,NULL,NULL,1,930),(932,'Tonk',9,3,NULL,NULL,NULL,NULL,NULL,1,931),(933,'Udaipur',9,3,NULL,NULL,NULL,NULL,NULL,1,932),(934,'East Sikkim',12,3,NULL,NULL,NULL,NULL,NULL,1,933),(935,'North Sikkim',12,3,NULL,NULL,NULL,NULL,NULL,1,934),(936,'South Sikkim',12,3,NULL,NULL,NULL,NULL,NULL,1,935),(937,'West Sikkim',12,3,NULL,NULL,NULL,NULL,NULL,1,936),(938,'Adilabad',36,3,NULL,NULL,NULL,NULL,NULL,1,937),(939,'Bhadradri Kothagudem',36,3,NULL,NULL,NULL,NULL,NULL,1,938),(940,'Hyderabad',36,3,NULL,NULL,NULL,NULL,NULL,1,939),(941,'Jagtial',36,3,NULL,NULL,NULL,NULL,NULL,1,940),(942,'Jangaon',36,3,NULL,NULL,NULL,NULL,NULL,1,941),(943,'Jayashankar',36,3,NULL,NULL,NULL,NULL,NULL,1,942),(944,'Jogulamba',36,3,NULL,NULL,NULL,NULL,NULL,1,943),(945,'Kamareddy',36,3,NULL,NULL,NULL,NULL,NULL,1,944),(946,'Karimnagar',36,3,NULL,NULL,NULL,NULL,NULL,1,945),(947,'Khammam',36,3,NULL,NULL,NULL,NULL,NULL,1,946),(948,'Komaram Bheem',36,3,NULL,NULL,NULL,NULL,NULL,1,947),(949,'Mahabubabad',36,3,NULL,NULL,NULL,NULL,NULL,1,948),(950,'Mahbubnagar',36,3,NULL,NULL,NULL,NULL,NULL,1,949),(951,'Mancherial',36,3,NULL,NULL,NULL,NULL,NULL,1,950),(952,'Medak',36,3,NULL,NULL,NULL,NULL,NULL,1,951),(953,'Medchal',36,3,NULL,NULL,NULL,NULL,NULL,1,952),(954,'Mulugu',36,3,NULL,NULL,NULL,NULL,NULL,1,953),(955,'Nagarkurnool',36,3,NULL,NULL,NULL,NULL,NULL,1,954),(956,'Nalgonda',36,3,NULL,NULL,NULL,NULL,NULL,1,955),(957,'Narayanpet',36,3,NULL,NULL,NULL,NULL,NULL,1,956),(958,'Nirmal',36,3,NULL,NULL,NULL,NULL,NULL,1,957),(959,'Nizamabad',36,3,NULL,NULL,NULL,NULL,NULL,1,958),(960,'Peddapalli',36,3,NULL,NULL,NULL,NULL,NULL,1,959),(961,'Rajanna Sircilla',36,3,NULL,NULL,NULL,NULL,NULL,1,960),(962,'Ranga Reddy',36,3,NULL,NULL,NULL,NULL,NULL,1,961),(963,'Sangareddy',36,3,NULL,NULL,NULL,NULL,NULL,1,962),(964,'Siddipet',36,3,NULL,NULL,NULL,NULL,NULL,1,963),(965,'Suryapet',36,3,NULL,NULL,NULL,NULL,NULL,1,964),(966,'Vikarabad',36,3,NULL,NULL,NULL,NULL,NULL,1,965),(967,'Wanaparthy',36,3,NULL,NULL,NULL,NULL,NULL,1,966),(968,'Warangal Rural',36,3,NULL,NULL,NULL,NULL,NULL,1,967),(969,'Warangal Urban',36,3,NULL,NULL,NULL,NULL,NULL,1,968),(970,'Yadadri Bhuvanagiri',36,3,NULL,NULL,NULL,NULL,NULL,1,969),(971,'Dhalai',17,3,NULL,NULL,NULL,NULL,NULL,1,970),(972,'Gomati',17,3,NULL,NULL,NULL,NULL,NULL,1,971),(973,'Khowai',17,3,NULL,NULL,NULL,NULL,NULL,1,972),(974,'North Tripura',17,3,NULL,NULL,NULL,NULL,NULL,1,973),(975,'Sepahijala',17,3,NULL,NULL,NULL,NULL,NULL,1,974),(976,'South Tripura',17,3,NULL,NULL,NULL,NULL,NULL,1,975),(977,'Unakoti',17,3,NULL,NULL,NULL,NULL,NULL,1,976),(978,'West Tripura',17,3,NULL,NULL,NULL,NULL,NULL,1,977),(979,'Agra',10,3,NULL,NULL,NULL,NULL,NULL,1,978),(980,'Aligarh',10,3,NULL,NULL,NULL,NULL,NULL,1,979),(981,'Ambedkar Nagar',10,3,NULL,NULL,NULL,NULL,NULL,1,980),(982,'Amethi',10,3,NULL,NULL,NULL,NULL,NULL,1,981),(983,'Amroha',10,3,NULL,NULL,NULL,NULL,NULL,1,982),(984,'Auraiya',10,3,NULL,NULL,NULL,NULL,NULL,1,983),(985,'Ayodhya',10,3,NULL,NULL,NULL,NULL,NULL,1,984),(986,'Azamgarh',10,3,NULL,NULL,NULL,NULL,NULL,1,985),(987,'Baghpat',10,3,NULL,NULL,NULL,NULL,NULL,1,986),(988,'Bahraich',10,3,NULL,NULL,NULL,NULL,NULL,1,987),(989,'Ballia',10,3,NULL,NULL,NULL,NULL,NULL,1,988),(990,'Balrampur',10,3,NULL,NULL,NULL,NULL,NULL,1,989),(991,'Banda',10,3,NULL,NULL,NULL,NULL,NULL,1,990),(992,'Barabanki',10,3,NULL,NULL,NULL,NULL,NULL,1,991),(993,'Bareilly',10,3,NULL,NULL,NULL,NULL,NULL,1,992),(994,'Basti',10,3,NULL,NULL,NULL,NULL,NULL,1,993),(995,'Bhadohi',10,3,NULL,NULL,NULL,NULL,NULL,1,994),(996,'Bijnor',10,3,NULL,NULL,NULL,NULL,NULL,1,995),(997,'Budaun',10,3,NULL,NULL,NULL,NULL,NULL,1,996),(998,'Bulandshahr',10,3,NULL,NULL,NULL,NULL,NULL,1,997),(999,'Chandauli',10,3,NULL,NULL,NULL,NULL,NULL,1,998),(1000,'Chitrakoot',10,3,NULL,NULL,NULL,NULL,NULL,1,999),(1001,'Deoria',10,3,NULL,NULL,NULL,NULL,NULL,1,1000),(1002,'Etah',10,3,NULL,NULL,NULL,NULL,NULL,1,1001),(1003,'Etawah',10,3,NULL,NULL,NULL,NULL,NULL,1,1002),(1004,'Farrukhabad',10,3,NULL,NULL,NULL,NULL,NULL,1,1003),(1005,'Fatehpur',10,3,NULL,NULL,NULL,NULL,NULL,1,1004),(1006,'Firozabad',10,3,NULL,NULL,NULL,NULL,NULL,1,1005),(1007,'Gautam Buddha Nagar',10,3,NULL,NULL,NULL,NULL,NULL,1,1006),(1008,'Ghaziabad',10,3,NULL,NULL,NULL,NULL,NULL,1,1007),(1009,'Ghazipur',10,3,NULL,NULL,NULL,NULL,NULL,1,1008),(1010,'Gonda',10,3,NULL,NULL,NULL,NULL,NULL,1,1009),(1011,'Gorakhpur',10,3,NULL,NULL,NULL,NULL,NULL,1,1010),(1012,'Hamirpur',10,3,NULL,NULL,NULL,NULL,NULL,1,1011),(1013,'Hapur',10,3,NULL,NULL,NULL,NULL,NULL,1,1012),(1014,'Hardoi',10,3,NULL,NULL,NULL,NULL,NULL,1,1013),(1015,'Hathras',10,3,NULL,NULL,NULL,NULL,NULL,1,1014),(1016,'Jalaun',10,3,NULL,NULL,NULL,NULL,NULL,1,1015),(1017,'Jaunpur',10,3,NULL,NULL,NULL,NULL,NULL,1,1016),(1018,'Jhansi',10,3,NULL,NULL,NULL,NULL,NULL,1,1017),(1019,'Kannauj',10,3,NULL,NULL,NULL,NULL,NULL,1,1018),(1020,'Kanpur Dehat',10,3,NULL,NULL,NULL,NULL,NULL,1,1019),(1021,'Kanpur Nagar',10,3,NULL,NULL,NULL,NULL,NULL,1,1020),(1022,'Kasganj',10,3,NULL,NULL,NULL,NULL,NULL,1,1021),(1023,'Kaushambi',10,3,NULL,NULL,NULL,NULL,NULL,1,1022),(1024,'Kheri',10,3,NULL,NULL,NULL,NULL,NULL,1,1023),(1025,'Kushinagar',10,3,NULL,NULL,NULL,NULL,NULL,1,1024),(1026,'Lalitpur',10,3,NULL,NULL,NULL,NULL,NULL,1,1025),(1027,'Lucknow',10,3,NULL,NULL,NULL,NULL,NULL,1,1026),(1028,'Maharajganj',10,3,NULL,NULL,NULL,NULL,NULL,1,1027),(1029,'Mahoba',10,3,NULL,NULL,NULL,NULL,NULL,1,1028),(1030,'Mainpuri',10,3,NULL,NULL,NULL,NULL,NULL,1,1029),(1031,'Mathura',10,3,NULL,NULL,NULL,NULL,NULL,1,1030),(1032,'Mau',10,3,NULL,NULL,NULL,NULL,NULL,1,1031),(1033,'Meerut',10,3,NULL,NULL,NULL,NULL,NULL,1,1032),(1034,'Mirzapur',10,3,NULL,NULL,NULL,NULL,NULL,1,1033),(1035,'Moradabad',10,3,NULL,NULL,NULL,NULL,NULL,1,1034),(1036,'Muzaffarnagar',10,3,NULL,NULL,NULL,NULL,NULL,1,1035),(1037,'Pilibhit',10,3,NULL,NULL,NULL,NULL,NULL,1,1036),(1038,'Pratapgarh',10,3,NULL,NULL,NULL,NULL,NULL,1,1037),(1039,'Prayagraj',10,3,NULL,NULL,NULL,NULL,NULL,1,1038),(1040,'Raebareli',10,3,NULL,NULL,NULL,NULL,NULL,1,1039),(1041,'Rampur',10,3,NULL,NULL,NULL,NULL,NULL,1,1040),(1042,'Saharanpur',10,3,NULL,NULL,NULL,NULL,NULL,1,1041),(1043,'Sambhal',10,3,NULL,NULL,NULL,NULL,NULL,1,1042),(1044,'Sant Kabir Nagar',10,3,NULL,NULL,NULL,NULL,NULL,1,1043),(1045,'Shahjahanpur',10,3,NULL,NULL,NULL,NULL,NULL,1,1044),(1046,'Shamli',10,3,NULL,NULL,NULL,NULL,NULL,1,1045),(1047,'Shravasti',10,3,NULL,NULL,NULL,NULL,NULL,1,1046),(1048,'Siddharthnagar',10,3,NULL,NULL,NULL,NULL,NULL,1,1047),(1049,'Sitapur',10,3,NULL,NULL,NULL,NULL,NULL,1,1048),(1050,'Sonbhadra',10,3,NULL,NULL,NULL,NULL,NULL,1,1049),(1051,'Sultanpur',10,3,NULL,NULL,NULL,NULL,NULL,1,1050),(1052,'Unnao',10,3,NULL,NULL,NULL,NULL,NULL,1,1051),(1053,'Varanasi',10,3,NULL,NULL,NULL,NULL,NULL,1,1052),(1054,'Almora',6,3,NULL,NULL,NULL,NULL,NULL,1,1053),(1055,'Bageshwar',6,3,NULL,NULL,NULL,NULL,NULL,1,1054),(1056,'Chamoli',6,3,NULL,NULL,NULL,NULL,NULL,1,1055),(1057,'Champawat',6,3,NULL,NULL,NULL,NULL,NULL,1,1056),(1058,'Dehradun',6,3,NULL,NULL,NULL,NULL,NULL,1,1057),(1059,'Haridwar',6,3,NULL,NULL,NULL,NULL,NULL,1,1058),(1060,'Nainital',6,3,NULL,NULL,NULL,NULL,NULL,1,1059),(1061,'Pauri',6,3,NULL,NULL,NULL,NULL,NULL,1,1060),(1062,'Pithoragarh',6,3,NULL,NULL,NULL,NULL,NULL,1,1061),(1063,'Rudraprayag',6,3,NULL,NULL,NULL,NULL,NULL,1,1062),(1064,'Tehri',6,3,NULL,NULL,NULL,NULL,NULL,1,1063),(1065,'Udham Singh Nagar',6,3,NULL,NULL,NULL,NULL,NULL,1,1064),(1066,'Uttarkashi',6,3,NULL,NULL,NULL,NULL,NULL,1,1065),(1067,'Alipurduar',20,3,NULL,NULL,NULL,NULL,NULL,1,1066),(1068,'Bankura',20,3,NULL,NULL,NULL,NULL,NULL,1,1067),(1069,'Birbhum',20,3,NULL,NULL,NULL,NULL,NULL,1,1068),(1070,'Cooch Behar',20,3,NULL,NULL,NULL,NULL,NULL,1,1069),(1071,'Dakshin Dinajpur',20,3,NULL,NULL,NULL,NULL,NULL,1,1070),(1072,'Darjeeling',20,3,NULL,NULL,NULL,NULL,NULL,1,1071),(1073,'Hooghly',20,3,NULL,NULL,NULL,NULL,NULL,1,1072),(1074,'Howrah',20,3,NULL,NULL,NULL,NULL,NULL,1,1073),(1075,'Jalpaiguri',20,3,NULL,NULL,NULL,NULL,NULL,1,1074),(1076,'Jhargram',20,3,NULL,NULL,NULL,NULL,NULL,1,1075),(1077,'Kalimpong',20,3,NULL,NULL,NULL,NULL,NULL,1,1076),(1078,'Kolkata',20,3,NULL,NULL,NULL,NULL,NULL,1,1077),(1079,'Malda',20,3,NULL,NULL,NULL,NULL,NULL,1,1078),(1080,'Murshidabad',20,3,NULL,NULL,NULL,NULL,NULL,1,1079),(1081,'Nadia',20,3,NULL,NULL,NULL,NULL,NULL,1,1080),(1082,'North 24 Parganas',20,3,NULL,NULL,NULL,NULL,NULL,1,1081),(1083,'Paschim Bardhaman',20,3,NULL,NULL,NULL,NULL,NULL,1,1082),(1084,'Paschim Medinipur',20,3,NULL,NULL,NULL,NULL,NULL,1,1083),(1085,'Purba Bardhaman',20,3,NULL,NULL,NULL,NULL,NULL,1,1084),(1086,'Purba Medinipur',20,3,NULL,NULL,NULL,NULL,NULL,1,1085),(1087,'Purulia',20,3,NULL,NULL,NULL,NULL,NULL,1,1086),(1088,'South 24 Parganas',20,3,NULL,NULL,NULL,NULL,NULL,1,1087),(1089,'Uttar Dinajpur',20,3,NULL,NULL,NULL,NULL,NULL,1,1088);
/*!40000 ALTER TABLE `master_geo` ENABLE KEYS */;
UNLOCK TABLES;

--
-- Table structure for table `master_geo_level`
--

DROP TABLE IF EXISTS `master_geo_level`;
/*!40101 SET @saved_cs_client     = @@character_set_client */;
/*!40101 SET character_set_client = utf8 */;
CREATE TABLE `master_geo_level` (
  `Geo_Level_Code` int(11) DEFAULT NULL,
  `Geo_Level_Name` varchar(50) DEFAULT NULL,
  `Geo_Level_Isactive` tinyint(4) DEFAULT NULL,
  `id` int(11) NOT NULL AUTO_INCREMENT,
  PRIMARY KEY (`id`)
) ENGINE=InnoDB AUTO_INCREMENT=6 DEFAULT CHARSET=utf8;
/*!40101 SET character_set_client = @saved_cs_client */;

--
-- Dumping data for table `master_geo_level`
--

LOCK TABLES `master_geo_level` WRITE;
/*!40000 ALTER TABLE `master_geo_level` DISABLE KEYS */;
INSERT INTO `master_geo_level` VALUES (1,'Country',1,1),(2,'State',1,2),(3,'District',1,3),(4,'Taluk',1,4),(5,'Village/Area',1,5);
/*!40000 ALTER TABLE `master_geo_level` ENABLE KEYS */;
UNLOCK TABLES;

--
-- Table structure for table `master_geo_type`
--

DROP TABLE IF EXISTS `master_geo_type`;
/*!40101 SET @saved_cs_client     = @@character_set_client */;
/*!40101 SET character_set_client = utf8 */;
CREATE TABLE `master_geo_type` (
  `Geo_Type_Code` int(11) DEFAULT NULL,
  `Geo_Type_Name` varchar(50) DEFAULT NULL,
  `Geo_Type_Isactive` tinyint(4) DEFAULT NULL,
  `Geo_Type_Batch` int(11) DEFAULT NULL,
  `Geo_Type_B_Batch` int(11) DEFAULT NULL,
  `id` int(11) NOT NULL AUTO_INCREMENT,
  PRIMARY KEY (`id`)
) ENGINE=InnoDB AUTO_INCREMENT=6 DEFAULT CHARSET=utf8;
/*!40101 SET character_set_client = @saved_cs_client */;

--
-- Dumping data for table `master_geo_type`
--

LOCK TABLES `master_geo_type` WRITE;
/*!40000 ALTER TABLE `master_geo_type` DISABLE KEYS */;
INSERT INTO `master_geo_type` VALUES (1,'Metropolitan City',1,NULL,NULL,1),(2,'Municipal Corporation',1,NULL,NULL,2),(3,'Municipality',1,NULL,NULL,3),(4,'Town panchayat',1,NULL,NULL,4),(5,'Village panchayat',1,NULL,NULL,5);
/*!40000 ALTER TABLE `master_geo_type` ENABLE KEYS */;
UNLOCK TABLES;

--
-- Table structure for table `master_lov`
--

DROP TABLE IF EXISTS `master_lov`;
/*!40101 SET @saved_cs_client     = @@character_set_client */;
/*!40101 SET character_set_client = utf8 */;
CREATE TABLE `master_lov` (
  `id` int(11) NOT NULL AUTO_INCREMENT,
  `desc` varchar(100) NOT NULL,
  `type` varchar(50) NOT NULL,
  `parent_id` int(11) DEFAULT NULL,
  `isactive` smallint(6) NOT NULL DEFAULT 1,
  PRIMARY KEY (`id`)
) ENGINE=InnoDB AUTO_INCREMENT=6 DEFAULT CHARSET=utf8;
/*!40101 SET character_set_client = @saved_cs_client */;

--
-- Dumping data for table `master_lov`
--

LOCK TABLES `master_lov` WRITE;
/*!40000 ALTER TABLE `master_lov` DISABLE KEYS */;
INSERT INTO `master_lov` VALUES (1,'0 - 3 years','vendor_experience',NULL,1),(2,'3 - 5 years','vendor_experience',NULL,1),(3,'5 - 7 years','vendor_experience',NULL,1),(4,'7 - 10 years','vendor_experience',NULL,1),(5,'10+ years','vendor_experience',NULL,1);
/*!40000 ALTER TABLE `master_lov` ENABLE KEYS */;
UNLOCK TABLES;

--
-- Table structure for table `master_subscription`
--

DROP TABLE IF EXISTS `master_subscription`;
/*!40101 SET @saved_cs_client     = @@character_set_client */;
/*!40101 SET character_set_client = utf8 */;
CREATE TABLE `master_subscription` (
  `id` int(11) NOT NULL AUTO_INCREMENT,
  `name` varchar(100) NOT NULL,
  `description` varchar(191) DEFAULT NULL,
  `duration_months` int(10) unsigned NOT NULL,
  `price` decimal(18,2) NOT NULL,
  `project_count` int(11) NOT NULL,
  `price_per_project` decimal(18,2) DEFAULT NULL,
  `duration_days` int(11) DEFAULT NULL,
  `is_active` tinyint(4) DEFAULT NULL,
  PRIMARY KEY (`id`)
) ENGINE=InnoDB AUTO_INCREMENT=7 DEFAULT CHARSET=latin1;
/*!40101 SET character_set_client = @saved_cs_client */;

--
-- Dumping data for table `master_subscription`
--

LOCK TABLES `master_subscription` WRITE;
/*!40000 ALTER TABLE `master_subscription` DISABLE KEYS */;
INSERT INTO `master_subscription` VALUES (1,'3 Months (Silver)','4500 Rs + 18% GST',3,5310.00,5,900.00,90,1),(2,'6 Months (Gold)','7200 Rs + 18% GST',6,8496.00,15,700.00,180,1),(3,'12 Months (Platinum)','11,760 Rs + 18% GST',12,13877.00,25,600.00,365,1),(6,'Trail','Trial For 7 Days',0,13877.00,25,600.00,7,0);
/*!40000 ALTER TABLE `master_subscription` ENABLE KEYS */;
UNLOCK TABLES;

--
-- Table structure for table `master_subscription_for_freelancer`
--

DROP TABLE IF EXISTS `master_subscription_for_freelancer`;
/*!40101 SET @saved_cs_client     = @@character_set_client */;
/*!40101 SET character_set_client = utf8 */;
CREATE TABLE `master_subscription_for_freelancer` (
  `id` int(11) NOT NULL AUTO_INCREMENT,
  `name` varchar(100) NOT NULL,
  `description` varchar(191) DEFAULT NULL,
  `duration_months` int(10) unsigned NOT NULL,
  `price` decimal(18,2) NOT NULL,
  `project_count` int(11) NOT NULL,
  `price_per_project` decimal(18,2) DEFAULT NULL,
  `duration_days` int(11) DEFAULT NULL,
  PRIMARY KEY (`id`)
) ENGINE=InnoDB AUTO_INCREMENT=7 DEFAULT CHARSET=utf8mb4;
/*!40101 SET character_set_client = @saved_cs_client */;

--
-- Dumping data for table `master_subscription_for_freelancer`
--

LOCK TABLES `master_subscription_for_freelancer` WRITE;
/*!40000 ALTER TABLE `master_subscription_for_freelancer` DISABLE KEYS */;
INSERT INTO `master_subscription_for_freelancer` VALUES (6,'1 Year Subscription','1,299 Rs + 18% GST',12,1533.00,25,600.00,365);
/*!40000 ALTER TABLE `master_subscription_for_freelancer` ENABLE KEYS */;
UNLOCK TABLES;

--
-- Table structure for table `master_vendor`
--

DROP TABLE IF EXISTS `master_vendor`;
/*!40101 SET @saved_cs_client     = @@character_set_client */;
/*!40101 SET character_set_client = utf8 */;
CREATE TABLE `master_vendor` (
  `id` int(11) NOT NULL AUTO_INCREMENT,
  `name` varchar(100) NOT NULL,
  `type_id` int(11) NOT NULL,
  `email` varchar(150) NOT NULL,
  `mobile` varchar(15) NOT NULL,
  `description` text DEFAULT NULL,
  `payment_terms` text DEFAULT NULL,
  `additional_cost` text DEFAULT NULL,
  `experience_lov_id` int(11) DEFAULT NULL,
  `site_url` varchar(250) DEFAULT NULL,
  `fb_url` varchar(250) DEFAULT NULL,
  `instagram_url` varchar(250) DEFAULT NULL,
  `youtube_url` varchar(250) DEFAULT NULL,
  `created_by` varchar(100) DEFAULT NULL,
  `created_date` datetime DEFAULT NULL,
  `updated_by` varchar(100) DEFAULT NULL,
  `updated_date` datetime DEFAULT NULL,
  `isactive` smallint(6) NOT NULL DEFAULT 1,
  `identifier` varchar(200) DEFAULT NULL,
  PRIMARY KEY (`id`)
) ENGINE=InnoDB AUTO_INCREMENT=42 DEFAULT CHARSET=utf8;
/*!40101 SET character_set_client = @saved_cs_client */;

--
-- Dumping data for table `master_vendor`
--

LOCK TABLES `master_vendor` WRITE;
/*!40000 ALTER TABLE `master_vendor` DISABLE KEYS */;
INSERT INTO `master_vendor` VALUES (2,'shahin',1,'shahinck@gmail.com','9447157707',NULL,NULL,NULL,0,NULL,NULL,NULL,NULL,NULL,'2021-01-26 09:12:31',NULL,NULL,0,'2'),(3,'Iyyankannu',1,'iyyan.muthu@gmail.com','9840145598',NULL,NULL,NULL,0,NULL,NULL,NULL,NULL,NULL,'2021-01-26 10:24:38',NULL,NULL,0,'3'),(9,'Madurai Smart Studios',1,'madurai@gmail.com','9840145591',NULL,NULL,NULL,0,NULL,NULL,NULL,NULL,NULL,'2021-02-17 07:46:58',NULL,NULL,0,'25f223bb-24a9-456e-b483-e815702f1e72'),(14,'Shahin Photograpghy',1,'shahin@frameincam.com','7274990999','Delhi NCR based, Hitched and Clicked is a brain child of a husband and wife, Gaurav and Aastha. The team of \'Hitched & Clicked\' loves their job of capturing an amalgamation of emotions as you celebrate. They enjoy finding who you are as a couple and that in turn enables us to create our magic. Their unique and contemporary approach is to capture those spontaneous moments as they happen for that is what helps us craft a beautiful story. Wedding photography are not only about capturing beauty, but it is also a time to bring out the tiniest moments a couple shares and so they believe in capturing the real emotional moments rather than staging them. They believe that Long after your day is over, these pictures will narrate the story of your love.. You don\'t take vows for a day but a lifetime. Same way, we create story tales that last forever.','50 % in Aedvance','All expenses at Actuals.',4,'https://shahinck.com','https://www.facebook.com/FrameInCam','https://www.instagram.com/zukti_handcrafted_jewellery/',NULL,NULL,'0001-01-01 00:00:00',NULL,NULL,0,'1ecba183-4823-41bb-8b20-48b751485d0i'),(17,'Mazeworks Enterprises',2,'sivasuriyaprakash@gmail.com','8056322404',NULL,NULL,NULL,0,NULL,NULL,NULL,NULL,NULL,'2021-03-06 09:13:48',NULL,NULL,0,'e07c89ec-1cb1-4dbe-802b-bb62c734f18b'),(18,'Greenx Organics',2,'nprabhu@mazeworkssolutions.com','8056322837',NULL,NULL,NULL,1,NULL,NULL,NULL,NULL,NULL,'0001-01-01 00:00:00',NULL,NULL,0,'1ecba183-4823-41bb-8b20-48b751485d0z'),(19,'Suriya Flims',2,'suriyaprakash@mazeworkssolutions.com','8056322836',NULL,'We Accept Google Pay','No Additional Costs.',5,'http://mazeworkssolutions.com/','https://www.facebook.com/mazeworkssolutions/',NULL,NULL,NULL,'2021-03-07 00:00:00',NULL,NULL,0,'1ecba183-4823-41bb-8b20-48b751485d0s'),(20,'Perseverance Space Photography',1,'mkchins831@gmail.com','8190918296','Helloworld','Payment Accepted By Google Pay','Need Cost For Film Rolls',5,'http://mazeworkssolutions.com/','https://www.facebook.com/mazeworkssolutions/',NULL,NULL,NULL,'2021-03-07 00:00:00',NULL,NULL,0,'1ecba183-4823-41bb-8b20-48b751485d0d'),(21,'Sakthi Photography',1,'sakthi@mazeworkssolutions.com','8056322840',NULL,NULL,NULL,0,NULL,NULL,NULL,NULL,NULL,'2021-04-01 19:43:27',NULL,NULL,0,'1ecba183-4823-41bb-8b20-48b751485d0c'),(22,'Fermi Paradox Photography',1,'ksspam43@yahoo.com','8190918391',NULL,NULL,NULL,0,NULL,NULL,NULL,NULL,NULL,'2021-04-01 19:48:28',NULL,NULL,0,'4f198d4c-bb5c-4c53-9d19-d2bba78bb4f2'),(24,'Seeman',1,'seeman@gmail.com','8056322876',NULL,NULL,NULL,0,NULL,NULL,NULL,NULL,NULL,'2021-04-01 20:02:24',NULL,NULL,0,'d7afff3c-6247-4936-a239-a8911a77e604'),(25,'Iyya Kannu Photography',3,'iyyakannu@yahoo.com','8190918297',NULL,NULL,NULL,0,NULL,NULL,NULL,NULL,NULL,'2021-04-01 20:08:21',NULL,NULL,0,'9cf74a5d-8de9-45f1-95fe-7d0ded872d00'),(26,'Chinna Thambi Photography',1,'mkchins832@gmail.com','9873452341',NULL,NULL,NULL,0,NULL,NULL,NULL,NULL,NULL,'2021-04-05 07:02:09',NULL,NULL,0,'be71d710-0ed7-4934-a0d5-0a5e08854168'),(27,'Moon Photography',1,'moonphotography@gmail.com','8056322007',NULL,NULL,NULL,0,NULL,NULL,NULL,NULL,NULL,'2021-04-05 07:07:53',NULL,NULL,0,'7d96b54b-735c-4f3a-9f87-013fde319157'),(28,'Sasi Enterprises',1,'sasi@gmail.com','8190918223',NULL,NULL,NULL,0,NULL,NULL,NULL,NULL,NULL,'2021-04-05 07:56:58',NULL,NULL,0,'5dfb4041-6075-4bd4-a495-cb8ca55174e6'),(29,'Sakthi Rajan Photography',1,'sakthirajan@mazeworkssolutions.com','8190918232',NULL,NULL,NULL,0,NULL,NULL,NULL,NULL,NULL,'2021-04-05 11:39:47',NULL,NULL,0,'ccbca2ab-4159-45e4-80e3-b1a76e4a78dc'),(31,'Dheeraj Khanna H',1,'hdheerajkhanna@mailinator.com','8190918212',NULL,NULL,NULL,0,NULL,NULL,NULL,NULL,NULL,'2021-04-14 11:30:42',NULL,NULL,0,'24e91521-8e69-487e-8223-697b97d169c1'),(32,'G Praveen Kumar',1,'gpraveenkumar@mailinator.com','8056322839',NULL,NULL,NULL,0,NULL,NULL,NULL,NULL,NULL,'2021-04-14 13:02:12',NULL,NULL,0,'34f7ec1d-b258-448d-b3be-0e4a97294ff5'),(35,'Praveen Space Photography',1,'praveenkumar@mailinator.com','9362935972',NULL,NULL,NULL,0,NULL,NULL,NULL,NULL,NULL,'2021-04-23 16:58:49',NULL,NULL,0,'48186b9c-36a3-4593-8b81-cb4711bac45e'),(36,'Earth Sky Community',1,'earthsky@mailinator.com','8056322324',NULL,NULL,NULL,0,NULL,NULL,NULL,NULL,NULL,'2021-04-28 15:15:58',NULL,NULL,0,'a954b0a5-3f6b-4a82-8849-1b445f53c98c'),(37,'Test FrameInCam',1,'testframeincam2021@mailinator.com','8056322836',NULL,NULL,NULL,0,NULL,NULL,NULL,NULL,NULL,'2021-04-29 16:12:45',NULL,NULL,0,'af5300b0-1277-40a4-9997-33e722504f49'),(38,'Test FrameInCam',1,'testframeincam2022@mailinator.com','8056322836',NULL,NULL,NULL,0,NULL,NULL,NULL,NULL,NULL,'2021-04-29 16:15:49',NULL,NULL,0,'bba01e7c-79cd-45e3-9af0-1aa573930d88'),(39,'Test FrameInCam',1,'testframeincam2023@mailinator.com','8056322836',NULL,NULL,NULL,0,NULL,NULL,NULL,NULL,NULL,'2021-04-29 16:17:56',NULL,NULL,0,'ebb0b95f-84ea-4186-82ac-8d3cf1d73bcc'),(40,'ManiMaran Studio',1,'manimaran@mailinator.com','8056322836',NULL,NULL,NULL,0,NULL,NULL,NULL,NULL,NULL,'2021-04-29 16:55:00',NULL,NULL,0,'27b891a9-be8c-4dca-8ace-1ed9b3373fff'),(41,'Suriya Teja',1,'suriyateja@mailinator.com','8056322836',NULL,NULL,NULL,0,NULL,NULL,NULL,NULL,NULL,'2021-04-29 17:35:58',NULL,NULL,0,'1f3bda2b-443e-4b1d-8b71-de5f30b7ae9f');
/*!40000 ALTER TABLE `master_vendor` ENABLE KEYS */;
UNLOCK TABLES;

--
-- Table structure for table `master_vendor_address`
--

DROP TABLE IF EXISTS `master_vendor_address`;
/*!40101 SET @saved_cs_client     = @@character_set_client */;
/*!40101 SET character_set_client = utf8 */;
CREATE TABLE `master_vendor_address` (
  `id` int(11) NOT NULL AUTO_INCREMENT,
  `vendor_id` int(11) NOT NULL,
  `pincode` varchar(50) NOT NULL,
  `address_line_1` varchar(250) DEFAULT NULL,
  `address_line_2` varchar(250) DEFAULT NULL,
  `landmark` varchar(200) DEFAULT NULL,
  `city_geo_id` int(11) DEFAULT NULL,
  `state_geo_id` int(11) DEFAULT NULL,
  `isprimary` smallint(6) DEFAULT 1,
  `isactive` smallint(6) DEFAULT 1,
  `created_by` varchar(100) DEFAULT NULL,
  `created_date` datetime DEFAULT NULL,
  `updated_by` varchar(100) DEFAULT NULL,
  `updated_date` datetime DEFAULT NULL,
  PRIMARY KEY (`id`)
) ENGINE=InnoDB AUTO_INCREMENT=11 DEFAULT CHARSET=utf8;
/*!40101 SET character_set_client = @saved_cs_client */;

--
-- Dumping data for table `master_vendor_address`
--

LOCK TABLES `master_vendor_address` WRITE;
/*!40000 ALTER TABLE `master_vendor_address` DISABLE KEYS */;
INSERT INTO `master_vendor_address` VALUES (1,11,'600040','R 44, R Block 15th Street','Anna Nagar','K 4, Police Station',42,33,0,0,NULL,'2021-02-17 10:56:40',NULL,NULL),(3,14,'600040','R 45','Anna Nagar','K4 Police Station',42,33,0,0,NULL,'2021-02-17 13:34:15',NULL,NULL),(4,15,'625014','1/462, Amman Street,','Simmakkal.',NULL,52,33,0,0,NULL,'2021-02-17 13:55:10',NULL,NULL),(5,5,'625014','1/462, Amman Street,','Simmakkal.',NULL,52,33,0,0,NULL,'2021-02-17 14:45:21',NULL,NULL),(6,18,'626117','109, Pathiya Pillai Street',NULL,NULL,76,33,0,0,NULL,'2021-03-10 02:30:54',NULL,NULL),(9,19,'626117','109,Pathiya Pillai Street',NULL,NULL,42,33,0,0,NULL,NULL,NULL,NULL),(10,20,'626117','109,Pathiya Pillai Street',NULL,NULL,42,33,0,0,NULL,'0001-01-01 00:00:00',NULL,NULL);
/*!40000 ALTER TABLE `master_vendor_address` ENABLE KEYS */;
UNLOCK TABLES;

--
-- Table structure for table `master_vendor_album`
--

DROP TABLE IF EXISTS `master_vendor_album`;
/*!40101 SET @saved_cs_client     = @@character_set_client */;
/*!40101 SET character_set_client = utf8 */;
CREATE TABLE `master_vendor_album` (
  `id` int(11) NOT NULL AUTO_INCREMENT,
  `album_title` varchar(150) CHARACTER SET utf8 DEFAULT NULL,
  `album_note` varchar(250) CHARACTER SET utf8 DEFAULT NULL,
  `album_location` varchar(100) CHARACTER SET utf8 DEFAULT NULL,
  `created_by` varchar(100) CHARACTER SET utf8 DEFAULT NULL,
  `created_date` datetime DEFAULT NULL,
  `updated_by` varchar(100) CHARACTER SET utf8 DEFAULT NULL,
  `updated_date` datetime DEFAULT NULL,
  `is_active` tinyint(4) DEFAULT NULL,
  PRIMARY KEY (`id`)
) ENGINE=InnoDB DEFAULT CHARSET=latin1;
/*!40101 SET character_set_client = @saved_cs_client */;

--
-- Dumping data for table `master_vendor_album`
--

LOCK TABLES `master_vendor_album` WRITE;
/*!40000 ALTER TABLE `master_vendor_album` DISABLE KEYS */;
/*!40000 ALTER TABLE `master_vendor_album` ENABLE KEYS */;
UNLOCK TABLES;

--
-- Table structure for table `master_vendor_album_files`
--

DROP TABLE IF EXISTS `master_vendor_album_files`;
/*!40101 SET @saved_cs_client     = @@character_set_client */;
/*!40101 SET character_set_client = utf8 */;
CREATE TABLE `master_vendor_album_files` (
  `id` int(11) NOT NULL AUTO_INCREMENT,
  `album_id` int(11) NOT NULL,
  `vendor_file_id` int(11) NOT NULL,
  PRIMARY KEY (`id`)
) ENGINE=InnoDB DEFAULT CHARSET=latin1;
/*!40101 SET character_set_client = @saved_cs_client */;

--
-- Dumping data for table `master_vendor_album_files`
--

LOCK TABLES `master_vendor_album_files` WRITE;
/*!40000 ALTER TABLE `master_vendor_album_files` DISABLE KEYS */;
/*!40000 ALTER TABLE `master_vendor_album_files` ENABLE KEYS */;
UNLOCK TABLES;

--
-- Table structure for table `master_vendor_files`
--

DROP TABLE IF EXISTS `master_vendor_files`;
/*!40101 SET @saved_cs_client     = @@character_set_client */;
/*!40101 SET character_set_client = utf8 */;
CREATE TABLE `master_vendor_files` (
  `id` int(11) NOT NULL AUTO_INCREMENT,
  `file_name` varchar(300) CHARACTER SET utf8 DEFAULT NULL,
  `content_length` bigint(20) DEFAULT NULL,
  `content_type` varchar(200) CHARACTER SET utf8 DEFAULT NULL,
  `created_by` varchar(100) CHARACTER SET utf8 DEFAULT NULL,
  `created_date` datetime DEFAULT NULL,
  `file_type` varchar(50) DEFAULT NULL,
  `updated_by` varchar(100) DEFAULT NULL,
  `updated_date` datetime DEFAULT NULL,
  `vendor_id` int(11) DEFAULT NULL,
  PRIMARY KEY (`id`)
) ENGINE=InnoDB AUTO_INCREMENT=75 DEFAULT CHARSET=latin1;
/*!40101 SET character_set_client = @saved_cs_client */;

--
-- Dumping data for table `master_vendor_files`
--

LOCK TABLES `master_vendor_files` WRITE;
/*!40000 ALTER TABLE `master_vendor_files` DISABLE KEYS */;
INSERT INTO `master_vendor_files` VALUES (55,'https://www.youtube.com/embed/Dnfh1ehgYME',0,'videos','suriyaprakash@mazeworkssolutions.com','2021-04-04 09:49:57','videos',NULL,NULL,19),(56,'https://www.youtube.com/embed/s95ud_y8Ktc',0,'videos','suriyaprakash@mazeworkssolutions.com','2021-04-04 09:49:57','videos',NULL,NULL,19),(57,'https://www.youtube.com/embed/bKRlt1MyH_4',0,'videos','suriyaprakash@mazeworkssolutions.com','2021-04-04 09:49:57','videos',NULL,NULL,19),(63,'DSC_2057m.jpg',50843,'image/jpeg','suriyaprakash@mazeworkssolutions.com','2021-04-07 11:19:59','photos',NULL,NULL,19),(64,'DSC_0358.jpg',122311,'image/jpeg','suriyaprakash@mazeworkssolutions.com','2021-04-07 11:20:00','photos',NULL,NULL,19),(65,'DSC_0934.jpg',152469,'image/jpeg','suriyaprakash@mazeworkssolutions.com','2021-04-07 11:20:00','photos',NULL,NULL,19),(66,'DSC_0249.jpg',55551,'image/jpeg','suriyaprakash@mazeworkssolutions.com','2021-04-07 11:20:00','photos',NULL,NULL,19),(67,'DSC_2132.jpg',148733,'image/jpeg','suriyaprakash@mazeworkssolutions.com','2021-04-07 11:20:00','photos',NULL,NULL,19),(68,'DSC_0261.jpg',65762,'image/jpeg','suriyaprakash@mazeworkssolutions.com','2021-04-07 11:20:00','photos',NULL,NULL,19),(69,'DSC_0339.jpg',52028,'image/jpeg','suriyaprakash@mazeworkssolutions.com','2021-04-07 11:20:00','photos',NULL,NULL,19),(70,'DSC_4258.jpg',105039,'image/jpeg','suriyaprakash@mazeworkssolutions.com','2021-04-07 11:20:00','photos',NULL,NULL,19),(71,'DSC_0348.jpg',46032,'image/jpeg','suriyaprakash@mazeworkssolutions.com','2021-04-07 11:20:00','photos',NULL,NULL,19),(72,'DSC_2174.jpg',140209,'image/jpeg','suriyaprakash@mazeworkssolutions.com','2021-04-07 11:20:01','photos',NULL,NULL,19),(73,'DSC_5645.jpg',130074,'image/jpeg','suriyaprakash@mazeworkssolutions.com','2021-04-07 11:20:01','photos',NULL,NULL,19),(74,'DSC_2940.jpg',96054,'image/jpeg','suriyaprakash@mazeworkssolutions.com','2021-04-07 11:20:01','photos',NULL,NULL,19);
/*!40000 ALTER TABLE `master_vendor_files` ENABLE KEYS */;
UNLOCK TABLES;

--
-- Table structure for table `master_vendor_package`
--

DROP TABLE IF EXISTS `master_vendor_package`;
/*!40101 SET @saved_cs_client     = @@character_set_client */;
/*!40101 SET character_set_client = utf8 */;
CREATE TABLE `master_vendor_package` (
  `id` int(11) NOT NULL AUTO_INCREMENT,
  `vendor_id` int(11) NOT NULL,
  `description` varchar(250) NOT NULL,
  `price_per_day` decimal(18,2) NOT NULL,
  `created_by` varchar(100) CHARACTER SET utf8 DEFAULT NULL,
  `created_date` datetime DEFAULT NULL,
  `updated_by` varchar(100) CHARACTER SET utf8 DEFAULT NULL,
  `updated_date` datetime DEFAULT NULL,
  PRIMARY KEY (`id`)
) ENGINE=InnoDB AUTO_INCREMENT=12 DEFAULT CHARSET=latin1;
/*!40101 SET character_set_client = @saved_cs_client */;

--
-- Dumping data for table `master_vendor_package`
--

LOCK TABLES `master_vendor_package` WRITE;
/*!40000 ALTER TABLE `master_vendor_package` DISABLE KEYS */;
INSERT INTO `master_vendor_package` VALUES (1,1,'Photo + Video',140000.00,'siva.envision@gmail.com','2021-02-14 23:32:01',NULL,NULL),(2,1,'Photoshoot',20000.00,'siva.envision@gmail.com','2021-02-14 23:32:01',NULL,NULL),(3,8,'Photoshoot',45000.00,'fincam@gmail.com','2021-02-15 00:12:25',NULL,NULL),(4,8,'Photo + Video',15000.00,'fincam@gmail.com','2021-02-15 00:12:25',NULL,NULL),(5,11,'1 Day Shoot',325000.00,'pksteja@gmail.com','2021-02-17 10:56:40',NULL,NULL),(6,14,'1 Day Shoot',350000.00,'shahin@frameincam.com','2021-02-17 13:34:16',NULL,NULL),(8,18,'Single Day',500.00,'nprabhu@mazeworkssolutions.com','2021-03-10 02:31:28',NULL,NULL),(9,19,'Single Film',300.00,'suriyaprakash@mazeworkssolutions.com','2021-03-10 11:12:40',NULL,NULL),(10,20,'Per Project',300.00,'mkchins831@gmail.com','2021-04-04 00:12:56',NULL,NULL),(11,20,'Per Week',1000.00,'mkchins831@gmail.com','2021-04-04 01:27:30',NULL,NULL);
/*!40000 ALTER TABLE `master_vendor_package` ENABLE KEYS */;
UNLOCK TABLES;

--
-- Table structure for table `master_vendor_service`
--

DROP TABLE IF EXISTS `master_vendor_service`;
/*!40101 SET @saved_cs_client     = @@character_set_client */;
/*!40101 SET character_set_client = utf8 */;
CREATE TABLE `master_vendor_service` (
  `id` int(11) NOT NULL AUTO_INCREMENT,
  `desc` varchar(100) NOT NULL,
  `type_id` int(11) DEFAULT NULL,
  `isactive` smallint(6) NOT NULL DEFAULT 1,
  PRIMARY KEY (`id`)
) ENGINE=InnoDB AUTO_INCREMENT=21 DEFAULT CHARSET=utf8;
/*!40101 SET character_set_client = @saved_cs_client */;

--
-- Dumping data for table `master_vendor_service`
--

LOCK TABLES `master_vendor_service` WRITE;
/*!40000 ALTER TABLE `master_vendor_service` DISABLE KEYS */;
INSERT INTO `master_vendor_service` VALUES (1,'Wedding Photography',NULL,1),(2,'Pre Wedding Shoot',NULL,1),(3,'Baby Shoot ',NULL,1),(4,'Post-wedding photography',NULL,1),(5,'Concept photography',NULL,1),(6,'Destination wedding photography',NULL,1),(7,'Candid photography',NULL,1),(8,'Couple portraits',NULL,1),(9,'Bridal portraits',NULL,1),(10,'Traditional photography',NULL,1),(11,'Photo album',NULL,1),(12,'Digital album',NULL,1),(13,'Photo booth',NULL,1),(14,'Fashion Shoots',NULL,1),(15,'Wedding films',NULL,1),(16,'Video teasers',NULL,1),(17,'Image editing',NULL,1),(18,'Save the Date Videos',NULL,1),(19,'Wedding Films',NULL,1),(20,'Teaser Videos',NULL,1);
/*!40000 ALTER TABLE `master_vendor_service` ENABLE KEYS */;
UNLOCK TABLES;

--
-- Table structure for table `master_vendor_service_map`
--

DROP TABLE IF EXISTS `master_vendor_service_map`;
/*!40101 SET @saved_cs_client     = @@character_set_client */;
/*!40101 SET character_set_client = utf8 */;
CREATE TABLE `master_vendor_service_map` (
  `id` int(11) NOT NULL AUTO_INCREMENT,
  `vendor_id` int(11) NOT NULL,
  `service_id` int(11) NOT NULL,
  PRIMARY KEY (`id`)
) ENGINE=InnoDB AUTO_INCREMENT=206 DEFAULT CHARSET=utf8;
/*!40101 SET character_set_client = @saved_cs_client */;

--
-- Dumping data for table `master_vendor_service_map`
--

LOCK TABLES `master_vendor_service_map` WRITE;
/*!40000 ALTER TABLE `master_vendor_service_map` DISABLE KEYS */;
INSERT INTO `master_vendor_service_map` VALUES (1,5,1),(2,5,2),(3,5,3),(4,5,4),(5,5,5),(6,5,6),(7,5,7),(8,5,8),(9,5,9),(10,5,10),(11,5,11),(12,5,12),(13,5,13),(14,5,14),(15,5,15),(16,5,16),(17,5,17),(18,5,18),(19,5,19),(20,5,20),(21,6,1),(22,6,2),(23,6,3),(24,6,4),(25,6,5),(26,6,6),(27,6,7),(28,6,8),(29,6,9),(30,6,10),(31,6,11),(32,6,12),(33,6,13),(34,6,14),(35,6,15),(36,6,16),(37,6,17),(38,6,18),(39,6,19),(40,6,20),(41,7,1),(42,7,2),(43,7,3),(44,7,4),(45,7,5),(46,7,6),(47,7,7),(48,7,8),(49,7,9),(50,7,10),(51,7,11),(52,7,12),(53,7,13),(54,7,14),(55,7,15),(56,7,16),(57,7,17),(58,7,18),(59,7,19),(60,7,20),(61,1,1),(62,1,2),(63,1,3),(64,1,4),(65,1,5),(66,1,6),(67,1,7),(68,1,8),(69,1,9),(70,1,10),(71,1,11),(72,1,12),(73,1,13),(74,1,14),(75,1,15),(76,1,16),(77,1,17),(78,1,19),(79,1,20),(80,8,1),(81,8,2),(82,8,3),(83,8,4),(84,8,5),(85,8,6),(86,8,7),(87,8,8),(88,8,9),(89,8,10),(90,8,11),(91,8,12),(92,8,13),(93,8,14),(94,8,15),(95,8,16),(96,8,17),(97,8,18),(98,8,19),(99,8,20),(100,11,1),(101,11,2),(102,11,3),(103,11,4),(104,11,5),(105,11,6),(106,11,7),(107,11,8),(108,11,9),(109,11,10),(110,11,11),(111,11,12),(112,11,13),(113,11,14),(114,11,15),(115,11,16),(116,11,17),(117,11,18),(118,11,19),(119,11,20),(120,14,1),(121,14,2),(122,14,3),(123,14,4),(124,14,5),(125,14,6),(126,14,7),(127,14,8),(128,14,9),(129,14,10),(130,14,11),(131,14,12),(132,14,13),(133,14,14),(134,14,15),(135,14,16),(136,14,17),(137,14,18),(138,14,19),(139,14,20),(140,15,1),(141,15,2),(142,15,3),(143,15,4),(144,15,5),(145,15,6),(146,15,7),(147,15,8),(148,15,9),(149,15,10),(150,15,11),(151,15,12),(152,15,13),(153,15,14),(154,15,15),(155,15,16),(156,15,17),(157,15,18),(158,15,19),(159,15,20),(160,18,1),(161,18,2),(162,18,3),(163,18,4),(164,18,5),(165,18,6),(166,18,7),(167,18,8),(168,18,9),(169,18,10),(170,18,11),(171,18,12),(172,18,13),(173,18,14),(174,18,15),(175,18,16),(176,18,17),(177,18,18),(178,18,19),(179,18,20),(180,19,1),(181,19,2),(182,19,3),(183,19,4),(184,19,5),(185,19,6),(186,19,7),(187,19,8),(188,19,9),(189,19,10),(190,19,11),(191,19,12),(192,19,13),(193,19,14),(194,19,15),(195,19,16),(196,19,17),(197,19,18),(198,19,19),(199,19,20),(200,20,13),(201,20,12),(202,20,9),(203,20,3),(204,20,19),(205,20,20);
/*!40000 ALTER TABLE `master_vendor_service_map` ENABLE KEYS */;
UNLOCK TABLES;

--
-- Table structure for table `master_vendor_subscriptions`
--

DROP TABLE IF EXISTS `master_vendor_subscriptions`;
/*!40101 SET @saved_cs_client     = @@character_set_client */;
/*!40101 SET character_set_client = utf8 */;
CREATE TABLE `master_vendor_subscriptions` (
  `id` int(11) NOT NULL AUTO_INCREMENT,
  `vendor_id` int(11) NOT NULL,
  `subscription_id` int(11) NOT NULL,
  `valid_from` datetime NOT NULL,
  `valid_till` datetime DEFAULT NULL,
  `payment_id` int(10) unsigned DEFAULT NULL,
  `is_active` tinyint(4) NOT NULL DEFAULT 1,
  `total_projects` int(10) unsigned DEFAULT NULL,
  `remaining_projects` int(10) unsigned DEFAULT NULL,
  PRIMARY KEY (`id`)
) ENGINE=InnoDB AUTO_INCREMENT=40 DEFAULT CHARSET=latin1;
/*!40101 SET character_set_client = @saved_cs_client */;

--
-- Dumping data for table `master_vendor_subscriptions`
--

LOCK TABLES `master_vendor_subscriptions` WRITE;
/*!40000 ALTER TABLE `master_vendor_subscriptions` DISABLE KEYS */;
INSERT INTO `master_vendor_subscriptions` VALUES (1,1,4,'2021-02-14 23:32:22',NULL,NULL,1,NULL,NULL),(2,11,1,'2021-02-17 08:13:55','2021-02-17 08:14:01',NULL,1,NULL,NULL),(3,11,4,'2021-02-17 08:14:01',NULL,NULL,0,NULL,NULL),(4,5,2,'2021-02-17 14:45:00',NULL,NULL,1,NULL,NULL),(5,19,1,'2021-03-10 12:33:13','2021-03-26 04:12:59',NULL,0,NULL,NULL),(6,19,2,'2021-03-24 17:32:05',NULL,NULL,0,NULL,NULL),(7,19,1,'2021-03-25 05:06:34',NULL,NULL,0,NULL,NULL),(8,19,3,'2021-03-25 10:30:23',NULL,NULL,0,NULL,NULL),(9,19,3,'2021-03-25 10:33:48',NULL,NULL,0,NULL,NULL),(10,19,3,'2021-03-25 10:34:21',NULL,NULL,0,NULL,NULL),(11,19,1,'2021-03-25 13:25:57',NULL,NULL,0,NULL,NULL),(12,19,1,'2021-03-25 14:55:24',NULL,NULL,0,NULL,NULL),(13,19,1,'2021-03-25 15:10:57',NULL,NULL,0,NULL,NULL),(14,19,1,'2021-03-25 15:56:34',NULL,NULL,0,NULL,NULL),(15,19,1,'2021-03-25 15:58:20',NULL,NULL,0,NULL,NULL),(16,19,1,'2021-03-25 16:04:04',NULL,NULL,0,NULL,NULL),(17,19,1,'2021-03-25 16:11:13',NULL,NULL,0,NULL,NULL),(18,19,1,'2021-03-26 02:20:08',NULL,NULL,0,NULL,NULL),(19,19,4,'2021-03-26 02:25:32',NULL,NULL,0,NULL,NULL),(20,19,1,'2021-03-26 02:52:20',NULL,NULL,0,NULL,NULL),(21,19,1,'2021-03-26 04:12:59',NULL,19,0,NULL,NULL),(22,19,2,'2021-03-26 12:46:50',NULL,20,0,NULL,NULL),(23,19,1,'2021-03-26 13:01:03',NULL,21,0,NULL,NULL),(24,19,2,'2021-03-27 02:54:38',NULL,26,0,NULL,NULL),(25,19,4,'2021-03-27 02:56:26',NULL,27,0,NULL,NULL),(26,19,3,'2021-03-27 05:06:26',NULL,28,0,NULL,NULL),(27,19,1,'2021-03-27 05:09:14',NULL,29,0,NULL,NULL),(28,19,2,'2021-03-27 05:12:07',NULL,30,0,15,15),(29,19,1,'2021-03-27 05:13:41',NULL,31,0,5,4),(30,19,2,'2021-04-01 13:52:00','2020-10-01 20:06:50',32,1,19,19),(31,19,3,'2021-04-02 05:02:07','2020-04-02 18:06:33',33,1,25,24),(32,35,6,'2021-04-23 16:58:51','2021-11-23 16:58:50',0,1,25,25),(33,19,1,'2021-04-27 18:44:22','2021-07-27 18:44:20',42,1,5,5),(34,36,6,'2021-04-28 15:16:09','2021-05-05 15:15:58',0,1,25,25),(35,37,6,'2021-04-29 16:12:49','2021-05-06 16:12:45',0,1,25,25),(36,38,6,'2021-04-29 16:15:49','2021-05-06 16:15:49',0,1,25,25),(37,39,6,'2021-04-29 16:17:56','2021-05-06 16:17:56',0,1,25,25),(38,40,6,'2021-04-29 16:55:02','2021-05-06 16:55:01',0,1,25,25),(39,41,6,'2021-04-29 17:36:00','2021-05-06 17:35:58',0,1,25,25);
/*!40000 ALTER TABLE `master_vendor_subscriptions` ENABLE KEYS */;
UNLOCK TABLES;

--
-- Table structure for table `master_vendor_type`
--

DROP TABLE IF EXISTS `master_vendor_type`;
/*!40101 SET @saved_cs_client     = @@character_set_client */;
/*!40101 SET character_set_client = utf8 */;
CREATE TABLE `master_vendor_type` (
  `id` int(11) NOT NULL AUTO_INCREMENT,
  `type` varchar(100) NOT NULL,
  `isactive` smallint(6) NOT NULL DEFAULT 1,
  PRIMARY KEY (`id`)
) ENGINE=InnoDB AUTO_INCREMENT=7 DEFAULT CHARSET=utf8;
/*!40101 SET character_set_client = @saved_cs_client */;

--
-- Dumping data for table `master_vendor_type`
--

LOCK TABLES `master_vendor_type` WRITE;
/*!40000 ALTER TABLE `master_vendor_type` DISABLE KEYS */;
INSERT INTO `master_vendor_type` VALUES (1,'Photographers',1),(2,'Cinema/Video',1),(3,'Pre wedding shoot',1);
/*!40000 ALTER TABLE `master_vendor_type` ENABLE KEYS */;
UNLOCK TABLES;

--
-- Table structure for table `trn_customer_vendor_selection`
--

DROP TABLE IF EXISTS `trn_customer_vendor_selection`;
/*!40101 SET @saved_cs_client     = @@character_set_client */;
/*!40101 SET character_set_client = utf8 */;
CREATE TABLE `trn_customer_vendor_selection` (
  `id` int(11) NOT NULL AUTO_INCREMENT,
  `customer_id` int(11) NOT NULL,
  `vendor_id` int(11) NOT NULL,
  PRIMARY KEY (`id`)
) ENGINE=InnoDB AUTO_INCREMENT=10 DEFAULT CHARSET=latin1;
/*!40101 SET character_set_client = @saved_cs_client */;

--
-- Dumping data for table `trn_customer_vendor_selection`
--

LOCK TABLES `trn_customer_vendor_selection` WRITE;
/*!40000 ALTER TABLE `trn_customer_vendor_selection` DISABLE KEYS */;
INSERT INTO `trn_customer_vendor_selection` VALUES (1,5,7),(2,5,6),(3,5,3),(4,14,5),(5,14,6),(6,14,7),(7,14,15),(8,21,11),(9,21,14);
/*!40000 ALTER TABLE `trn_customer_vendor_selection` ENABLE KEYS */;
UNLOCK TABLES;

--
-- Table structure for table `trn_freelancer_vendor_reviews`
--

DROP TABLE IF EXISTS `trn_freelancer_vendor_reviews`;
/*!40101 SET @saved_cs_client     = @@character_set_client */;
/*!40101 SET character_set_client = utf8 */;
CREATE TABLE `trn_freelancer_vendor_reviews` (
  `id` int(11) NOT NULL AUTO_INCREMENT,
  `freelancer_id` int(10) unsigned NOT NULL,
  `created_by` varchar(191) NOT NULL,
  `title` varchar(191) CHARACTER SET latin1 NOT NULL,
  `body` text CHARACTER SET latin1 NOT NULL,
  `ratings` tinyint(3) unsigned NOT NULL DEFAULT 1,
  `is_show` tinyint(3) unsigned NOT NULL DEFAULT 0,
  `updated_by` int(10) unsigned DEFAULT NULL,
  `created_date` datetime NOT NULL DEFAULT current_timestamp(),
  `updated_date` datetime DEFAULT current_timestamp(),
  PRIMARY KEY (`id`)
) ENGINE=InnoDB AUTO_INCREMENT=18 DEFAULT CHARSET=utf8mb4;
/*!40101 SET character_set_client = @saved_cs_client */;

--
-- Dumping data for table `trn_freelancer_vendor_reviews`
--

LOCK TABLES `trn_freelancer_vendor_reviews` WRITE;
/*!40000 ALTER TABLE `trn_freelancer_vendor_reviews` DISABLE KEYS */;
/*!40000 ALTER TABLE `trn_freelancer_vendor_reviews` ENABLE KEYS */;
UNLOCK TABLES;

--
-- Table structure for table `trn_payments`
--

DROP TABLE IF EXISTS `trn_payments`;
/*!40101 SET @saved_cs_client     = @@character_set_client */;
/*!40101 SET character_set_client = utf8 */;
CREATE TABLE `trn_payments` (
  `id` int(10) unsigned NOT NULL AUTO_INCREMENT,
  `created_by` varchar(191) NOT NULL,
  `updated_by` varchar(191) DEFAULT NULL,
  `receipt_id` varchar(191) NOT NULL,
  `order_id` varchar(191) DEFAULT NULL,
  `payment_id` varchar(191) DEFAULT NULL,
  `status` enum('pending','received') NOT NULL DEFAULT 'pending',
  `created_date` timestamp NULL DEFAULT current_timestamp(),
  `updated_date` timestamp NULL DEFAULT current_timestamp() ON UPDATE current_timestamp(),
  `response` mediumtext DEFAULT NULL,
  PRIMARY KEY (`id`)
) ENGINE=InnoDB AUTO_INCREMENT=43 DEFAULT CHARSET=utf8mb4;
/*!40101 SET character_set_client = @saved_cs_client */;

--
-- Dumping data for table `trn_payments`
--

LOCK TABLES `trn_payments` WRITE;
/*!40000 ALTER TABLE `trn_payments` DISABLE KEYS */;
INSERT INTO `trn_payments` VALUES (1,'19',NULL,'54798008','order_Gqvo4pdqa5f0oW',NULL,'pending','2021-03-25 09:40:47',NULL,NULL),(2,'19','19','90965490','order_GqwaGzWs61LvOS','pay_GqwaOUiMwSFpxI','received','2021-03-25 10:26:24','2021-03-25 15:57:50','FrameIncam.Domains.Common.Subscription.PaymentRequestModel'),(3,'19','19','92894223','order_GqwbzfXVZe68WO','pay_GqwcFB5nnRO1uW','received','2021-03-25 10:28:02',NULL,'FrameIncam.Domains.Common.Subscription.PaymentRequestModel'),(4,'19','19','72323190','order_GqwiCxjTh7Mfc6','pay_GqwiJbuhvEu4IN','received','2021-03-25 10:33:55',NULL,'{\"checkout_log\":null,\"custom_branding\":false,\"org_logo\":\"\",\"checkout_logo\":\"https://dashboard-activation.s3.amazonaws.com/org_100000razorpay/checkout_logo/phpnHMpJe\",\"org_name\":\"Razorpay Software Private Ltd\",\"razorpay_payment_id\":\"pay_GqwiJbuhvEu4IN\",\"razorpay_order_id\":\"order_GqwiCxjTh7Mfc6\",\"razorpay_signature\":\"0e789c5027a863c2e4f3ae58144bb4c5693f0ee86d4fdc7ab97c7f1a2b419fa9\"}'),(5,'19',NULL,'25205993','order_GqwjWA61VJHwBg',NULL,'pending','2021-03-25 10:35:09',NULL,NULL),(6,'19',NULL,'39223212','order_GqwnmlLDqeSK6r',NULL,'pending','2021-03-25 10:39:12',NULL,NULL),(7,'19','19','78028275','order_GqwpbUIy9m7tW1','pay_GqwpqcSI2OqxJU','received','2021-03-25 10:40:55','2021-03-25 16:11:12','{\"checkout_log\":null,\"custom_branding\":false,\"org_logo\":\"\",\"checkout_logo\":\"https://dashboard-activation.s3.amazonaws.com/org_100000razorpay/checkout_logo/phpnHMpJe\",\"org_name\":\"Razorpay Software Private Ltd\",\"razorpay_payment_id\":\"pay_GqwpqcSI2OqxJU\",\"razorpay_order_id\":\"order_GqwpbUIy9m7tW1\",\"razorpay_signature\":\"018b8d23c6de66569652595989e1e294e3b71e53d7d14fbde65aa647a97006c1\"}'),(8,'19','suriyaprakash@mazeworkssolutions.com','74138238','order_Gr7CuyKIwy9MMT','pay_Gr7D46fmEFDDfr','received','2021-03-25 20:49:55','2021-03-26 02:20:08','{\"checkout_log\":null,\"custom_branding\":false,\"org_logo\":\"\",\"checkout_logo\":\"https://dashboard-activation.s3.amazonaws.com/org_100000razorpay/checkout_logo/phpnHMpJe\",\"org_name\":\"Razorpay Software Private Ltd\",\"razorpay_payment_id\":\"pay_Gr7D46fmEFDDfr\",\"razorpay_order_id\":\"order_Gr7CuyKIwy9MMT\",\"razorpay_signature\":\"560353e75e2f767ab8eb52d2285d1c42b194427a65e397516e24d6a9aaeddd58\"}'),(9,'19','suriyaprakash@mazeworkssolutions.com','83629847','order_Gr7IahctShrnh7','pay_Gr7Ih6P2yQZtyD','received','2021-03-25 20:55:17','2021-03-26 02:25:32','{\"checkout_log\":null,\"custom_branding\":false,\"org_logo\":\"\",\"checkout_logo\":\"https://dashboard-activation.s3.amazonaws.com/org_100000razorpay/checkout_logo/phpnHMpJe\",\"org_name\":\"Razorpay Software Private Ltd\",\"razorpay_payment_id\":\"pay_Gr7Ih6P2yQZtyD\",\"razorpay_order_id\":\"order_Gr7IahctShrnh7\",\"razorpay_signature\":\"a65aac99541becbfcab6abcf325a484a380e3e7f6befdbce6fbd63174cecb405\"}'),(10,'19',NULL,'64490904','order_Gr7OaLnuezVOJF',NULL,'pending','2021-03-25 21:00:58',NULL,NULL),(11,'19',NULL,'92837427','order_Gr7QCAFyT7TGQr',NULL,'pending','2021-03-25 21:02:29',NULL,NULL),(12,'19',NULL,'34180218','order_Gr7UTKyqtx7lQ3',NULL,'pending','2021-03-25 21:06:32',NULL,NULL),(13,'19',NULL,'13886529','order_Gr7iJfdJtNQTqH',NULL,'pending','2021-03-25 21:19:39',NULL,NULL),(14,'19',NULL,'40944343','order_Gr7jO5Qub6rswP',NULL,'pending','2021-03-25 21:20:40',NULL,NULL),(15,'19','suriyaprakash@mazeworkssolutions.com','74341557','order_Gr7kzL6IZou0VG','pay_Gr7l5j1uosjkEp','received','2021-03-25 21:22:11','2021-03-26 02:52:20','{\"checkout_log\":null,\"custom_branding\":false,\"org_logo\":\"\",\"checkout_logo\":\"https://dashboard-activation.s3.amazonaws.com/org_100000razorpay/checkout_logo/phpnHMpJe\",\"org_name\":\"Razorpay Software Private Ltd\",\"razorpay_payment_id\":\"pay_Gr7l5j1uosjkEp\",\"razorpay_order_id\":\"order_Gr7kzL6IZou0VG\",\"razorpay_signature\":\"179edf28c2f25b46527b92bd91fab94e0d0aa43aef1a2bb4474625ca0064ab69\"}'),(16,'suriyaprakash@mazeworkssolutions.com','suriyaprakash@mazeworkssolutions.com','58319321','order_Gr81LVETRKAFFG','pay_Gr81Wul2ICvyjY','received','2021-03-25 21:37:40','2021-03-26 03:07:54','{\"checkout_log\":null,\"custom_branding\":false,\"org_logo\":\"\",\"checkout_logo\":\"https://dashboard-activation.s3.amazonaws.com/org_100000razorpay/checkout_logo/phpnHMpJe\",\"org_name\":\"Razorpay Software Private Ltd\",\"razorpay_payment_id\":\"pay_Gr81Wul2ICvyjY\",\"razorpay_order_id\":\"order_Gr81LVETRKAFFG\",\"razorpay_signature\":\"412e68869beb3ca5999410d6a1c6270199fe2ed4f8fdce9a7546ef5b05c821b7\"}'),(17,'suriyaprakash@mazeworkssolutions.com','suriyaprakash@mazeworkssolutions.com','88756830','order_Gr93XQg9jDukCl','pay_Gr93hhYTlrc6Iq','received','2021-03-25 22:38:26','2021-03-25 22:38:39','{\"checkout_log\":null,\"custom_branding\":false,\"org_logo\":\"\",\"checkout_logo\":\"https://dashboard-activation.s3.amazonaws.com/org_100000razorpay/checkout_logo/phpnHMpJe\",\"org_name\":\"Razorpay Software Private Ltd\",\"razorpay_payment_id\":\"pay_Gr93hhYTlrc6Iq\",\"razorpay_order_id\":\"order_Gr93XQg9jDukCl\",\"razorpay_signature\":\"7ddf399483d9c0e1e0e4b89704873dbddbb106d2c0c9cbe073937027a2de8e47\"}'),(18,'suriyaprakash@mazeworkssolutions.com','suriyaprakash@mazeworkssolutions.com','23273341','order_Gr9536798b9hFt','pay_Gr95FOr986aIG8','received','2021-03-25 22:39:51','2021-03-25 22:40:11','{\"checkout_log\":null,\"custom_branding\":false,\"org_logo\":\"\",\"checkout_logo\":\"https://dashboard-activation.s3.amazonaws.com/org_100000razorpay/checkout_logo/phpnHMpJe\",\"org_name\":\"Razorpay Software Private Ltd\",\"razorpay_payment_id\":\"pay_Gr95FOr986aIG8\",\"razorpay_order_id\":\"order_Gr9536798b9hFt\",\"razorpay_signature\":\"834dc022ed64a87bbd3c0ce47045e34062e43b138ce2ef9fe9e154bf23dfa23b\"}'),(19,'suriyaprakash@mazeworkssolutions.com','suriyaprakash@mazeworkssolutions.com','96402172','order_Gr986GbG6zbF0a','pay_Gr98H7pjr9jCwq','received','2021-03-25 22:42:45','2021-03-25 22:42:59','{\"checkout_log\":null,\"custom_branding\":false,\"org_logo\":\"\",\"checkout_logo\":\"https://dashboard-activation.s3.amazonaws.com/org_100000razorpay/checkout_logo/phpnHMpJe\",\"org_name\":\"Razorpay Software Private Ltd\",\"razorpay_payment_id\":\"pay_Gr98H7pjr9jCwq\",\"razorpay_order_id\":\"order_Gr986GbG6zbF0a\",\"razorpay_signature\":\"2b2155d60c36a6f8a906acded3dc611db9d947d34016a21da1110cfe0170214c\"}'),(20,'suriyaprakash@mazeworkssolutions.com','suriyaprakash@mazeworkssolutions.com','45350308','order_GrHsesYyLUGFtA','pay_GrHt3Va9ltGy6Y','received','2021-03-26 07:16:23','2021-03-26 07:16:50','{\"checkout_log\":null,\"custom_branding\":false,\"org_logo\":\"\",\"checkout_logo\":\"https://dashboard-activation.s3.amazonaws.com/org_100000razorpay/checkout_logo/phpnHMpJe\",\"org_name\":\"Razorpay Software Private Ltd\",\"razorpay_payment_id\":\"pay_GrHt3Va9ltGy6Y\",\"razorpay_order_id\":\"order_GrHsesYyLUGFtA\",\"razorpay_signature\":\"d92b630787cf8962c058605b8e6ba225784e65954d42f3a285f45c85ef409893\"}'),(21,'suriyaprakash@mazeworkssolutions.com','suriyaprakash@mazeworkssolutions.com','16890432','order_GrI7nfvfJkdRYU','pay_GrI85PpZWEeFNZ','received','2021-03-26 07:30:43','2021-03-26 07:31:03','{\"checkout_log\":null,\"custom_branding\":false,\"org_logo\":\"\",\"checkout_logo\":\"https://dashboard-activation.s3.amazonaws.com/org_100000razorpay/checkout_logo/phpnHMpJe\",\"org_name\":\"Razorpay Software Private Ltd\",\"razorpay_payment_id\":\"pay_GrI85PpZWEeFNZ\",\"razorpay_order_id\":\"order_GrI7nfvfJkdRYU\",\"razorpay_signature\":\"f450b8f0f14eb1890f88091a77cace6fd99446fd52d8d6f7b5b69a0522f6234b\"}'),(22,'suriyaprakash@mazeworkssolutions.com','suriyaprakash@mazeworkssolutions.com','43417986','order_GrNDanV0tbpuCy','pay_GrNDuvFJ5HELwx','received','2021-03-26 12:29:40','2021-03-26 12:33:31','{\"checkout_log\":null,\"custom_branding\":false,\"org_logo\":\"\",\"checkout_logo\":\"https://dashboard-activation.s3.amazonaws.com/org_100000razorpay/checkout_logo/phpnHMpJe\",\"org_name\":\"Razorpay Software Private Ltd\",\"razorpay_payment_id\":\"pay_GrNDuvFJ5HELwx\",\"razorpay_order_id\":\"order_GrNDanV0tbpuCy\",\"razorpay_signature\":\"b3203b5ca85c4748c6da535b68fceca7b01573d04dae2f8e742d24d5ce4feffa\"}'),(23,'suriyaprakash@mazeworkssolutions.com','suriyaprakash@mazeworkssolutions.com','78732001','order_GrNSgoceKMgihd','pay_GrNSolOAZjE8Aj','received','2021-03-26 12:43:57','2021-03-26 12:44:07','{\"checkout_log\":null,\"custom_branding\":false,\"org_logo\":\"\",\"checkout_logo\":\"https://dashboard-activation.s3.amazonaws.com/org_100000razorpay/checkout_logo/phpnHMpJe\",\"org_name\":\"Razorpay Software Private Ltd\",\"razorpay_payment_id\":\"pay_GrNSolOAZjE8Aj\",\"razorpay_order_id\":\"order_GrNSgoceKMgihd\",\"razorpay_signature\":\"764842f1e5d27e4938c1ce528ba250cf1b1abe68b45806574d9a6a42ef586463\"}'),(24,'suriyaprakash@mazeworkssolutions.com','suriyaprakash@mazeworkssolutions.com','34717872','order_GrW8ZAIVGBUe0K','pay_GrW8phQNpHvFFA','received','2021-03-26 21:13:10','2021-03-26 21:13:28','{\"checkout_log\":null,\"custom_branding\":false,\"org_logo\":\"\",\"checkout_logo\":\"https://dashboard-activation.s3.amazonaws.com/org_100000razorpay/checkout_logo/phpnHMpJe\",\"org_name\":\"Razorpay Software Private Ltd\",\"razorpay_payment_id\":\"pay_GrW8phQNpHvFFA\",\"razorpay_order_id\":\"order_GrW8ZAIVGBUe0K\",\"razorpay_signature\":\"43c6f42523a835ecfaced592bfc15c6022cb507264029fcf79ed9de8b7c7424f\"}'),(25,'suriyaprakash@mazeworkssolutions.com','suriyaprakash@mazeworkssolutions.com','15622527','order_GrWGextwzj6tne','pay_GrWGpehnVTo3Dz','received','2021-03-26 21:20:49','2021-03-26 21:21:02','{\"checkout_log\":null,\"custom_branding\":false,\"org_logo\":\"\",\"checkout_logo\":\"https://dashboard-activation.s3.amazonaws.com/org_100000razorpay/checkout_logo/phpnHMpJe\",\"org_name\":\"Razorpay Software Private Ltd\",\"razorpay_payment_id\":\"pay_GrWGpehnVTo3Dz\",\"razorpay_order_id\":\"order_GrWGextwzj6tne\",\"razorpay_signature\":\"c4c395d2f7120c8dd1ece07b19d45eb2eafd6d858ebcebc0e923e8bf99b4ec29\"}'),(26,'suriyaprakash@mazeworkssolutions.com','suriyaprakash@mazeworkssolutions.com','16179852','order_GrWK6bRCXL6u0m','pay_GrWKHcioWrRGBw','received','2021-03-26 21:24:05','2021-03-26 21:24:20','{\"checkout_log\":null,\"custom_branding\":false,\"org_logo\":\"\",\"checkout_logo\":\"https://dashboard-activation.s3.amazonaws.com/org_100000razorpay/checkout_logo/phpnHMpJe\",\"org_name\":\"Razorpay Software Private Ltd\",\"razorpay_payment_id\":\"pay_GrWKHcioWrRGBw\",\"razorpay_order_id\":\"order_GrWK6bRCXL6u0m\",\"razorpay_signature\":\"a2757bee5ec44cf023eda7a2eb3d4350ff6ff45d872b274db7db9697dcef50a6\"}'),(27,'suriyaprakash@mazeworkssolutions.com','suriyaprakash@mazeworkssolutions.com','47056971','order_GrWMIZsbsOQ3cP','pay_GrWMTzbKhWRGoV','received','2021-03-26 21:26:08','2021-03-26 21:26:23','{\"checkout_log\":null,\"custom_branding\":false,\"org_logo\":\"\",\"checkout_logo\":\"https://dashboard-activation.s3.amazonaws.com/org_100000razorpay/checkout_logo/phpnHMpJe\",\"org_name\":\"Razorpay Software Private Ltd\",\"razorpay_payment_id\":\"pay_GrWMTzbKhWRGoV\",\"razorpay_order_id\":\"order_GrWMIZsbsOQ3cP\",\"razorpay_signature\":\"10dc7afb35c714f52fba3f11e25d35583afc5437e2e2119784a8d8e623e514bd\"}'),(28,'suriyaprakash@mazeworkssolutions.com','suriyaprakash@mazeworkssolutions.com','68893158','order_GrYZaj5XBBrR6I','pay_GrYZp5iqMHiFyg','received','2021-03-26 23:36:08','2021-03-26 23:36:25','{\"checkout_log\":null,\"custom_branding\":false,\"org_logo\":\"\",\"checkout_logo\":\"https://dashboard-activation.s3.amazonaws.com/org_100000razorpay/checkout_logo/phpnHMpJe\",\"org_name\":\"Razorpay Software Private Ltd\",\"razorpay_payment_id\":\"pay_GrYZp5iqMHiFyg\",\"razorpay_order_id\":\"order_GrYZaj5XBBrR6I\",\"razorpay_signature\":\"7eddb41b99a66163f2a03e65c845c63b8a248c35698a1689b6ca329a712ba5e6\"}'),(29,'suriyaprakash@mazeworkssolutions.com','suriyaprakash@mazeworkssolutions.com','85424204','order_GrYchC0HjROoaf','pay_GrYcpRy91RslY0','received','2021-03-26 23:39:03','2021-03-26 23:39:14','{\"checkout_log\":null,\"custom_branding\":false,\"org_logo\":\"\",\"checkout_logo\":\"https://dashboard-activation.s3.amazonaws.com/org_100000razorpay/checkout_logo/phpnHMpJe\",\"org_name\":\"Razorpay Software Private Ltd\",\"razorpay_payment_id\":\"pay_GrYcpRy91RslY0\",\"razorpay_order_id\":\"order_GrYchC0HjROoaf\",\"razorpay_signature\":\"8338b82fd3c00894822e3584e68af279bd0122479fa6fa9efe2c45f23dff28dd\"}'),(30,'suriyaprakash@mazeworkssolutions.com','suriyaprakash@mazeworkssolutions.com','65599246','order_GrYfiEEeVRDzhh','pay_GrYfr6L6ejWfNq','received','2021-03-26 23:41:55','2021-03-26 23:42:07','{\"checkout_log\":null,\"custom_branding\":false,\"org_logo\":\"\",\"checkout_logo\":\"https://dashboard-activation.s3.amazonaws.com/org_100000razorpay/checkout_logo/phpnHMpJe\",\"org_name\":\"Razorpay Software Private Ltd\",\"razorpay_payment_id\":\"pay_GrYfr6L6ejWfNq\",\"razorpay_order_id\":\"order_GrYfiEEeVRDzhh\",\"razorpay_signature\":\"98d7cf2feca9a08bde6aead4bd1af47be6b34e7923ec562331af498baab4349b\"}'),(31,'suriyaprakash@mazeworkssolutions.com','suriyaprakash@mazeworkssolutions.com','70888268','order_GrYhOmkz5xK4GW','pay_GrYhWEVnJp8IBU','received','2021-03-26 23:43:31','2021-03-26 23:43:40','{\"checkout_log\":null,\"custom_branding\":false,\"org_logo\":\"\",\"checkout_logo\":\"https://dashboard-activation.s3.amazonaws.com/org_100000razorpay/checkout_logo/phpnHMpJe\",\"org_name\":\"Razorpay Software Private Ltd\",\"razorpay_payment_id\":\"pay_GrYhWEVnJp8IBU\",\"razorpay_order_id\":\"order_GrYhOmkz5xK4GW\",\"razorpay_signature\":\"6950af721a6648d5d53044f9781229ade7eb1321c8f1033d2a2411f32acf7a74\"}'),(32,'suriyaprakash@mazeworkssolutions.com','suriyaprakash@mazeworkssolutions.com','13630687','order_GtgBy7Kn4H5H0E','pay_GtgCb1Hnbz53Gk','received','2021-04-01 08:21:20','2021-04-01 08:21:58','{\"checkout_log\":null,\"custom_branding\":false,\"org_logo\":\"\",\"checkout_logo\":\"https://dashboard-activation.s3.amazonaws.com/org_100000razorpay/checkout_logo/phpnHMpJe\",\"org_name\":\"Razorpay Software Private Ltd\",\"razorpay_payment_id\":\"pay_GtgCb1Hnbz53Gk\",\"razorpay_order_id\":\"order_GtgBy7Kn4H5H0E\",\"razorpay_signature\":\"0abce17807ec9ed99630fc3106da0d90106983d71bd85737e339fa4d16ab970b\"}'),(33,'suriyaprakash@mazeworkssolutions.com','suriyaprakash@mazeworkssolutions.com','13272057','order_GtvhYM8oKsZV6v','pay_GtvhumwgJsnjtl','received','2021-04-01 23:31:38','2021-04-01 23:32:04','{\"checkout_log\":null,\"custom_branding\":false,\"org_logo\":\"\",\"checkout_logo\":\"https://dashboard-activation.s3.amazonaws.com/org_100000razorpay/checkout_logo/phpnHMpJe\",\"org_name\":\"Razorpay Software Private Ltd\",\"razorpay_payment_id\":\"pay_GtvhumwgJsnjtl\",\"razorpay_order_id\":\"order_GtvhYM8oKsZV6v\",\"razorpay_signature\":\"f6b20458c665064dba40cc37ca1604dd5d6fd16fac826e113e257e392e90f511\"}'),(34,'sivasuriyaprakash@protonmail.com',NULL,'65871829','order_H1okajDqPmie1Q',NULL,'pending','2021-04-21 21:55:39',NULL,NULL),(35,'sivasuriyaprakash@protonmail.com',NULL,'95168842','order_H1pLMyYZhgdK8R',NULL,'pending','2021-04-21 22:30:28',NULL,NULL),(36,'sivasuriyaprakash@protonmail.com',NULL,'92253510','order_H1pTxzP9uX2rqA',NULL,'pending','2021-04-21 22:38:36',NULL,NULL),(37,'sivasuriyaprakash@protonmail.com','sivasuriyaprakash@protonmail.com','41981264','order_H1pWCkaAcgjeBY','pay_H1pWNmlpdq6Rmv','received','2021-04-21 22:40:43','2021-04-21 22:40:58','{\"checkout_log\":null,\"custom_branding\":false,\"org_logo\":\"\",\"checkout_logo\":\"https://cdn.razorpay.com/logo.png\",\"org_name\":\"Razorpay Software Private Ltd\",\"razorpay_payment_id\":\"pay_H1pWNmlpdq6Rmv\",\"razorpay_order_id\":\"order_H1pWCkaAcgjeBY\",\"razorpay_signature\":\"5c4949b351b3c150b98e0913c9d5e410ef11b347eab7850b0a196740003a2660\"}'),(38,'sivasuriyaprakash@protonmail.com','sivasuriyaprakash@protonmail.com','99498872','order_H1pbnjlhFUS9lD','pay_H1pcCdRA5vwDef','received','2021-04-21 22:46:01','2021-04-21 22:46:28','{\"checkout_log\":null,\"custom_branding\":false,\"org_logo\":\"\",\"checkout_logo\":\"https://cdn.razorpay.com/logo.png\",\"org_name\":\"Razorpay Software Private Ltd\",\"razorpay_payment_id\":\"pay_H1pcCdRA5vwDef\",\"razorpay_order_id\":\"order_H1pbnjlhFUS9lD\",\"razorpay_signature\":\"233bae0e9d14c7718c5275f6017ec362181acf750873b06714667785527bd98c\"}'),(39,'sivasuriyaprakash@protonmail.com','sivasuriyaprakash@protonmail.com','25131603','order_H1qCex9whXes7c','pay_H1qD7AerULPT8i','received','2021-04-21 23:20:55','2021-04-21 23:21:26','{\"checkout_log\":null,\"custom_branding\":false,\"org_logo\":\"\",\"checkout_logo\":\"https://cdn.razorpay.com/logo.png\",\"org_name\":\"Razorpay Software Private Ltd\",\"razorpay_payment_id\":\"pay_H1qD7AerULPT8i\",\"razorpay_order_id\":\"order_H1qCex9whXes7c\",\"razorpay_signature\":\"a24378a36ad73c6f762ce64396f43537959b319c38ba96173bfd3b12aba919a2\"}'),(40,'sivasuriyaprakash@protonmail.com','sivasuriyaprakash@protonmail.com','48412073','order_H1qWsxryxinRRI','pay_H1qXKaec2Zgz01','received','2021-04-21 23:40:06','2021-04-21 23:40:41','{\"checkout_log\":null,\"custom_branding\":false,\"org_logo\":\"\",\"checkout_logo\":\"https://cdn.razorpay.com/logo.png\",\"org_name\":\"Razorpay Software Private Ltd\",\"razorpay_payment_id\":\"pay_H1qXKaec2Zgz01\",\"razorpay_order_id\":\"order_H1qWsxryxinRRI\",\"razorpay_signature\":\"642a5ee100188acd0fa79d7e82030de20968c9390cb76c786d33570a40690fe6\"}'),(41,'rambabu@mailinator.com','rambabu@mailinator.com','20884004','order_H1xBV7GSTMhVpM','pay_H1xBwCr1tJXM9I','received','2021-04-22 06:10:41','2021-04-22 06:11:11','{\"checkout_log\":null,\"custom_branding\":false,\"org_logo\":\"\",\"checkout_logo\":\"https://cdn.razorpay.com/logo.png\",\"org_name\":\"Razorpay Software Private Ltd\",\"razorpay_payment_id\":\"pay_H1xBwCr1tJXM9I\",\"razorpay_order_id\":\"order_H1xBV7GSTMhVpM\",\"razorpay_signature\":\"2aa21b3bd2556f0c0b36337a95c386997578267992fdb397fe21dfcb8e94991b\"}'),(42,'suriyaprakash@mazeworkssolutions.com','suriyaprakash@mazeworkssolutions.com','65755426','order_H4343BetdGmHAr','pay_H434Y9ttCc1MWx','received','2021-04-27 13:13:48','2021-04-27 13:14:20','{\"checkout_log\":null,\"custom_branding\":false,\"org_logo\":\"\",\"checkout_logo\":\"https://cdn.razorpay.com/logo.png\",\"org_name\":\"Razorpay Software Private Ltd\",\"razorpay_payment_id\":\"pay_H434Y9ttCc1MWx\",\"razorpay_order_id\":\"order_H4343BetdGmHAr\",\"razorpay_signature\":\"40a09d16ca6a3fb70e9a243fe7e581466a6ca534a068da82add51fe5a570fdbe\"}');
/*!40000 ALTER TABLE `trn_payments` ENABLE KEYS */;
UNLOCK TABLES;

--
-- Table structure for table `trn_project`
--

DROP TABLE IF EXISTS `trn_project`;
/*!40101 SET @saved_cs_client     = @@character_set_client */;
/*!40101 SET character_set_client = utf8 */;
CREATE TABLE `trn_project` (
  `id` int(11) NOT NULL AUTO_INCREMENT,
  `identifier` varchar(200) CHARACTER SET utf8 NOT NULL,
  `P_Code` int(11) NOT NULL,
  `P_ProjectName` varchar(500) CHARACTER SET utf8 DEFAULT NULL,
  `P_Created_Date` datetime DEFAULT NULL,
  `P_Project_Date` datetime DEFAULT NULL,
  `P_Vendor_Id` int(11) NOT NULL,
  `P_Customer_Id` int(11) NOT NULL,
  `P_GSTNo` varchar(20) DEFAULT NULL,
  `P_Photographer` int(11) DEFAULT NULL,
  `P_Designer` int(11) DEFAULT NULL,
  `P_Project_Value` decimal(18,2) DEFAULT NULL,
  `P_AdvanceAmt` decimal(18,2) DEFAULT NULL,
  `P_Folder` varchar(300) CHARACTER SET utf8 DEFAULT NULL,
  `P_Equipments` varchar(1000) DEFAULT NULL,
  `P_Key` varchar(6) DEFAULT NULL,
  `P_URL` varchar(1000) DEFAULT NULL,
  `P_Status` varchar(20) DEFAULT NULL,
  `P_Isactive` tinyint(4) DEFAULT NULL,
  `Batch` int(11) DEFAULT NULL,
  `B_Batch` int(11) DEFAULT NULL,
  `C_Code` int(11) DEFAULT NULL,
  `P_CustomerName` varchar(250) DEFAULT NULL,
  `P_EmailId` varchar(300) DEFAULT NULL,
  `P_MobileNo` varchar(15) DEFAULT NULL,
  `P_Alt_MobileNo` varchar(15) DEFAULT NULL,
  `P_Address1` varchar(250) DEFAULT NULL,
  `P_Address2` varchar(250) DEFAULT NULL,
  `P_City` varchar(250) DEFAULT NULL,
  `P_Pin` varchar(7) DEFAULT NULL,
  `P_SubscriptionId` int(10) unsigned DEFAULT NULL,
  PRIMARY KEY (`id`)
) ENGINE=InnoDB AUTO_INCREMENT=32 DEFAULT CHARSET=latin1;
/*!40101 SET character_set_client = @saved_cs_client */;

--
-- Dumping data for table `trn_project`
--

LOCK TABLES `trn_project` WRITE;
/*!40000 ALTER TABLE `trn_project` DISABLE KEYS */;
INSERT INTO `trn_project` VALUES (1,'d734fdd6-45ad-4a46-97f6-7ee179df7bf9',1,'Tanuuuu weds manuuuuuu','2021-01-29 21:15:56',NULL,1,5,NULL,0,0,0.00,500.00,NULL,NULL,'0',NULL,'Photos Filtered',0,0,0,1,'Sivaprasath','thilsivaprasath@hotmail.com','9940232412',NULL,NULL,NULL,'Chennai',NULL,NULL),(2,'af1fbc7c-8928-4583-8ea4-138553fa8d7b',2,'Ram weds seetha','2021-01-30 13:35:25','2021-01-30 13:35:25',1,5,NULL,0,0,0.00,0.00,NULL,NULL,'0',NULL,NULL,1,0,0,NULL,NULL,NULL,NULL,NULL,NULL,NULL,NULL,NULL,NULL),(6,'f9456d38-252e-49b7-8650-bcd4a19e432e',2,'Ravana weds mandodhari','2021-02-14 10:07:39','2021-02-14 10:07:39',1,1,NULL,0,0,0.00,0.00,NULL,NULL,'956863',NULL,'New',1,0,0,2,'Sivaprasath','thilsivaprasath@hotmail.com','9940232412',NULL,NULL,NULL,'Chennai',NULL,NULL),(16,'7201f15c-8e0e-4f06-aef4-9f79b8528b56',0,'Iyyan Weds Raji','2021-02-17 16:38:49','2021-02-17 00:00:00',5,15,NULL,0,0,75000.00,25000.00,'Iyyan','Test\r\nTest2\r\n','578144',NULL,'Photos Uploaded',1,0,0,1,'Iyyankannu','iyyanka@gmail.com','9840145598','9445679744','Address1','Address2','Madurai','242344',NULL),(19,'337054ed-f75f-4211-8ef6-3742cedcdb19',0,'GwedsS','2021-02-17 18:37:43','2021-02-18 00:00:00',11,14,NULL,0,0,0.00,0.00,'','','889021',NULL,'Photos Filtered',1,0,0,1,'Surya','chennai@madras.com','8190955559','','R43','AN','Chennai','600040',NULL),(20,'810ed2fd-5124-4435-8391-a552c6ae4c77',0,'Iyyankannu Weds Raji','2021-02-18 09:31:23','2021-02-18 00:00:00',5,17,NULL,0,0,234000.00,23000.00,'Test','sdfsdf','703147',NULL,'New',1,0,0,1,'Rajalakshmi','raji@gmail.com','223234234','2323423','Ad1','Ad2','Madurai','2423423',NULL),(21,'6b699a18-f5aa-4fb7-b5b5-bf70f0418486',0,'Test','2021-02-20 03:57:38','2021-02-20 00:00:00',5,18,NULL,0,0,0.00,0.00,'','','399181',NULL,'New',1,0,0,1,'234','iyyank@gmail.com','2982342342','','ad1','ad2','city','234234',NULL),(22,'84a9bbef-8e24-4313-8eba-bd27da7f307d',0,'GanyaWedsTrisha','2021-02-22 06:46:05','2021-02-22 00:00:00',11,19,NULL,0,0,0.00,0.00,'','','818530',NULL,'New',1,0,0,1,'Ganya','ganya@abc.com','9840444991','','R Block','','Chennai','600040',NULL),(23,'95e1b60a-dca5-4624-aaca-1371c8c7fc64',0,'Sheeni Jeya Wedding','2021-03-11 03:17:30','2019-05-17 00:00:00',19,22,NULL,7,0,0.00,0.00,NULL,NULL,'518892',NULL,'New',1,0,0,0,'Shenni Anna','sheeni@gmail.com','8190918296',NULL,'109,Pathiya Pillai Street',NULL,'Chennai','626117',NULL),(24,'a0525913-168e-4344-837e-5d08d4e1e75d',0,'Chinna Thambi Marriage','2021-03-12 04:14:25','2021-03-20 00:00:00',19,23,NULL,7,0,0.00,0.00,NULL,NULL,'276579',NULL,'New',1,0,0,0,'K Chinna Thambi','mkchins831@gmail.com','8056322836',NULL,'109,Pathiya Pillai Street',NULL,'Chennai','626117',NULL),(25,'fabc670e-fa21-43eb-a0a4-0825245d3ecb',0,'Anitha Wedding','2021-03-15 06:26:55','2021-03-15 06:26:15',19,21,NULL,2,0,0.00,0.00,NULL,NULL,'786987',NULL,'Photos Uploaded',1,0,0,0,'Siva Suriya Prakash','ksspam43@gmail.com','9362935971',NULL,NULL,NULL,'RJPM',NULL,NULL),(26,'f5055bbc-8d25-4b52-83c5-0a1e27034cef',0,'Birthday Party','2021-03-18 07:32:05','2021-03-18 00:00:00',19,24,NULL,0,0,0.00,0.00,'','','681361',NULL,'Photos Filtered',1,0,0,1,'KsspAm','ksspam43@gmail.com','8056322836','','109,','Pathiya Pillai Street,','Rajapalayam','786987',NULL),(31,'b8429bdb-12d7-462b-8e68-1ace3c817079',0,'Perseid Meteor Shower Shoot','2021-04-23 07:07:09','2021-04-23 00:00:00',19,30,NULL,45,0,0.00,0.00,'','','953693',NULL,'Photos Uploaded',1,0,0,1,'Fermi','fermi@mailinator.com','8056322303','','109, Pathiya Pillai Street','','Rajapalayam','626117',31);
/*!40000 ALTER TABLE `trn_project` ENABLE KEYS */;
UNLOCK TABLES;

--
-- Table structure for table `trn_project_files`
--

DROP TABLE IF EXISTS `trn_project_files`;
/*!40101 SET @saved_cs_client     = @@character_set_client */;
/*!40101 SET character_set_client = utf8 */;
CREATE TABLE `trn_project_files` (
  `id` int(11) NOT NULL AUTO_INCREMENT,
  `file_name` varchar(300) CHARACTER SET utf8 DEFAULT NULL,
  `file_type` enum('image','thumbnail') NOT NULL DEFAULT 'image',
  `content_length` bigint(20) DEFAULT NULL,
  `content_type` varchar(200) CHARACTER SET utf8 DEFAULT NULL,
  `created_by` varchar(100) CHARACTER SET utf8 DEFAULT NULL,
  `created_date` datetime DEFAULT NULL,
  `updated_by` varchar(100) CHARACTER SET utf8 DEFAULT NULL,
  `updated_date` datetime DEFAULT NULL,
  `is_approved` int(11) DEFAULT 0,
  `approved_by` varchar(200) CHARACTER SET utf8 DEFAULT NULL,
  `approved_date` datetime DEFAULT NULL,
  `project_id` int(11) NOT NULL,
  PRIMARY KEY (`id`)
) ENGINE=InnoDB AUTO_INCREMENT=1885 DEFAULT CHARSET=latin1;
/*!40101 SET character_set_client = @saved_cs_client */;

--
-- Dumping data for table `trn_project_files`
--

LOCK TABLES `trn_project_files` WRITE;
/*!40000 ALTER TABLE `trn_project_files` DISABLE KEYS */;
INSERT INTO `trn_project_files` VALUES (1,'Bridge.jpg','image',3568922,'image/jpeg','siva.envision@gmail.com','2021-01-29 21:18:36',NULL,NULL,0,NULL,NULL,1),(2,'Building 1.jpg','image',8915,'image/jpeg','siva.envision@gmail.com','2021-01-29 21:18:36',NULL,NULL,1,NULL,'2021-02-14 23:38:46',1),(3,'City.jpg','image',902951,'image/jpeg','siva.envision@gmail.com','2021-01-29 21:18:36',NULL,NULL,1,NULL,'2021-02-14 23:38:46',1),(4,'Flag Art.jpg','image',1074508,'image/jpeg','siva.envision@gmail.com','2021-01-29 21:18:36',NULL,NULL,1,NULL,'2021-02-14 23:38:46',1),(5,'DSC01046.JPG','image',5289758,'image/jpeg','siva.envision@gmail.com','2021-02-02 10:40:52',NULL,NULL,0,NULL,NULL,1),(6,'DSC01047.JPG','image',5201580,'image/jpeg','siva.envision@gmail.com','2021-02-02 10:40:52',NULL,NULL,0,NULL,NULL,1),(7,'DSC01048.JPG','image',5430301,'image/jpeg','siva.envision@gmail.com','2021-02-02 10:40:52',NULL,NULL,1,NULL,'2021-02-14 23:38:38',1),(8,'DSC01049.JPG','image',5025466,'image/jpeg','siva.envision@gmail.com','2021-02-02 10:40:52',NULL,NULL,0,NULL,NULL,1),(9,'Bridge.jpg','image',3568922,'application/octet-stream','siva.envision@gmail.com','2021-02-04 05:51:20',NULL,NULL,0,NULL,NULL,1),(10,'Bridge.jpg','image',3568922,'application/octet-stream','siva.envision@gmail.com','2021-02-04 06:01:32',NULL,NULL,0,NULL,NULL,1),(11,'DSC01046.jpg','image',5289758,'application/octet-stream','iyyan@gmail.com','2021-02-04 06:27:21',NULL,NULL,0,NULL,NULL,1),(435,'Cuo Na Lake.jpg','image',115580,'image/jpeg','siva.envision@gmail.com','2021-02-13 05:01:05',NULL,NULL,1,'iyyan@gmail.com','2021-02-13 00:00:00',1),(485,'1165243-jpg_093616.jpg','image',52210,'application/octet-stream','iyyan@gmail.com','2021-02-17 16:40:46','iyyan@gmail.com','2021-02-22 09:19:48',0,NULL,NULL,16),(486,'1165245-jpg_093615.jpg','image',41082,'application/octet-stream','iyyan@gmail.com','2021-02-17 16:40:56','iyyan@gmail.com','2021-02-22 09:19:50',1,NULL,NULL,16),(487,'1165267-jpg_093616.jpg','image',54736,'application/octet-stream','iyyan@gmail.com','2021-02-17 16:41:31','iyyan@gmail.com','2021-02-22 09:19:50',1,NULL,NULL,16),(488,'1165273-jpg_093615.jpg','image',74501,'application/octet-stream','iyyan@gmail.com','2021-02-17 16:42:01','iyyan@gmail.com','2021-02-22 09:19:51',1,NULL,NULL,16),(489,'1165275-jpg_093616.jpg','image',63407,'application/octet-stream','iyyan@gmail.com','2021-02-17 16:42:24','iyyan@gmail.com','2021-02-22 09:19:51',1,NULL,NULL,16),(490,'1165277-jpg_093625.jpg','image',40848,'application/octet-stream','iyyan@gmail.com','2021-02-17 16:42:36','iyyan@gmail.com','2021-02-22 09:19:52',0,NULL,NULL,16),(491,'1175712-jpg_093625.jpg','image',47141,'application/octet-stream','iyyan@gmail.com','2021-02-17 16:42:51','iyyan@gmail.com','2021-02-22 09:19:52',1,NULL,NULL,16),(492,'1175724-jpg_093626.jpg','image',57657,'application/octet-stream','iyyan@gmail.com','2021-02-17 16:43:06','iyyan@gmail.com','2021-02-22 09:19:53',1,NULL,NULL,16),(493,'1175740-jpg_093626.jpg','image',69211,'application/octet-stream','iyyan@gmail.com','2021-02-17 16:43:25','iyyan@gmail.com','2021-02-22 09:19:54',1,NULL,NULL,16),(494,'1175749-jpg_093627.jpg','image',65819,'application/octet-stream','iyyan@gmail.com','2021-02-17 16:43:48','iyyan@gmail.com','2021-02-22 09:19:54',1,NULL,NULL,16),(495,'1176092-jpg_093633.jpg','image',54720,'application/octet-stream','iyyan@gmail.com','2021-02-17 16:44:26','iyyan@gmail.com','2021-02-22 09:19:55',0,NULL,NULL,16),(496,'1176120-jpg_093634.jpg','image',46307,'application/octet-stream','iyyan@gmail.com','2021-02-17 16:45:11','iyyan@gmail.com','2021-02-22 09:19:56',1,NULL,NULL,16),(497,'1196333-jpg_093634.jpg','image',56533,'application/octet-stream','iyyan@gmail.com','2021-02-17 16:45:41','iyyan@gmail.com','2021-02-22 09:19:56',1,NULL,NULL,16),(498,'1196712-jpg_093635.jpg','image',38489,'application/octet-stream','iyyan@gmail.com','2021-02-17 16:45:49','iyyan@gmail.com','2021-02-22 09:19:57',1,NULL,NULL,16),(499,'1196743-jpg_093635.jpg','image',47621,'application/octet-stream','iyyan@gmail.com','2021-02-17 16:45:59','iyyan@gmail.com','2021-02-22 09:19:58',1,NULL,NULL,16),(500,'1196749-jpg_093641.jpg','image',51319,'application/octet-stream','iyyan@gmail.com','2021-02-17 16:46:10','iyyan@gmail.com','2021-02-22 09:19:58',0,NULL,NULL,16),(501,'1196751-jpg_093642.jpg','image',38970,'application/octet-stream','iyyan@gmail.com','2021-02-17 16:46:19','iyyan@gmail.com','2021-02-22 09:19:59',1,NULL,NULL,16),(502,'1197113-jpg_093643.jpg','image',74875,'application/octet-stream','iyyan@gmail.com','2021-02-17 16:46:28','iyyan@gmail.com','2021-02-22 09:20:00',1,NULL,NULL,16),(503,'1197154-jpg_093643.jpg','image',69575,'application/octet-stream','iyyan@gmail.com','2021-02-17 16:46:37','iyyan@gmail.com','2021-02-22 09:20:01',1,NULL,NULL,16),(504,'1197271-jpg_093643.jpg','image',70903,'application/octet-stream','iyyan@gmail.com','2021-02-17 16:46:47','iyyan@gmail.com','2021-02-22 09:20:02',1,NULL,NULL,16),(505,'1197433-jpg_093650.jpg','image',56700,'application/octet-stream','iyyan@gmail.com','2021-02-17 16:46:59','iyyan@gmail.com','2021-02-22 09:20:02',0,NULL,NULL,16),(506,'1197574-jpg_093650.jpg','image',55873,'application/octet-stream','iyyan@gmail.com','2021-02-17 16:47:10','iyyan@gmail.com','2021-02-22 09:20:03',1,NULL,NULL,16),(688,'shutterstock_16641568.jpg','image',2430797,'application/octet-stream','pksteja@gmail.com','2021-02-19 05:31:12',NULL,NULL,1,NULL,'2021-02-19 05:31:31',19),(689,'shutterstock_46372450.jpg','image',2818165,'application/octet-stream','pksteja@gmail.com','2021-02-19 05:31:14',NULL,NULL,1,NULL,'2021-02-19 05:31:31',19),(690,'shutterstock_56180707.jpg','image',929014,'application/octet-stream','pksteja@gmail.com','2021-02-19 05:31:15',NULL,NULL,1,NULL,'2021-02-19 05:31:31',19),(691,'shutterstock_67319566.jpg','image',1245996,'application/octet-stream','pksteja@gmail.com','2021-02-19 05:31:16',NULL,NULL,0,NULL,NULL,19),(692,'shutterstock_77316460.jpg','image',1223147,'application/octet-stream','pksteja@gmail.com','2021-02-19 05:31:18',NULL,NULL,0,NULL,NULL,19),(693,'shutterstock_15813319.jpg','image',1668844,'application/octet-stream','pksteja@gmail.com','2021-02-22 07:14:00',NULL,NULL,0,NULL,NULL,22),(694,'shutterstock_17118817.jpg','image',626779,'application/octet-stream','pksteja@gmail.com','2021-02-22 07:14:01',NULL,NULL,0,NULL,NULL,22),(695,'shutterstock_24037810.jpg','image',1184845,'application/octet-stream','pksteja@gmail.com','2021-02-22 07:14:02',NULL,NULL,0,NULL,NULL,22),(696,'shutterstock_44845879.jpg','image',700402,'application/octet-stream','pksteja@gmail.com','2021-02-22 07:14:02',NULL,NULL,0,NULL,NULL,22),(697,'shutterstock_49890334.jpg','image',2180126,'application/octet-stream','pksteja@gmail.com','2021-02-22 07:14:03',NULL,NULL,0,NULL,NULL,22),(698,'shutterstock_56058079.jpg','image',2804554,'application/octet-stream','pksteja@gmail.com','2021-02-22 07:14:04',NULL,NULL,0,NULL,NULL,22),(699,'shutterstock_56100727.jpg','image',1327765,'application/octet-stream','pksteja@gmail.com','2021-02-22 07:14:04',NULL,NULL,0,NULL,NULL,22),(700,'shutterstock_56154880.jpg','image',1195520,'application/octet-stream','pksteja@gmail.com','2021-02-22 07:14:05',NULL,NULL,0,NULL,NULL,22),(701,'shutterstock_56501068.jpg','image',1215306,'application/octet-stream','pksteja@gmail.com','2021-02-22 07:14:05',NULL,NULL,0,NULL,NULL,22),(702,'shutterstock_59045263.jpg','image',1006237,'application/octet-stream','pksteja@gmail.com','2021-02-22 07:14:06',NULL,NULL,0,NULL,NULL,22),(703,'shutterstock_60248215.jpg','image',1150767,'application/octet-stream','pksteja@gmail.com','2021-02-22 07:14:06',NULL,NULL,0,NULL,NULL,22),(704,'shutterstock_79106941.jpg','image',2422459,'application/octet-stream','pksteja@gmail.com','2021-02-22 07:14:07',NULL,NULL,0,NULL,NULL,22),(705,'shutterstock_80372494.jpg','image',1674328,'application/octet-stream','pksteja@gmail.com','2021-02-22 07:14:07',NULL,NULL,0,NULL,NULL,22),(706,'shutterstock_82661437.jpg','image',778687,'application/octet-stream','pksteja@gmail.com','2021-02-22 07:14:08',NULL,NULL,0,NULL,NULL,22),(707,'shutterstock_84120028.jpg','image',1330949,'application/octet-stream','pksteja@gmail.com','2021-02-22 07:14:08',NULL,NULL,0,NULL,NULL,22),(708,'shutterstock_84180775.jpg','image',2201454,'application/octet-stream','pksteja@gmail.com','2021-02-22 07:14:09',NULL,NULL,0,NULL,NULL,22),(709,'shutterstock_86717362.jpg','image',2492514,'application/octet-stream','pksteja@gmail.com','2021-02-22 07:14:10',NULL,NULL,0,NULL,NULL,22),(710,'shutterstock_89336530.jpg','image',799393,'application/octet-stream','pksteja@gmail.com','2021-02-22 07:14:10',NULL,NULL,0,NULL,NULL,22),(711,'shutterstock_89874214.jpg','image',1287409,'application/octet-stream','pksteja@gmail.com','2021-02-22 07:14:11',NULL,NULL,0,NULL,NULL,22),(712,'shutterstock_90801944.jpg','image',2033044,'application/octet-stream','pksteja@gmail.com','2021-02-22 07:14:12',NULL,NULL,0,NULL,NULL,22),(713,'shutterstock_91239704.jpg','image',2417086,'application/octet-stream','pksteja@gmail.com','2021-02-22 07:14:12',NULL,NULL,0,NULL,NULL,22),(714,'shutterstock_91406933.jpg','image',1613617,'application/octet-stream','pksteja@gmail.com','2021-02-22 07:14:13',NULL,NULL,0,NULL,NULL,22),(715,'shutterstock_91986029.jpg','image',994209,'application/octet-stream','pksteja@gmail.com','2021-02-22 07:14:14',NULL,NULL,0,NULL,NULL,22),(716,'shutterstock_91986032.jpg','image',1087733,'application/octet-stream','pksteja@gmail.com','2021-02-22 07:14:14',NULL,NULL,0,NULL,NULL,22),(717,'shutterstock_92272930.jpg','image',676903,'application/octet-stream','pksteja@gmail.com','2021-02-22 07:14:14',NULL,NULL,0,NULL,NULL,22),(718,'shutterstock_92885113.jpg','image',1665239,'application/octet-stream','pksteja@gmail.com','2021-02-22 07:14:15',NULL,NULL,0,NULL,NULL,22),(719,'shutterstock_93363874.jpg','image',2198824,'application/octet-stream','pksteja@gmail.com','2021-02-22 07:14:16',NULL,NULL,0,NULL,NULL,22),(720,'shutterstock_93519001.jpg','image',1556330,'application/octet-stream','pksteja@gmail.com','2021-02-22 07:14:16',NULL,NULL,0,NULL,NULL,22),(721,'shutterstock_93519007.jpg','image',1754277,'application/octet-stream','pksteja@gmail.com','2021-02-22 07:14:17',NULL,NULL,0,NULL,NULL,22),(722,'shutterstock_93519010.jpg','image',1268756,'application/octet-stream','pksteja@gmail.com','2021-02-22 07:14:18',NULL,NULL,0,NULL,NULL,22),(723,'shutterstock_93572872.jpg','image',1327073,'application/octet-stream','pksteja@gmail.com','2021-02-22 07:14:18',NULL,NULL,0,NULL,NULL,22),(724,'shutterstock_93574846.jpg','image',1347644,'application/octet-stream','pksteja@gmail.com','2021-02-22 07:14:19',NULL,NULL,0,NULL,NULL,22),(725,'shutterstock_93596740.jpg','image',674239,'application/octet-stream','pksteja@gmail.com','2021-02-22 07:14:19',NULL,NULL,0,NULL,NULL,22),(726,'shutterstock_93596749.jpg','image',2257791,'application/octet-stream','pksteja@gmail.com','2021-02-22 07:14:20',NULL,NULL,0,NULL,NULL,22),(727,'shutterstock_93596767.jpg','image',2732782,'application/octet-stream','pksteja@gmail.com','2021-02-22 07:14:21',NULL,NULL,0,NULL,NULL,22),(728,'shutterstock_93840787.jpg','image',737797,'application/octet-stream','pksteja@gmail.com','2021-02-22 07:14:21',NULL,NULL,0,NULL,NULL,22),(729,'shutterstock_94364491.jpg','image',1448963,'application/octet-stream','pksteja@gmail.com','2021-02-22 07:14:22',NULL,NULL,0,NULL,NULL,22),(730,'shutterstock_94426999.jpg','image',1337326,'application/octet-stream','pksteja@gmail.com','2021-02-22 07:14:22',NULL,NULL,0,NULL,NULL,22),(731,'shutterstock_94521865.jpg','image',1295643,'application/octet-stream','pksteja@gmail.com','2021-02-22 07:14:23',NULL,NULL,0,NULL,NULL,22),(732,'shutterstock_94560940.jpg','image',958328,'application/octet-stream','pksteja@gmail.com','2021-02-22 07:14:24',NULL,NULL,0,NULL,NULL,22),(733,'DSC00245.JPG','image',31103,'application/octet-stream','iyyan@gmail.com','2021-02-22 09:20:04',NULL,NULL,0,NULL,NULL,16),(734,'DSC00246.JPG','image',32094,'application/octet-stream','iyyan@gmail.com','2021-02-22 09:20:05',NULL,NULL,0,NULL,NULL,16),(735,'DSC00247.JPG','image',36136,'application/octet-stream','iyyan@gmail.com','2021-02-22 09:20:05',NULL,NULL,0,NULL,NULL,16),(736,'DSC00248.JPG','image',36983,'application/octet-stream','iyyan@gmail.com','2021-02-22 09:20:06',NULL,NULL,0,NULL,NULL,16),(737,'DSC00249.JPG','image',61567,'application/octet-stream','iyyan@gmail.com','2021-02-22 09:20:07',NULL,NULL,0,NULL,NULL,16),(738,'DSC00250.JPG','image',56697,'application/octet-stream','iyyan@gmail.com','2021-02-22 09:20:07',NULL,NULL,0,NULL,NULL,16),(739,'DSC00251.JPG','image',53177,'application/octet-stream','iyyan@gmail.com','2021-02-22 09:20:08',NULL,NULL,0,NULL,NULL,16),(740,'DSC00254.JPG','image',24138,'application/octet-stream','iyyan@gmail.com','2021-02-22 09:20:09',NULL,NULL,0,NULL,NULL,16),(741,'DSC00255.JPG','image',25574,'application/octet-stream','iyyan@gmail.com','2021-02-22 09:20:09',NULL,NULL,0,NULL,NULL,16),(742,'DSC00256.JPG','image',11026,'application/octet-stream','iyyan@gmail.com','2021-02-22 09:20:10',NULL,NULL,0,NULL,NULL,16),(743,'DSC00259.JPG','image',35383,'application/octet-stream','iyyan@gmail.com','2021-02-22 09:20:11',NULL,NULL,0,NULL,NULL,16),(744,'DSC00261.JPG','image',33698,'application/octet-stream','iyyan@gmail.com','2021-02-22 09:20:11',NULL,NULL,0,NULL,NULL,16),(745,'DSC00267.JPG','image',32611,'application/octet-stream','iyyan@gmail.com','2021-02-22 09:20:12',NULL,NULL,0,NULL,NULL,16),(746,'DSC00270.JPG','image',41154,'application/octet-stream','iyyan@gmail.com','2021-02-22 09:20:13',NULL,NULL,0,NULL,NULL,16),(747,'DSC00271.JPG','image',50839,'application/octet-stream','iyyan@gmail.com','2021-02-22 09:20:14',NULL,NULL,0,NULL,NULL,16),(748,'DSC00272.JPG','image',60634,'application/octet-stream','iyyan@gmail.com','2021-02-22 09:20:14',NULL,NULL,0,NULL,NULL,16),(749,'DSC00273.JPG','image',63986,'application/octet-stream','iyyan@gmail.com','2021-02-22 09:20:15',NULL,NULL,0,NULL,NULL,16),(750,'DSC00274.JPG','image',34116,'application/octet-stream','iyyan@gmail.com','2021-02-22 09:20:15',NULL,NULL,0,NULL,NULL,16),(751,'DSC00275.JPG','image',36946,'application/octet-stream','iyyan@gmail.com','2021-02-22 09:20:16',NULL,NULL,0,NULL,NULL,16),(752,'DSC00276.JPG','image',36711,'application/octet-stream','iyyan@gmail.com','2021-02-22 09:20:17',NULL,NULL,0,NULL,NULL,16),(753,'DSC00277.JPG','image',56647,'application/octet-stream','iyyan@gmail.com','2021-02-22 09:20:17',NULL,NULL,0,NULL,NULL,16),(754,'DSC00278.JPG','image',46779,'application/octet-stream','iyyan@gmail.com','2021-02-22 09:20:18',NULL,NULL,0,NULL,NULL,16),(755,'DSC00279.JPG','image',28267,'application/octet-stream','iyyan@gmail.com','2021-02-22 09:20:19',NULL,NULL,0,NULL,NULL,16),(756,'DSC00280.JPG','image',57094,'application/octet-stream','iyyan@gmail.com','2021-02-22 09:20:20',NULL,NULL,0,NULL,NULL,16),(757,'DSC00281.JPG','image',74303,'application/octet-stream','iyyan@gmail.com','2021-02-22 09:20:20',NULL,NULL,0,NULL,NULL,16),(758,'DSC00282.JPG','image',38278,'application/octet-stream','iyyan@gmail.com','2021-02-22 09:20:21',NULL,NULL,0,NULL,NULL,16),(759,'DSC00283.JPG','image',41529,'application/octet-stream','iyyan@gmail.com','2021-02-22 09:20:22',NULL,NULL,0,NULL,NULL,16),(760,'DSC00284.JPG','image',29968,'application/octet-stream','iyyan@gmail.com','2021-02-22 09:20:23',NULL,NULL,0,NULL,NULL,16),(761,'DSC00285.JPG','image',31983,'application/octet-stream','iyyan@gmail.com','2021-02-22 09:20:25',NULL,NULL,0,NULL,NULL,16),(762,'DSC00286.JPG','image',29827,'application/octet-stream','iyyan@gmail.com','2021-02-22 09:20:26',NULL,NULL,0,NULL,NULL,16),(763,'DSC00287.JPG','image',50469,'application/octet-stream','iyyan@gmail.com','2021-02-22 09:20:27',NULL,NULL,0,NULL,NULL,16),(764,'DSC00288.JPG','image',56737,'application/octet-stream','iyyan@gmail.com','2021-02-22 09:20:27',NULL,NULL,0,NULL,NULL,16),(765,'DSC00289.JPG','image',40370,'application/octet-stream','iyyan@gmail.com','2021-02-22 09:20:28',NULL,NULL,0,NULL,NULL,16),(766,'DSC00290.JPG','image',33236,'application/octet-stream','iyyan@gmail.com','2021-02-22 09:20:29',NULL,NULL,0,NULL,NULL,16),(767,'DSC00291.JPG','image',43585,'application/octet-stream','iyyan@gmail.com','2021-02-22 09:20:30',NULL,NULL,0,NULL,NULL,16),(768,'DSC00292.JPG','image',48419,'application/octet-stream','iyyan@gmail.com','2021-02-22 09:20:30',NULL,NULL,0,NULL,NULL,16),(769,'DSC00293.JPG','image',33882,'application/octet-stream','iyyan@gmail.com','2021-02-22 09:20:31',NULL,NULL,0,NULL,NULL,16),(770,'DSC00294.JPG','image',39000,'application/octet-stream','iyyan@gmail.com','2021-02-22 09:20:32',NULL,NULL,0,NULL,NULL,16),(771,'DSC00295.JPG','image',40562,'application/octet-stream','iyyan@gmail.com','2021-02-22 09:20:33',NULL,NULL,0,NULL,NULL,16),(772,'DSC00296.JPG','image',43006,'application/octet-stream','iyyan@gmail.com','2021-02-22 09:20:33',NULL,NULL,0,NULL,NULL,16),(773,'DSC00297.JPG','image',37680,'application/octet-stream','iyyan@gmail.com','2021-02-22 09:20:34',NULL,NULL,0,NULL,NULL,16),(774,'DSC00298.JPG','image',41915,'application/octet-stream','iyyan@gmail.com','2021-02-22 09:20:35',NULL,NULL,0,NULL,NULL,16),(775,'DSC00299.JPG','image',46310,'application/octet-stream','iyyan@gmail.com','2021-02-22 09:20:35',NULL,NULL,0,NULL,NULL,16),(776,'DSC00300.JPG','image',45946,'application/octet-stream','iyyan@gmail.com','2021-02-22 09:20:36',NULL,NULL,0,NULL,NULL,16),(777,'DSC00301.JPG','image',47287,'application/octet-stream','iyyan@gmail.com','2021-02-22 09:20:37',NULL,NULL,0,NULL,NULL,16),(778,'DSC00302.JPG','image',54378,'application/octet-stream','iyyan@gmail.com','2021-02-22 09:20:38',NULL,NULL,0,NULL,NULL,16),(779,'DSC00303.JPG','image',44971,'application/octet-stream','iyyan@gmail.com','2021-02-22 09:20:38',NULL,NULL,0,NULL,NULL,16),(780,'DSC00304.JPG','image',49519,'application/octet-stream','iyyan@gmail.com','2021-02-22 09:20:39',NULL,NULL,0,NULL,NULL,16),(781,'DSC00305.JPG','image',60677,'application/octet-stream','iyyan@gmail.com','2021-02-22 09:20:40',NULL,NULL,0,NULL,NULL,16),(782,'DSC00306.JPG','image',54195,'application/octet-stream','iyyan@gmail.com','2021-02-22 09:20:41',NULL,NULL,0,NULL,NULL,16),(783,'DSC00307.JPG','image',55209,'application/octet-stream','iyyan@gmail.com','2021-02-22 09:20:41',NULL,NULL,0,NULL,NULL,16),(784,'DSC00308.JPG','image',30193,'application/octet-stream','iyyan@gmail.com','2021-02-22 09:20:42',NULL,NULL,0,NULL,NULL,16),(785,'DSC00309.JPG','image',20844,'application/octet-stream','iyyan@gmail.com','2021-02-22 09:20:43',NULL,NULL,0,NULL,NULL,16),(786,'DSC00310.JPG','image',18359,'application/octet-stream','iyyan@gmail.com','2021-02-22 09:20:43',NULL,NULL,0,NULL,NULL,16),(787,'DSC00311.JPG','image',19691,'application/octet-stream','iyyan@gmail.com','2021-02-22 09:20:44',NULL,NULL,0,NULL,NULL,16),(788,'DSC00312.JPG','image',30529,'application/octet-stream','iyyan@gmail.com','2021-02-22 09:20:45',NULL,NULL,0,NULL,NULL,16),(789,'DSC00313.JPG','image',44007,'application/octet-stream','iyyan@gmail.com','2021-02-22 09:20:46',NULL,NULL,0,NULL,NULL,16),(790,'DSC00314.JPG','image',46546,'application/octet-stream','iyyan@gmail.com','2021-02-22 09:20:46',NULL,NULL,0,NULL,NULL,16),(791,'DSC00315.JPG','image',55635,'application/octet-stream','iyyan@gmail.com','2021-02-22 09:20:47',NULL,NULL,0,NULL,NULL,16),(792,'DSC00316.JPG','image',59819,'application/octet-stream','iyyan@gmail.com','2021-02-22 09:20:48',NULL,NULL,0,NULL,NULL,16),(793,'DSC00317.JPG','image',39484,'application/octet-stream','iyyan@gmail.com','2021-02-22 09:20:49',NULL,NULL,0,NULL,NULL,16),(794,'DSC00318.JPG','image',45675,'application/octet-stream','iyyan@gmail.com','2021-02-22 09:20:50',NULL,NULL,0,NULL,NULL,16),(795,'DSC00319.JPG','image',57900,'application/octet-stream','iyyan@gmail.com','2021-02-22 09:20:50',NULL,NULL,0,NULL,NULL,16),(796,'DSC00320.JPG','image',40287,'application/octet-stream','iyyan@gmail.com','2021-02-22 09:20:51',NULL,NULL,0,NULL,NULL,16),(797,'DSC00321.JPG','image',55778,'application/octet-stream','iyyan@gmail.com','2021-02-22 09:20:52',NULL,NULL,0,NULL,NULL,16),(798,'DSC00322.JPG','image',49096,'application/octet-stream','iyyan@gmail.com','2021-02-22 09:20:53',NULL,NULL,0,NULL,NULL,16),(799,'DSC00323.JPG','image',49087,'application/octet-stream','iyyan@gmail.com','2021-02-22 09:20:54',NULL,NULL,0,NULL,NULL,16),(800,'DSC00324.JPG','image',44684,'application/octet-stream','iyyan@gmail.com','2021-02-22 09:20:54',NULL,NULL,0,NULL,NULL,16),(801,'DSC00325.JPG','image',50212,'application/octet-stream','iyyan@gmail.com','2021-02-22 09:20:55',NULL,NULL,0,NULL,NULL,16),(802,'DSC00326.JPG','image',47633,'application/octet-stream','iyyan@gmail.com','2021-02-22 09:20:56',NULL,NULL,0,NULL,NULL,16),(803,'DSC00327.JPG','image',43973,'application/octet-stream','iyyan@gmail.com','2021-02-22 09:20:57',NULL,NULL,0,NULL,NULL,16),(804,'DSC00328.JPG','image',48522,'application/octet-stream','iyyan@gmail.com','2021-02-22 09:20:57',NULL,NULL,0,NULL,NULL,16),(805,'DSC00329.JPG','image',53620,'application/octet-stream','iyyan@gmail.com','2021-02-22 09:20:58',NULL,NULL,0,NULL,NULL,16),(806,'DSC00330.JPG','image',56016,'application/octet-stream','iyyan@gmail.com','2021-02-22 09:20:59',NULL,NULL,0,NULL,NULL,16),(807,'DSC00331.JPG','image',47678,'application/octet-stream','iyyan@gmail.com','2021-02-22 09:21:00',NULL,NULL,0,NULL,NULL,16),(808,'DSC00332.JPG','image',53661,'application/octet-stream','iyyan@gmail.com','2021-02-22 09:21:01',NULL,NULL,0,NULL,NULL,16),(809,'DSC00333.JPG','image',46815,'application/octet-stream','iyyan@gmail.com','2021-02-22 09:21:01',NULL,NULL,0,NULL,NULL,16),(810,'DSC00334.JPG','image',49892,'application/octet-stream','iyyan@gmail.com','2021-02-22 09:21:02',NULL,NULL,0,NULL,NULL,16),(811,'DSC00335.JPG','image',58876,'application/octet-stream','iyyan@gmail.com','2021-02-22 09:21:03',NULL,NULL,0,NULL,NULL,16),(812,'DSC00336.JPG','image',56944,'application/octet-stream','iyyan@gmail.com','2021-02-22 09:21:04',NULL,NULL,0,NULL,NULL,16),(813,'DSC00337.JPG','image',57120,'application/octet-stream','iyyan@gmail.com','2021-02-22 09:21:05',NULL,NULL,0,NULL,NULL,16),(814,'DSC00338.JPG','image',56258,'application/octet-stream','iyyan@gmail.com','2021-02-22 09:21:06',NULL,NULL,0,NULL,NULL,16),(815,'DSC00339.JPG','image',59082,'application/octet-stream','iyyan@gmail.com','2021-02-22 09:21:07',NULL,NULL,0,NULL,NULL,16),(816,'DSC00340.JPG','image',54745,'application/octet-stream','iyyan@gmail.com','2021-02-22 09:21:08',NULL,NULL,0,NULL,NULL,16),(817,'DSC00341.JPG','image',49529,'application/octet-stream','iyyan@gmail.com','2021-02-22 09:21:09',NULL,NULL,0,NULL,NULL,16),(818,'DSC00342.JPG','image',44986,'application/octet-stream','iyyan@gmail.com','2021-02-22 09:21:10',NULL,NULL,0,NULL,NULL,16),(819,'DSC00343.JPG','image',49672,'application/octet-stream','iyyan@gmail.com','2021-02-22 09:21:11',NULL,NULL,0,NULL,NULL,16),(820,'DSC00344.JPG','image',52956,'application/octet-stream','iyyan@gmail.com','2021-02-22 09:21:12',NULL,NULL,0,NULL,NULL,16),(821,'DSC00345.JPG','image',51796,'application/octet-stream','iyyan@gmail.com','2021-02-22 09:21:13',NULL,NULL,0,NULL,NULL,16),(822,'DSC00346.JPG','image',33411,'application/octet-stream','iyyan@gmail.com','2021-02-22 09:21:14',NULL,NULL,0,NULL,NULL,16),(823,'DSC00347.JPG','image',39806,'application/octet-stream','iyyan@gmail.com','2021-02-22 09:21:14',NULL,NULL,0,NULL,NULL,16),(824,'DSC00348.JPG','image',67867,'application/octet-stream','iyyan@gmail.com','2021-02-22 09:21:15',NULL,NULL,0,NULL,NULL,16),(825,'DSC00349.JPG','image',60930,'application/octet-stream','iyyan@gmail.com','2021-02-22 09:21:16',NULL,NULL,0,NULL,NULL,16),(826,'DSC00350.JPG','image',43764,'application/octet-stream','iyyan@gmail.com','2021-02-22 09:21:17',NULL,NULL,0,NULL,NULL,16),(827,'DSC00351.JPG','image',41478,'application/octet-stream','iyyan@gmail.com','2021-02-22 09:21:18',NULL,NULL,0,NULL,NULL,16),(828,'DSC00352.JPG','image',54582,'application/octet-stream','iyyan@gmail.com','2021-02-22 09:21:19',NULL,NULL,0,NULL,NULL,16),(829,'DSC00353.JPG','image',50069,'application/octet-stream','iyyan@gmail.com','2021-02-22 09:21:20',NULL,NULL,0,NULL,NULL,16),(830,'DSC00354.JPG','image',50662,'application/octet-stream','iyyan@gmail.com','2021-02-22 09:21:21',NULL,NULL,0,NULL,NULL,16),(831,'DSC00355.JPG','image',55935,'application/octet-stream','iyyan@gmail.com','2021-02-22 09:21:22',NULL,NULL,0,NULL,NULL,16),(832,'DSC00356.JPG','image',57025,'application/octet-stream','iyyan@gmail.com','2021-02-22 09:21:23',NULL,NULL,0,NULL,NULL,16),(833,'DSC00357.JPG','image',50264,'application/octet-stream','iyyan@gmail.com','2021-02-22 09:21:24',NULL,NULL,0,NULL,NULL,16),(834,'DSC00358.JPG','image',56764,'application/octet-stream','iyyan@gmail.com','2021-02-22 09:21:25',NULL,NULL,0,NULL,NULL,16),(835,'DSC00359.JPG','image',41070,'application/octet-stream','iyyan@gmail.com','2021-02-22 09:21:26',NULL,NULL,0,NULL,NULL,16),(836,'DSC00360.JPG','image',41105,'application/octet-stream','iyyan@gmail.com','2021-02-22 09:21:27',NULL,NULL,0,NULL,NULL,16),(837,'DSC00361.JPG','image',50163,'application/octet-stream','iyyan@gmail.com','2021-02-22 09:21:28',NULL,NULL,0,NULL,NULL,16),(838,'DSC00362.JPG','image',55338,'application/octet-stream','iyyan@gmail.com','2021-02-22 09:21:29',NULL,NULL,0,NULL,NULL,16),(839,'DSC00363.JPG','image',45828,'application/octet-stream','iyyan@gmail.com','2021-02-22 09:21:29',NULL,NULL,0,NULL,NULL,16),(840,'DSC00364.JPG','image',49838,'application/octet-stream','iyyan@gmail.com','2021-02-22 09:21:30',NULL,NULL,0,NULL,NULL,16),(841,'DSC00365.JPG','image',42691,'application/octet-stream','iyyan@gmail.com','2021-02-22 09:21:31',NULL,NULL,0,NULL,NULL,16),(842,'DSC00366.JPG','image',54312,'application/octet-stream','iyyan@gmail.com','2021-02-22 09:21:31',NULL,NULL,0,NULL,NULL,16),(843,'DSC00367.JPG','image',45463,'application/octet-stream','iyyan@gmail.com','2021-02-22 09:21:32',NULL,NULL,0,NULL,NULL,16),(844,'DSC00368.JPG','image',56014,'application/octet-stream','iyyan@gmail.com','2021-02-22 09:21:33',NULL,NULL,0,NULL,NULL,16),(845,'DSC00369.JPG','image',42867,'application/octet-stream','iyyan@gmail.com','2021-02-22 09:21:33',NULL,NULL,0,NULL,NULL,16),(846,'DSC00370.JPG','image',46841,'application/octet-stream','iyyan@gmail.com','2021-02-22 09:21:34',NULL,NULL,0,NULL,NULL,16),(847,'DSC00371.JPG','image',59049,'application/octet-stream','iyyan@gmail.com','2021-02-22 09:21:35',NULL,NULL,0,NULL,NULL,16),(848,'DSC00372.JPG','image',48174,'application/octet-stream','iyyan@gmail.com','2021-02-22 09:21:35',NULL,NULL,0,NULL,NULL,16),(849,'DSC00373.JPG','image',51324,'application/octet-stream','iyyan@gmail.com','2021-02-22 09:21:36',NULL,NULL,0,NULL,NULL,16),(850,'DSC00374.JPG','image',50578,'application/octet-stream','iyyan@gmail.com','2021-02-22 09:21:37',NULL,NULL,0,NULL,NULL,16),(851,'DSC00375.JPG','image',51033,'application/octet-stream','iyyan@gmail.com','2021-02-22 09:21:38',NULL,NULL,0,NULL,NULL,16),(852,'DSC00376.JPG','image',52288,'application/octet-stream','iyyan@gmail.com','2021-02-22 09:21:38',NULL,NULL,0,NULL,NULL,16),(853,'DSC00377.JPG','image',48858,'application/octet-stream','iyyan@gmail.com','2021-02-22 09:21:39',NULL,NULL,0,NULL,NULL,16),(854,'DSC00378.JPG','image',56398,'application/octet-stream','iyyan@gmail.com','2021-02-22 09:21:40',NULL,NULL,0,NULL,NULL,16),(855,'DSC00379.JPG','image',45255,'application/octet-stream','iyyan@gmail.com','2021-02-22 09:21:40',NULL,NULL,0,NULL,NULL,16),(856,'DSC00380.JPG','image',44160,'application/octet-stream','iyyan@gmail.com','2021-02-22 09:21:41',NULL,NULL,0,NULL,NULL,16),(857,'DSC00381.JPG','image',38287,'application/octet-stream','iyyan@gmail.com','2021-02-22 09:21:42',NULL,NULL,0,NULL,NULL,16),(858,'DSC00382.JPG','image',43637,'application/octet-stream','iyyan@gmail.com','2021-02-22 09:21:43',NULL,NULL,0,NULL,NULL,16),(859,'DSC00383.JPG','image',40343,'application/octet-stream','iyyan@gmail.com','2021-02-22 09:21:44',NULL,NULL,0,NULL,NULL,16),(860,'DSC00384.JPG','image',49346,'application/octet-stream','iyyan@gmail.com','2021-02-22 09:21:44',NULL,NULL,0,NULL,NULL,16),(861,'DSC00385.JPG','image',30449,'application/octet-stream','iyyan@gmail.com','2021-02-22 09:21:45',NULL,NULL,0,NULL,NULL,16),(862,'DSC00386.JPG','image',35822,'application/octet-stream','iyyan@gmail.com','2021-02-22 09:21:46',NULL,NULL,0,NULL,NULL,16),(863,'DSC00387.JPG','image',42679,'application/octet-stream','iyyan@gmail.com','2021-02-22 09:21:46',NULL,NULL,0,NULL,NULL,16),(864,'DSC00388.JPG','image',37609,'application/octet-stream','iyyan@gmail.com','2021-02-22 09:21:47',NULL,NULL,0,NULL,NULL,16),(865,'DSC00389.JPG','image',40907,'application/octet-stream','iyyan@gmail.com','2021-02-22 09:21:48',NULL,NULL,0,NULL,NULL,16),(866,'DSC00390.JPG','image',36641,'application/octet-stream','iyyan@gmail.com','2021-02-22 09:21:49',NULL,NULL,0,NULL,NULL,16),(867,'DSC00391.JPG','image',41148,'application/octet-stream','iyyan@gmail.com','2021-02-22 09:21:50',NULL,NULL,0,NULL,NULL,16),(868,'DSC00392.JPG','image',42610,'application/octet-stream','iyyan@gmail.com','2021-02-22 09:21:51',NULL,NULL,0,NULL,NULL,16),(869,'DSC00393.JPG','image',45445,'application/octet-stream','iyyan@gmail.com','2021-02-22 09:21:53',NULL,NULL,0,NULL,NULL,16),(870,'DSC00394.JPG','image',47996,'application/octet-stream','iyyan@gmail.com','2021-02-22 09:21:54',NULL,NULL,0,NULL,NULL,16),(871,'DSC00395.JPG','image',45534,'application/octet-stream','iyyan@gmail.com','2021-02-22 09:21:54',NULL,NULL,0,NULL,NULL,16),(872,'DSC00396.JPG','image',32497,'application/octet-stream','iyyan@gmail.com','2021-02-22 09:21:55',NULL,NULL,0,NULL,NULL,16),(873,'DSC00397.JPG','image',34348,'application/octet-stream','iyyan@gmail.com','2021-02-22 09:21:56',NULL,NULL,0,NULL,NULL,16),(874,'DSC00398.JPG','image',33964,'application/octet-stream','iyyan@gmail.com','2021-02-22 09:21:57',NULL,NULL,0,NULL,NULL,16),(875,'DSC00399.JPG','image',30554,'application/octet-stream','iyyan@gmail.com','2021-02-22 09:21:57',NULL,NULL,0,NULL,NULL,16),(876,'DSC00400.JPG','image',41213,'application/octet-stream','iyyan@gmail.com','2021-02-22 09:21:58',NULL,NULL,0,NULL,NULL,16),(877,'DSC00401.JPG','image',29239,'application/octet-stream','iyyan@gmail.com','2021-02-22 09:21:59',NULL,NULL,0,NULL,NULL,16),(878,'DSC00402.JPG','image',34089,'application/octet-stream','iyyan@gmail.com','2021-02-22 09:21:59',NULL,NULL,0,NULL,NULL,16),(879,'DSC00403.JPG','image',56027,'application/octet-stream','iyyan@gmail.com','2021-02-22 09:22:00',NULL,NULL,0,NULL,NULL,16),(880,'DSC00404.JPG','image',58067,'application/octet-stream','iyyan@gmail.com','2021-02-22 09:22:01',NULL,NULL,0,NULL,NULL,16),(881,'DSC00405.JPG','image',43384,'application/octet-stream','iyyan@gmail.com','2021-02-22 09:22:01',NULL,NULL,0,NULL,NULL,16),(882,'DSC00406.JPG','image',48887,'application/octet-stream','iyyan@gmail.com','2021-02-22 09:22:02',NULL,NULL,0,NULL,NULL,16),(883,'DSC00407.JPG','image',38662,'application/octet-stream','iyyan@gmail.com','2021-02-22 09:22:03',NULL,NULL,0,NULL,NULL,16),(884,'DSC00408.JPG','image',39627,'application/octet-stream','iyyan@gmail.com','2021-02-22 09:22:04',NULL,NULL,0,NULL,NULL,16),(885,'DSC00409.JPG','image',45988,'application/octet-stream','iyyan@gmail.com','2021-02-22 09:22:04',NULL,NULL,0,NULL,NULL,16),(886,'DSC00410.JPG','image',49584,'application/octet-stream','iyyan@gmail.com','2021-02-22 09:22:05',NULL,NULL,0,NULL,NULL,16),(887,'DSC00411.JPG','image',47653,'application/octet-stream','iyyan@gmail.com','2021-02-22 09:22:06',NULL,NULL,0,NULL,NULL,16),(888,'DSC00412.JPG','image',46390,'application/octet-stream','iyyan@gmail.com','2021-02-22 09:22:07',NULL,NULL,0,NULL,NULL,16),(889,'DSC00413.JPG','image',64914,'application/octet-stream','iyyan@gmail.com','2021-02-22 09:22:07',NULL,NULL,0,NULL,NULL,16),(890,'DSC00414.JPG','image',39973,'application/octet-stream','iyyan@gmail.com','2021-02-22 09:22:08',NULL,NULL,0,NULL,NULL,16),(891,'DSC00415.JPG','image',36024,'application/octet-stream','iyyan@gmail.com','2021-02-22 09:22:09',NULL,NULL,0,NULL,NULL,16),(892,'DSC00416.JPG','image',66123,'application/octet-stream','iyyan@gmail.com','2021-02-22 09:22:10',NULL,NULL,0,NULL,NULL,16),(893,'DSC00417.JPG','image',49079,'application/octet-stream','iyyan@gmail.com','2021-02-22 09:22:10',NULL,NULL,0,NULL,NULL,16),(894,'DSC00418.JPG','image',52355,'application/octet-stream','iyyan@gmail.com','2021-02-22 09:22:11',NULL,NULL,0,NULL,NULL,16),(895,'DSC00419.JPG','image',63491,'application/octet-stream','iyyan@gmail.com','2021-02-22 09:22:12',NULL,NULL,0,NULL,NULL,16),(896,'DSC00420.JPG','image',73459,'application/octet-stream','iyyan@gmail.com','2021-02-22 09:22:13',NULL,NULL,0,NULL,NULL,16),(897,'DSC00421.JPG','image',54969,'application/octet-stream','iyyan@gmail.com','2021-02-22 09:22:13',NULL,NULL,0,NULL,NULL,16),(898,'DSC00422.JPG','image',43337,'application/octet-stream','iyyan@gmail.com','2021-02-22 09:22:14',NULL,NULL,0,NULL,NULL,16),(899,'DSC00423.JPG','image',54853,'application/octet-stream','iyyan@gmail.com','2021-02-22 09:22:15',NULL,NULL,0,NULL,NULL,16),(900,'DSC00424.JPG','image',50371,'application/octet-stream','iyyan@gmail.com','2021-02-22 09:22:15',NULL,NULL,0,NULL,NULL,16),(901,'DSC00425.JPG','image',33002,'application/octet-stream','iyyan@gmail.com','2021-02-22 09:22:16',NULL,NULL,0,NULL,NULL,16),(902,'DSC00426.JPG','image',46103,'application/octet-stream','iyyan@gmail.com','2021-02-22 09:22:17',NULL,NULL,0,NULL,NULL,16),(903,'DSC00427.JPG','image',39675,'application/octet-stream','iyyan@gmail.com','2021-02-22 09:22:17',NULL,NULL,0,NULL,NULL,16),(904,'DSC00428.JPG','image',52818,'application/octet-stream','iyyan@gmail.com','2021-02-22 09:22:18',NULL,NULL,0,NULL,NULL,16),(905,'DSC00429.JPG','image',32910,'application/octet-stream','iyyan@gmail.com','2021-02-22 09:22:19',NULL,NULL,0,NULL,NULL,16),(906,'DSC00430.JPG','image',29053,'application/octet-stream','iyyan@gmail.com','2021-02-22 09:22:19',NULL,NULL,0,NULL,NULL,16),(907,'DSC00431.JPG','image',56708,'application/octet-stream','iyyan@gmail.com','2021-02-22 09:22:20',NULL,NULL,0,NULL,NULL,16),(908,'DSC00432.JPG','image',54204,'application/octet-stream','iyyan@gmail.com','2021-02-22 09:22:21',NULL,NULL,0,NULL,NULL,16),(909,'DSC00433.JPG','image',47984,'application/octet-stream','iyyan@gmail.com','2021-02-22 09:22:21',NULL,NULL,0,NULL,NULL,16),(910,'DSC00434.JPG','image',53654,'application/octet-stream','iyyan@gmail.com','2021-02-22 09:22:22',NULL,NULL,0,NULL,NULL,16),(911,'DSC00435.JPG','image',50882,'application/octet-stream','iyyan@gmail.com','2021-02-22 09:22:22',NULL,NULL,0,NULL,NULL,16),(912,'DSC00436.JPG','image',58097,'application/octet-stream','iyyan@gmail.com','2021-02-22 09:22:23',NULL,NULL,0,NULL,NULL,16),(913,'DSC00437.JPG','image',59718,'application/octet-stream','iyyan@gmail.com','2021-02-22 09:22:24',NULL,NULL,0,NULL,NULL,16),(914,'DSC00438.JPG','image',64080,'application/octet-stream','iyyan@gmail.com','2021-02-22 09:22:24',NULL,NULL,0,NULL,NULL,16),(915,'DSC00439.JPG','image',60942,'application/octet-stream','iyyan@gmail.com','2021-02-22 09:22:25',NULL,NULL,0,NULL,NULL,16),(916,'DSC00440.JPG','image',76255,'application/octet-stream','iyyan@gmail.com','2021-02-22 09:22:26',NULL,NULL,0,NULL,NULL,16),(917,'DSC00441.JPG','image',68102,'application/octet-stream','iyyan@gmail.com','2021-02-22 09:22:26',NULL,NULL,0,NULL,NULL,16),(918,'DSC00442.JPG','image',47047,'application/octet-stream','iyyan@gmail.com','2021-02-22 09:22:27',NULL,NULL,0,NULL,NULL,16),(919,'DSC00443.JPG','image',55260,'application/octet-stream','iyyan@gmail.com','2021-02-22 09:22:28',NULL,NULL,0,NULL,NULL,16),(920,'DSC00444.JPG','image',55629,'application/octet-stream','iyyan@gmail.com','2021-02-22 09:22:28',NULL,NULL,0,NULL,NULL,16),(921,'DSC00445.JPG','image',62879,'application/octet-stream','iyyan@gmail.com','2021-02-22 09:22:30',NULL,NULL,0,NULL,NULL,16),(922,'DSC00446.JPG','image',49684,'application/octet-stream','iyyan@gmail.com','2021-02-22 09:22:31',NULL,NULL,0,NULL,NULL,16),(923,'DSC00447.JPG','image',49935,'application/octet-stream','iyyan@gmail.com','2021-02-22 09:22:31',NULL,NULL,0,NULL,NULL,16),(924,'DSC00448.JPG','image',45979,'application/octet-stream','iyyan@gmail.com','2021-02-22 09:22:32',NULL,NULL,0,NULL,NULL,16),(925,'DSC00449.JPG','image',55591,'application/octet-stream','iyyan@gmail.com','2021-02-22 09:22:33',NULL,NULL,0,NULL,NULL,16),(926,'DSC00450.JPG','image',72991,'application/octet-stream','iyyan@gmail.com','2021-02-22 09:22:34',NULL,NULL,0,NULL,NULL,16),(927,'DSC00451.JPG','image',38040,'application/octet-stream','iyyan@gmail.com','2021-02-22 09:22:35',NULL,NULL,0,NULL,NULL,16),(928,'DSC00452.JPG','image',64823,'application/octet-stream','iyyan@gmail.com','2021-02-22 09:22:36',NULL,NULL,0,NULL,NULL,16),(929,'DSC00453.JPG','image',48309,'application/octet-stream','iyyan@gmail.com','2021-02-22 09:22:37',NULL,NULL,0,NULL,NULL,16),(930,'DSC00454.JPG','image',49781,'application/octet-stream','iyyan@gmail.com','2021-02-22 09:22:38',NULL,NULL,0,NULL,NULL,16),(931,'DSC00455.JPG','image',47891,'application/octet-stream','iyyan@gmail.com','2021-02-22 09:22:38',NULL,NULL,0,NULL,NULL,16),(932,'DSC00456.JPG','image',50003,'application/octet-stream','iyyan@gmail.com','2021-02-22 09:22:39',NULL,NULL,0,NULL,NULL,16),(933,'DSC00457.JPG','image',55724,'application/octet-stream','iyyan@gmail.com','2021-02-22 09:22:40',NULL,NULL,0,NULL,NULL,16),(934,'DSC00458.JPG','image',37836,'application/octet-stream','iyyan@gmail.com','2021-02-22 09:22:41',NULL,NULL,0,NULL,NULL,16),(935,'DSC00459.JPG','image',48900,'application/octet-stream','iyyan@gmail.com','2021-02-22 09:22:42',NULL,NULL,0,NULL,NULL,16),(936,'DSC00460.JPG','image',51234,'application/octet-stream','iyyan@gmail.com','2021-02-22 09:22:42',NULL,NULL,0,NULL,NULL,16),(937,'DSC00461.JPG','image',40883,'application/octet-stream','iyyan@gmail.com','2021-02-22 09:22:43',NULL,NULL,0,NULL,NULL,16),(938,'DSC00462.JPG','image',50957,'application/octet-stream','iyyan@gmail.com','2021-02-22 09:22:44',NULL,NULL,0,NULL,NULL,16),(939,'DSC00463.JPG','image',48832,'application/octet-stream','iyyan@gmail.com','2021-02-22 09:22:45',NULL,NULL,0,NULL,NULL,16),(940,'DSC00464.JPG','image',47489,'application/octet-stream','iyyan@gmail.com','2021-02-22 09:22:46',NULL,NULL,0,NULL,NULL,16),(941,'DSC00465.JPG','image',51017,'application/octet-stream','iyyan@gmail.com','2021-02-22 09:22:47',NULL,NULL,0,NULL,NULL,16),(942,'DSC00466.JPG','image',44899,'application/octet-stream','iyyan@gmail.com','2021-02-22 09:22:48',NULL,NULL,0,NULL,NULL,16),(943,'DSC00467.JPG','image',49335,'application/octet-stream','iyyan@gmail.com','2021-02-22 09:22:48',NULL,NULL,0,NULL,NULL,16),(944,'DSC00468.JPG','image',43476,'application/octet-stream','iyyan@gmail.com','2021-02-22 09:22:49',NULL,NULL,0,NULL,NULL,16),(945,'DSC00469.JPG','image',40879,'application/octet-stream','iyyan@gmail.com','2021-02-22 09:22:50',NULL,NULL,0,NULL,NULL,16),(946,'DSC00470.JPG','image',47150,'application/octet-stream','iyyan@gmail.com','2021-02-22 09:22:51',NULL,NULL,0,NULL,NULL,16),(947,'DSC00471.JPG','image',51445,'application/octet-stream','iyyan@gmail.com','2021-02-22 09:22:52',NULL,NULL,0,NULL,NULL,16),(948,'DSC00472.JPG','image',51483,'application/octet-stream','iyyan@gmail.com','2021-02-22 09:22:53',NULL,NULL,0,NULL,NULL,16),(949,'DSC00473.JPG','image',41854,'application/octet-stream','iyyan@gmail.com','2021-02-22 09:22:54',NULL,NULL,0,NULL,NULL,16),(950,'DSC00474.JPG','image',57219,'application/octet-stream','iyyan@gmail.com','2021-02-22 09:22:54',NULL,NULL,0,NULL,NULL,16),(951,'DSC00475.JPG','image',53753,'application/octet-stream','iyyan@gmail.com','2021-02-22 09:22:55',NULL,NULL,0,NULL,NULL,16),(952,'DSC00476.JPG','image',62714,'application/octet-stream','iyyan@gmail.com','2021-02-22 09:22:56',NULL,NULL,0,NULL,NULL,16),(953,'DSC00477.JPG','image',46307,'application/octet-stream','iyyan@gmail.com','2021-02-22 09:22:57',NULL,NULL,0,NULL,NULL,16),(954,'DSC00478.JPG','image',44830,'application/octet-stream','iyyan@gmail.com','2021-02-22 09:22:58',NULL,NULL,0,NULL,NULL,16),(955,'DSC00479.JPG','image',41864,'application/octet-stream','iyyan@gmail.com','2021-02-22 09:22:59',NULL,NULL,0,NULL,NULL,16),(956,'DSC00480.JPG','image',44068,'application/octet-stream','iyyan@gmail.com','2021-02-22 09:23:00',NULL,NULL,0,NULL,NULL,16),(957,'DSC00481.JPG','image',44129,'application/octet-stream','iyyan@gmail.com','2021-02-22 09:23:01',NULL,NULL,0,NULL,NULL,16),(958,'DSC00482.JPG','image',49946,'application/octet-stream','iyyan@gmail.com','2021-02-22 09:23:01',NULL,NULL,0,NULL,NULL,16),(959,'DSC00483.JPG','image',49235,'application/octet-stream','iyyan@gmail.com','2021-02-22 09:23:02',NULL,NULL,0,NULL,NULL,16),(960,'DSC00484.JPG','image',47977,'application/octet-stream','iyyan@gmail.com','2021-02-22 09:23:03',NULL,NULL,0,NULL,NULL,16),(961,'DSC00485.JPG','image',27309,'application/octet-stream','iyyan@gmail.com','2021-02-22 09:23:04',NULL,NULL,0,NULL,NULL,16),(962,'DSC00486.JPG','image',54995,'application/octet-stream','iyyan@gmail.com','2021-02-22 09:23:05',NULL,NULL,0,NULL,NULL,16),(963,'DSC00487.JPG','image',55941,'application/octet-stream','iyyan@gmail.com','2021-02-22 09:23:05',NULL,NULL,0,NULL,NULL,16),(964,'DSC00488.JPG','image',53591,'application/octet-stream','iyyan@gmail.com','2021-02-22 09:23:06',NULL,NULL,0,NULL,NULL,16),(965,'DSC00489.JPG','image',54875,'application/octet-stream','iyyan@gmail.com','2021-02-22 09:23:07',NULL,NULL,0,NULL,NULL,16),(966,'DSC00490.JPG','image',45325,'application/octet-stream','iyyan@gmail.com','2021-02-22 09:23:08',NULL,NULL,0,NULL,NULL,16),(967,'DSC00491.JPG','image',40082,'application/octet-stream','iyyan@gmail.com','2021-02-22 09:23:09',NULL,NULL,0,NULL,NULL,16),(968,'DSC00492.JPG','image',41499,'application/octet-stream','iyyan@gmail.com','2021-02-22 09:23:10',NULL,NULL,0,NULL,NULL,16),(969,'DSC00493.JPG','image',54365,'application/octet-stream','iyyan@gmail.com','2021-02-22 09:23:10',NULL,NULL,0,NULL,NULL,16),(970,'DSC00494.JPG','image',61842,'application/octet-stream','iyyan@gmail.com','2021-02-22 09:23:11',NULL,NULL,0,NULL,NULL,16),(971,'DSC00495.JPG','image',61293,'application/octet-stream','iyyan@gmail.com','2021-02-22 09:23:12',NULL,NULL,0,NULL,NULL,16),(972,'DSC00496.JPG','image',50211,'application/octet-stream','iyyan@gmail.com','2021-02-22 09:23:13',NULL,NULL,0,NULL,NULL,16),(973,'DSC00497.JPG','image',48930,'application/octet-stream','iyyan@gmail.com','2021-02-22 09:23:14',NULL,NULL,0,NULL,NULL,16),(974,'DSC00498.JPG','image',40130,'application/octet-stream','iyyan@gmail.com','2021-02-22 09:23:15',NULL,NULL,0,NULL,NULL,16),(975,'DSC00499.JPG','image',53573,'application/octet-stream','iyyan@gmail.com','2021-02-22 09:23:15',NULL,NULL,0,NULL,NULL,16),(976,'DSC00500.JPG','image',48917,'application/octet-stream','iyyan@gmail.com','2021-02-22 09:23:16',NULL,NULL,0,NULL,NULL,16),(977,'DSC00501.JPG','image',45576,'application/octet-stream','iyyan@gmail.com','2021-02-22 09:23:17',NULL,NULL,0,NULL,NULL,16),(978,'DSC00502.JPG','image',51913,'application/octet-stream','iyyan@gmail.com','2021-02-22 09:23:18',NULL,NULL,0,NULL,NULL,16),(979,'DSC00503.JPG','image',49639,'application/octet-stream','iyyan@gmail.com','2021-02-22 09:23:19',NULL,NULL,0,NULL,NULL,16),(980,'DSC00504.JPG','image',33367,'application/octet-stream','iyyan@gmail.com','2021-02-22 09:23:19',NULL,NULL,0,NULL,NULL,16),(981,'DSC00505.JPG','image',47196,'application/octet-stream','iyyan@gmail.com','2021-02-22 09:23:20',NULL,NULL,0,NULL,NULL,16),(982,'DSC00506.JPG','image',49628,'application/octet-stream','iyyan@gmail.com','2021-02-22 09:23:21',NULL,NULL,0,NULL,NULL,16),(983,'DSC00507.JPG','image',37918,'application/octet-stream','iyyan@gmail.com','2021-02-22 09:23:22',NULL,NULL,0,NULL,NULL,16),(984,'DSC00508.JPG','image',39486,'application/octet-stream','iyyan@gmail.com','2021-02-22 09:23:22',NULL,NULL,0,NULL,NULL,16),(985,'DSC00509.JPG','image',46054,'application/octet-stream','iyyan@gmail.com','2021-02-22 09:23:23',NULL,NULL,0,NULL,NULL,16),(986,'DSC00510.JPG','image',45042,'application/octet-stream','iyyan@gmail.com','2021-02-22 09:23:24',NULL,NULL,0,NULL,NULL,16),(987,'DSC00511.JPG','image',46643,'application/octet-stream','iyyan@gmail.com','2021-02-22 09:23:25',NULL,NULL,0,NULL,NULL,16),(988,'DSC00512.JPG','image',46298,'application/octet-stream','iyyan@gmail.com','2021-02-22 09:23:25',NULL,NULL,0,NULL,NULL,16),(989,'DSC00513.JPG','image',52995,'application/octet-stream','iyyan@gmail.com','2021-02-22 09:23:26',NULL,NULL,0,NULL,NULL,16),(990,'DSC00514.JPG','image',58236,'application/octet-stream','iyyan@gmail.com','2021-02-22 09:23:27',NULL,NULL,0,NULL,NULL,16),(991,'DSC00515.JPG','image',53726,'application/octet-stream','iyyan@gmail.com','2021-02-22 09:23:28',NULL,NULL,0,NULL,NULL,16),(992,'DSC00516.JPG','image',57109,'application/octet-stream','iyyan@gmail.com','2021-02-22 09:23:29',NULL,NULL,0,NULL,NULL,16),(993,'DSC00517.JPG','image',36909,'application/octet-stream','iyyan@gmail.com','2021-02-22 09:23:29',NULL,NULL,0,NULL,NULL,16),(994,'DSC00518.JPG','image',33335,'application/octet-stream','iyyan@gmail.com','2021-02-22 09:23:30',NULL,NULL,0,NULL,NULL,16),(995,'DSC00519.JPG','image',37081,'application/octet-stream','iyyan@gmail.com','2021-02-22 09:23:31',NULL,NULL,0,NULL,NULL,16),(996,'DSC00520.JPG','image',49433,'application/octet-stream','iyyan@gmail.com','2021-02-22 09:23:31',NULL,NULL,0,NULL,NULL,16),(997,'DSC00521.JPG','image',47520,'application/octet-stream','iyyan@gmail.com','2021-02-22 09:23:32',NULL,NULL,0,NULL,NULL,16),(998,'DSC00522.JPG','image',37560,'application/octet-stream','iyyan@gmail.com','2021-02-22 09:23:33',NULL,NULL,0,NULL,NULL,16),(999,'DSC00523.JPG','image',35207,'application/octet-stream','iyyan@gmail.com','2021-02-22 09:23:34',NULL,NULL,0,NULL,NULL,16),(1000,'DSC00524.JPG','image',32795,'application/octet-stream','iyyan@gmail.com','2021-02-22 09:23:34',NULL,NULL,0,NULL,NULL,16),(1001,'DSC00525.JPG','image',38885,'application/octet-stream','iyyan@gmail.com','2021-02-22 09:23:35',NULL,NULL,0,NULL,NULL,16),(1002,'DSC00526.JPG','image',47457,'application/octet-stream','iyyan@gmail.com','2021-02-22 09:23:36',NULL,NULL,0,NULL,NULL,16),(1003,'DSC00527.JPG','image',43842,'application/octet-stream','iyyan@gmail.com','2021-02-22 09:23:37',NULL,NULL,0,NULL,NULL,16),(1004,'DSC00528.JPG','image',61818,'application/octet-stream','iyyan@gmail.com','2021-02-22 09:23:37',NULL,NULL,0,NULL,NULL,16),(1005,'DSC00529.JPG','image',55033,'application/octet-stream','iyyan@gmail.com','2021-02-22 09:23:38',NULL,NULL,0,NULL,NULL,16),(1006,'DSC00530.JPG','image',50127,'application/octet-stream','iyyan@gmail.com','2021-02-22 09:23:39',NULL,NULL,0,NULL,NULL,16),(1007,'DSC00531.JPG','image',44318,'application/octet-stream','iyyan@gmail.com','2021-02-22 09:23:40',NULL,NULL,0,NULL,NULL,16),(1008,'DSC00532.JPG','image',46549,'application/octet-stream','iyyan@gmail.com','2021-02-22 09:23:41',NULL,NULL,0,NULL,NULL,16),(1009,'DSC00533.JPG','image',41184,'application/octet-stream','iyyan@gmail.com','2021-02-22 09:23:41',NULL,NULL,0,NULL,NULL,16),(1010,'DSC00534.JPG','image',45080,'application/octet-stream','iyyan@gmail.com','2021-02-22 09:23:42',NULL,NULL,0,NULL,NULL,16),(1011,'DSC00535.JPG','image',45005,'application/octet-stream','iyyan@gmail.com','2021-02-22 09:23:43',NULL,NULL,0,NULL,NULL,16),(1012,'DSC00536.JPG','image',36177,'application/octet-stream','iyyan@gmail.com','2021-02-22 09:23:44',NULL,NULL,0,NULL,NULL,16),(1013,'DSC00537.JPG','image',45470,'application/octet-stream','iyyan@gmail.com','2021-02-22 09:23:44',NULL,NULL,0,NULL,NULL,16),(1014,'DSC00538.JPG','image',43313,'application/octet-stream','iyyan@gmail.com','2021-02-22 09:23:45',NULL,NULL,0,NULL,NULL,16),(1015,'DSC00539.JPG','image',47262,'application/octet-stream','iyyan@gmail.com','2021-02-22 09:23:46',NULL,NULL,0,NULL,NULL,16),(1016,'DSC00540.JPG','image',51093,'application/octet-stream','iyyan@gmail.com','2021-02-22 09:23:47',NULL,NULL,0,NULL,NULL,16),(1017,'DSC00541.JPG','image',57241,'application/octet-stream','iyyan@gmail.com','2021-02-22 09:23:47',NULL,NULL,0,NULL,NULL,16),(1018,'DSC00542.JPG','image',59736,'application/octet-stream','iyyan@gmail.com','2021-02-22 09:23:48',NULL,NULL,0,NULL,NULL,16),(1019,'DSC00543.JPG','image',60665,'application/octet-stream','iyyan@gmail.com','2021-02-22 09:23:49',NULL,NULL,0,NULL,NULL,16),(1020,'DSC00544.JPG','image',50954,'application/octet-stream','iyyan@gmail.com','2021-02-22 09:23:50',NULL,NULL,0,NULL,NULL,16),(1021,'DSC00545.JPG','image',44915,'application/octet-stream','iyyan@gmail.com','2021-02-22 09:23:50',NULL,NULL,0,NULL,NULL,16),(1022,'DSC00546.JPG','image',41278,'application/octet-stream','iyyan@gmail.com','2021-02-22 09:23:51',NULL,NULL,0,NULL,NULL,16),(1023,'DSC00547.JPG','image',48808,'application/octet-stream','iyyan@gmail.com','2021-02-22 09:23:52',NULL,NULL,0,NULL,NULL,16),(1024,'DSC00548.JPG','image',23202,'application/octet-stream','iyyan@gmail.com','2021-02-22 09:23:53',NULL,NULL,0,NULL,NULL,16),(1025,'DSC00549.JPG','image',54860,'application/octet-stream','iyyan@gmail.com','2021-02-22 09:23:53',NULL,NULL,0,NULL,NULL,16),(1026,'DSC00550.JPG','image',42515,'application/octet-stream','iyyan@gmail.com','2021-02-22 09:23:54',NULL,NULL,0,NULL,NULL,16),(1027,'DSC00551.JPG','image',36255,'application/octet-stream','iyyan@gmail.com','2021-02-22 09:23:55',NULL,NULL,0,NULL,NULL,16),(1028,'DSC00552.JPG','image',47025,'application/octet-stream','iyyan@gmail.com','2021-02-22 09:23:55',NULL,NULL,0,NULL,NULL,16),(1029,'DSC00553.JPG','image',49223,'application/octet-stream','iyyan@gmail.com','2021-02-22 09:23:56',NULL,NULL,0,NULL,NULL,16),(1030,'DSC00554.JPG','image',51246,'application/octet-stream','iyyan@gmail.com','2021-02-22 09:23:57',NULL,NULL,0,NULL,NULL,16),(1031,'DSC00555.JPG','image',45653,'application/octet-stream','iyyan@gmail.com','2021-02-22 09:23:57',NULL,NULL,0,NULL,NULL,16),(1032,'DSC00556.JPG','image',69475,'application/octet-stream','iyyan@gmail.com','2021-02-22 09:23:58',NULL,NULL,0,NULL,NULL,16),(1033,'DSC00557.JPG','image',28979,'application/octet-stream','iyyan@gmail.com','2021-02-22 09:23:59',NULL,NULL,0,NULL,NULL,16),(1034,'DSC00558.JPG','image',41087,'application/octet-stream','iyyan@gmail.com','2021-02-22 09:23:59',NULL,NULL,0,NULL,NULL,16),(1035,'DSC00559.JPG','image',37804,'application/octet-stream','iyyan@gmail.com','2021-02-22 09:24:00',NULL,NULL,0,NULL,NULL,16),(1036,'DSC00560.JPG','image',36305,'application/octet-stream','iyyan@gmail.com','2021-02-22 09:24:01',NULL,NULL,0,NULL,NULL,16),(1037,'DSC00561.JPG','image',42432,'application/octet-stream','iyyan@gmail.com','2021-02-22 09:24:02',NULL,NULL,0,NULL,NULL,16),(1038,'DSC00562.JPG','image',46974,'application/octet-stream','iyyan@gmail.com','2021-02-22 09:24:02',NULL,NULL,0,NULL,NULL,16),(1039,'DSC00563.JPG','image',26199,'application/octet-stream','iyyan@gmail.com','2021-02-22 09:24:03',NULL,NULL,0,NULL,NULL,16),(1040,'DSC00564.JPG','image',37700,'application/octet-stream','iyyan@gmail.com','2021-02-22 09:24:04',NULL,NULL,0,NULL,NULL,16),(1041,'DSC00565.JPG','image',37636,'application/octet-stream','iyyan@gmail.com','2021-02-22 09:24:04',NULL,NULL,0,NULL,NULL,16),(1042,'DSC00566.JPG','image',48232,'application/octet-stream','iyyan@gmail.com','2021-02-22 09:24:05',NULL,NULL,0,NULL,NULL,16),(1043,'DSC00567.JPG','image',40955,'application/octet-stream','iyyan@gmail.com','2021-02-22 09:24:06',NULL,NULL,0,NULL,NULL,16),(1044,'DSC00568.JPG','image',44069,'application/octet-stream','iyyan@gmail.com','2021-02-22 09:24:07',NULL,NULL,0,NULL,NULL,16),(1045,'DSC00569.JPG','image',33714,'application/octet-stream','iyyan@gmail.com','2021-02-22 09:24:07',NULL,NULL,0,NULL,NULL,16),(1046,'DSC00570.JPG','image',46438,'application/octet-stream','iyyan@gmail.com','2021-02-22 09:24:08',NULL,NULL,0,NULL,NULL,16),(1047,'DSC00571.JPG','image',43010,'application/octet-stream','iyyan@gmail.com','2021-02-22 09:24:09',NULL,NULL,0,NULL,NULL,16),(1048,'DSC00572.JPG','image',33745,'application/octet-stream','iyyan@gmail.com','2021-02-22 09:24:10',NULL,NULL,0,NULL,NULL,16),(1049,'DSC00573.JPG','image',39889,'application/octet-stream','iyyan@gmail.com','2021-02-22 09:24:11',NULL,NULL,0,NULL,NULL,16),(1050,'DSC00574.JPG','image',38421,'application/octet-stream','iyyan@gmail.com','2021-02-22 09:24:11',NULL,NULL,0,NULL,NULL,16),(1051,'DSC00575.JPG','image',42266,'application/octet-stream','iyyan@gmail.com','2021-02-22 09:24:12',NULL,NULL,0,NULL,NULL,16),(1052,'DSC00576.JPG','image',17139,'application/octet-stream','iyyan@gmail.com','2021-02-22 09:24:13',NULL,NULL,0,NULL,NULL,16),(1053,'DSC00577.JPG','image',14299,'application/octet-stream','iyyan@gmail.com','2021-02-22 09:24:14',NULL,NULL,0,NULL,NULL,16),(1054,'DSC00578.JPG','image',19406,'application/octet-stream','iyyan@gmail.com','2021-02-22 09:24:14',NULL,NULL,0,NULL,NULL,16),(1055,'DSC00579.JPG','image',24301,'application/octet-stream','iyyan@gmail.com','2021-02-22 09:24:15',NULL,NULL,0,NULL,NULL,16),(1056,'DSC00580.JPG','image',44753,'application/octet-stream','iyyan@gmail.com','2021-02-22 09:24:16',NULL,NULL,0,NULL,NULL,16),(1057,'DSC00581.JPG','image',42757,'application/octet-stream','iyyan@gmail.com','2021-02-22 09:24:17',NULL,NULL,0,NULL,NULL,16),(1058,'DSC00582.JPG','image',36971,'application/octet-stream','iyyan@gmail.com','2021-02-22 09:24:17',NULL,NULL,0,NULL,NULL,16),(1059,'DSC00583.JPG','image',38418,'application/octet-stream','iyyan@gmail.com','2021-02-22 09:24:18',NULL,NULL,0,NULL,NULL,16),(1060,'DSC00584.JPG','image',41899,'application/octet-stream','iyyan@gmail.com','2021-02-22 09:24:19',NULL,NULL,0,NULL,NULL,16),(1061,'DSC00585.JPG','image',35149,'application/octet-stream','iyyan@gmail.com','2021-02-22 09:24:20',NULL,NULL,0,NULL,NULL,16),(1062,'DSC00586.JPG','image',32919,'application/octet-stream','iyyan@gmail.com','2021-02-22 09:24:21',NULL,NULL,0,NULL,NULL,16),(1063,'DSC00587.JPG','image',41244,'application/octet-stream','iyyan@gmail.com','2021-02-22 09:24:22',NULL,NULL,0,NULL,NULL,16),(1064,'DSC00588.JPG','image',41085,'application/octet-stream','iyyan@gmail.com','2021-02-22 09:24:23',NULL,NULL,0,NULL,NULL,16),(1065,'DSC00589.JPG','image',38824,'application/octet-stream','iyyan@gmail.com','2021-02-22 09:24:24',NULL,NULL,0,NULL,NULL,16),(1066,'DSC00590.JPG','image',44683,'application/octet-stream','iyyan@gmail.com','2021-02-22 09:24:24',NULL,NULL,0,NULL,NULL,16),(1067,'DSC00591.JPG','image',41840,'application/octet-stream','iyyan@gmail.com','2021-02-22 09:24:25',NULL,NULL,0,NULL,NULL,16),(1068,'DSC00592.JPG','image',36246,'application/octet-stream','iyyan@gmail.com','2021-02-22 09:24:26',NULL,NULL,0,NULL,NULL,16),(1069,'DSC00593.JPG','image',33160,'application/octet-stream','iyyan@gmail.com','2021-02-22 09:24:27',NULL,NULL,0,NULL,NULL,16),(1070,'DSC00594.JPG','image',35433,'application/octet-stream','iyyan@gmail.com','2021-02-22 09:24:28',NULL,NULL,0,NULL,NULL,16),(1071,'DSC00595.JPG','image',39497,'application/octet-stream','iyyan@gmail.com','2021-02-22 09:24:29',NULL,NULL,0,NULL,NULL,16),(1072,'DSC00596.JPG','image',38677,'application/octet-stream','iyyan@gmail.com','2021-02-22 09:24:30',NULL,NULL,0,NULL,NULL,16),(1073,'DSC00597.JPG','image',40311,'application/octet-stream','iyyan@gmail.com','2021-02-22 09:24:30',NULL,NULL,0,NULL,NULL,16),(1074,'DSC00598.JPG','image',39350,'application/octet-stream','iyyan@gmail.com','2021-02-22 09:24:31',NULL,NULL,0,NULL,NULL,16),(1075,'DSC00599.JPG','image',46222,'application/octet-stream','iyyan@gmail.com','2021-02-22 09:24:32',NULL,NULL,0,NULL,NULL,16),(1076,'DSC00600.JPG','image',40410,'application/octet-stream','iyyan@gmail.com','2021-02-22 09:24:33',NULL,NULL,0,NULL,NULL,16),(1077,'DSC00601.JPG','image',39753,'application/octet-stream','iyyan@gmail.com','2021-02-22 09:24:34',NULL,NULL,0,NULL,NULL,16),(1078,'DSC00602.JPG','image',38916,'application/octet-stream','iyyan@gmail.com','2021-02-22 09:24:35',NULL,NULL,0,NULL,NULL,16),(1079,'DSC00603.JPG','image',33838,'application/octet-stream','iyyan@gmail.com','2021-02-22 09:24:36',NULL,NULL,0,NULL,NULL,16),(1080,'DSC00604.JPG','image',37919,'application/octet-stream','iyyan@gmail.com','2021-02-22 09:24:37',NULL,NULL,0,NULL,NULL,16),(1081,'DSC00605.JPG','image',45915,'application/octet-stream','iyyan@gmail.com','2021-02-22 09:24:38',NULL,NULL,0,NULL,NULL,16),(1082,'DSC00606.JPG','image',42312,'application/octet-stream','iyyan@gmail.com','2021-02-22 09:24:39',NULL,NULL,0,NULL,NULL,16),(1083,'DSC00607.JPG','image',44460,'application/octet-stream','iyyan@gmail.com','2021-02-22 09:24:39',NULL,NULL,0,NULL,NULL,16),(1084,'DSC00608.JPG','image',49631,'application/octet-stream','iyyan@gmail.com','2021-02-22 09:24:40',NULL,NULL,0,NULL,NULL,16),(1085,'DSC00609.JPG','image',48707,'application/octet-stream','iyyan@gmail.com','2021-02-22 09:24:41',NULL,NULL,0,NULL,NULL,16),(1086,'DSC00610.JPG','image',31989,'application/octet-stream','iyyan@gmail.com','2021-02-22 09:24:42',NULL,NULL,0,NULL,NULL,16),(1087,'DSC00611.JPG','image',36855,'application/octet-stream','iyyan@gmail.com','2021-02-22 09:24:43',NULL,NULL,0,NULL,NULL,16),(1088,'DSC00612.JPG','image',38213,'application/octet-stream','iyyan@gmail.com','2021-02-22 09:24:44',NULL,NULL,0,NULL,NULL,16),(1089,'DSC00613.JPG','image',41326,'application/octet-stream','iyyan@gmail.com','2021-02-22 09:24:45',NULL,NULL,0,NULL,NULL,16),(1090,'DSC00614.JPG','image',47407,'application/octet-stream','iyyan@gmail.com','2021-02-22 09:24:46',NULL,NULL,0,NULL,NULL,16),(1091,'DSC00615.JPG','image',40889,'application/octet-stream','iyyan@gmail.com','2021-02-22 09:24:47',NULL,NULL,0,NULL,NULL,16),(1092,'DSC00616.JPG','image',48952,'application/octet-stream','iyyan@gmail.com','2021-02-22 09:24:48',NULL,NULL,0,NULL,NULL,16),(1093,'DSC00617.JPG','image',51878,'application/octet-stream','iyyan@gmail.com','2021-02-22 09:24:49',NULL,NULL,0,NULL,NULL,16),(1094,'DSC00618.JPG','image',48464,'application/octet-stream','iyyan@gmail.com','2021-02-22 09:24:50',NULL,NULL,0,NULL,NULL,16),(1095,'DSC00619.JPG','image',41782,'application/octet-stream','iyyan@gmail.com','2021-02-22 09:24:51',NULL,NULL,0,NULL,NULL,16),(1096,'DSC00620.JPG','image',27365,'application/octet-stream','iyyan@gmail.com','2021-02-22 09:24:51',NULL,NULL,0,NULL,NULL,16),(1097,'DSC00621.JPG','image',26106,'application/octet-stream','iyyan@gmail.com','2021-02-22 09:24:52',NULL,NULL,0,NULL,NULL,16),(1098,'DSC00622.JPG','image',38463,'application/octet-stream','iyyan@gmail.com','2021-02-22 09:24:53',NULL,NULL,0,NULL,NULL,16),(1099,'DSC00623.JPG','image',33737,'application/octet-stream','iyyan@gmail.com','2021-02-22 09:24:54',NULL,NULL,0,NULL,NULL,16),(1100,'DSC00624.JPG','image',35072,'application/octet-stream','iyyan@gmail.com','2021-02-22 09:24:54',NULL,NULL,0,NULL,NULL,16),(1101,'DSC00625.JPG','image',36663,'application/octet-stream','iyyan@gmail.com','2021-02-22 09:24:55',NULL,NULL,0,NULL,NULL,16),(1102,'DSC00626.JPG','image',35703,'application/octet-stream','iyyan@gmail.com','2021-02-22 09:24:56',NULL,NULL,0,NULL,NULL,16),(1103,'DSC00627.JPG','image',38759,'application/octet-stream','iyyan@gmail.com','2021-02-22 09:24:57',NULL,NULL,0,NULL,NULL,16),(1104,'DSC00628.JPG','image',53088,'application/octet-stream','iyyan@gmail.com','2021-02-22 09:24:58',NULL,NULL,0,NULL,NULL,16),(1105,'DSC00629.JPG','image',44089,'application/octet-stream','iyyan@gmail.com','2021-02-22 09:24:58',NULL,NULL,0,NULL,NULL,16),(1106,'DSC00630.JPG','image',58139,'application/octet-stream','iyyan@gmail.com','2021-02-22 09:24:59',NULL,NULL,0,NULL,NULL,16),(1107,'DSC00631.JPG','image',42263,'application/octet-stream','iyyan@gmail.com','2021-02-22 09:25:00',NULL,NULL,0,NULL,NULL,16),(1108,'DSC00632.JPG','image',36630,'application/octet-stream','iyyan@gmail.com','2021-02-22 09:25:01',NULL,NULL,0,NULL,NULL,16),(1109,'DSC00633.JPG','image',50443,'application/octet-stream','iyyan@gmail.com','2021-02-22 09:25:02',NULL,NULL,0,NULL,NULL,16),(1110,'DSC00634.JPG','image',51200,'application/octet-stream','iyyan@gmail.com','2021-02-22 09:25:03',NULL,NULL,0,NULL,NULL,16),(1111,'DSC00635.JPG','image',46839,'application/octet-stream','iyyan@gmail.com','2021-02-22 09:25:03',NULL,NULL,0,NULL,NULL,16),(1112,'DSC00636.JPG','image',28223,'application/octet-stream','iyyan@gmail.com','2021-02-22 09:25:04',NULL,NULL,0,NULL,NULL,16),(1113,'DSC00637.JPG','image',41674,'application/octet-stream','iyyan@gmail.com','2021-02-22 09:25:05',NULL,NULL,0,NULL,NULL,16),(1114,'DSC00638.JPG','image',23650,'application/octet-stream','iyyan@gmail.com','2021-02-22 09:25:06',NULL,NULL,0,NULL,NULL,16),(1115,'DSC00639.JPG','image',38599,'application/octet-stream','iyyan@gmail.com','2021-02-22 09:25:07',NULL,NULL,0,NULL,NULL,16),(1116,'DSC00640.JPG','image',44340,'application/octet-stream','iyyan@gmail.com','2021-02-22 09:25:07',NULL,NULL,0,NULL,NULL,16),(1117,'DSC00641.JPG','image',26186,'application/octet-stream','iyyan@gmail.com','2021-02-22 09:25:08',NULL,NULL,0,NULL,NULL,16),(1118,'DSC00642.JPG','image',30813,'application/octet-stream','iyyan@gmail.com','2021-02-22 09:25:09',NULL,NULL,0,NULL,NULL,16),(1119,'DSC00643.JPG','image',40761,'application/octet-stream','iyyan@gmail.com','2021-02-22 09:25:09',NULL,NULL,0,NULL,NULL,16),(1120,'DSC00644.JPG','image',28117,'application/octet-stream','iyyan@gmail.com','2021-02-22 09:25:10',NULL,NULL,0,NULL,NULL,16),(1121,'DSC00645.JPG','image',26603,'application/octet-stream','iyyan@gmail.com','2021-02-22 09:25:11',NULL,NULL,0,NULL,NULL,16),(1122,'DSC00646.JPG','image',37273,'application/octet-stream','iyyan@gmail.com','2021-02-22 09:25:11',NULL,NULL,0,NULL,NULL,16),(1123,'DSC00647.JPG','image',38373,'application/octet-stream','iyyan@gmail.com','2021-02-22 09:25:12',NULL,NULL,0,NULL,NULL,16),(1124,'DSC00648.JPG','image',41402,'application/octet-stream','iyyan@gmail.com','2021-02-22 09:25:13',NULL,NULL,0,NULL,NULL,16),(1125,'DSC00649.JPG','image',19751,'application/octet-stream','iyyan@gmail.com','2021-02-22 09:25:14',NULL,NULL,0,NULL,NULL,16),(1126,'DSC00650.JPG','image',34097,'application/octet-stream','iyyan@gmail.com','2021-02-22 09:25:14',NULL,NULL,0,NULL,NULL,16),(1127,'DSC00651.JPG','image',25607,'application/octet-stream','iyyan@gmail.com','2021-02-22 09:25:15',NULL,NULL,0,NULL,NULL,16),(1128,'DSC00652.JPG','image',40136,'application/octet-stream','iyyan@gmail.com','2021-02-22 09:25:16',NULL,NULL,0,NULL,NULL,16),(1129,'DSC00653.JPG','image',37898,'application/octet-stream','iyyan@gmail.com','2021-02-22 09:25:17',NULL,NULL,0,NULL,NULL,16),(1130,'DSC00654.JPG','image',43735,'application/octet-stream','iyyan@gmail.com','2021-02-22 09:25:17',NULL,NULL,0,NULL,NULL,16),(1131,'DSC00655.JPG','image',36651,'application/octet-stream','iyyan@gmail.com','2021-02-22 09:25:18',NULL,NULL,0,NULL,NULL,16),(1132,'DSC00656.JPG','image',23681,'application/octet-stream','iyyan@gmail.com','2021-02-22 09:25:19',NULL,NULL,0,NULL,NULL,16),(1133,'DSC00657.JPG','image',49540,'application/octet-stream','iyyan@gmail.com','2021-02-22 09:25:20',NULL,NULL,0,NULL,NULL,16),(1134,'DSC00658.JPG','image',41682,'application/octet-stream','iyyan@gmail.com','2021-02-22 09:25:20',NULL,NULL,0,NULL,NULL,16),(1135,'DSC00659.JPG','image',36448,'application/octet-stream','iyyan@gmail.com','2021-02-22 09:25:21',NULL,NULL,0,NULL,NULL,16),(1136,'DSC00660.JPG','image',49306,'application/octet-stream','iyyan@gmail.com','2021-02-22 09:25:22',NULL,NULL,0,NULL,NULL,16),(1137,'DSC00661.JPG','image',40725,'application/octet-stream','iyyan@gmail.com','2021-02-22 09:25:23',NULL,NULL,0,NULL,NULL,16),(1138,'DSC00662.JPG','image',49780,'application/octet-stream','iyyan@gmail.com','2021-02-22 09:25:23',NULL,NULL,0,NULL,NULL,16),(1139,'DSC00663.JPG','image',56784,'application/octet-stream','iyyan@gmail.com','2021-02-22 09:25:24',NULL,NULL,0,NULL,NULL,16),(1140,'DSC00664.JPG','image',50415,'application/octet-stream','iyyan@gmail.com','2021-02-22 09:25:25',NULL,NULL,0,NULL,NULL,16),(1141,'DSC00665.JPG','image',48954,'application/octet-stream','iyyan@gmail.com','2021-02-22 09:25:25',NULL,NULL,0,NULL,NULL,16),(1142,'DSC00666.JPG','image',40305,'application/octet-stream','iyyan@gmail.com','2021-02-22 09:25:26',NULL,NULL,0,NULL,NULL,16),(1143,'DSC00667.JPG','image',52087,'application/octet-stream','iyyan@gmail.com','2021-02-22 09:25:27',NULL,NULL,0,NULL,NULL,16),(1144,'DSC00668.JPG','image',33305,'application/octet-stream','iyyan@gmail.com','2021-02-22 09:25:27',NULL,NULL,0,NULL,NULL,16),(1145,'DSC00669.JPG','image',47666,'application/octet-stream','iyyan@gmail.com','2021-02-22 09:25:28',NULL,NULL,0,NULL,NULL,16),(1146,'DSC00670.JPG','image',54821,'application/octet-stream','iyyan@gmail.com','2021-02-22 09:25:28',NULL,NULL,0,NULL,NULL,16),(1147,'DSC00671.JPG','image',44274,'application/octet-stream','iyyan@gmail.com','2021-02-22 09:25:29',NULL,NULL,0,NULL,NULL,16),(1148,'DSC00672.JPG','image',38051,'application/octet-stream','iyyan@gmail.com','2021-02-22 09:25:30',NULL,NULL,0,NULL,NULL,16),(1149,'DSC00673.JPG','image',38758,'application/octet-stream','iyyan@gmail.com','2021-02-22 09:25:31',NULL,NULL,0,NULL,NULL,16),(1150,'DSC00674.JPG','image',34209,'application/octet-stream','iyyan@gmail.com','2021-02-22 09:25:32',NULL,NULL,0,NULL,NULL,16),(1151,'DSC00675.JPG','image',55229,'application/octet-stream','iyyan@gmail.com','2021-02-22 09:25:32',NULL,NULL,0,NULL,NULL,16),(1152,'DSC00676.JPG','image',50639,'application/octet-stream','iyyan@gmail.com','2021-02-22 09:25:33',NULL,NULL,0,NULL,NULL,16),(1153,'DSC00677.JPG','image',52006,'application/octet-stream','iyyan@gmail.com','2021-02-22 09:25:34',NULL,NULL,0,NULL,NULL,16),(1154,'DSC00678.JPG','image',39915,'application/octet-stream','iyyan@gmail.com','2021-02-22 09:25:34',NULL,NULL,0,NULL,NULL,16),(1155,'DSC00679.JPG','image',50813,'application/octet-stream','iyyan@gmail.com','2021-02-22 09:25:35',NULL,NULL,0,NULL,NULL,16),(1156,'DSC00680.JPG','image',56064,'application/octet-stream','iyyan@gmail.com','2021-02-22 09:25:36',NULL,NULL,0,NULL,NULL,16),(1157,'DSC00681.JPG','image',49278,'application/octet-stream','iyyan@gmail.com','2021-02-22 09:25:37',NULL,NULL,0,NULL,NULL,16),(1158,'DSC00682.JPG','image',46158,'application/octet-stream','iyyan@gmail.com','2021-02-22 09:25:37',NULL,NULL,0,NULL,NULL,16),(1159,'DSC00683.JPG','image',51439,'application/octet-stream','iyyan@gmail.com','2021-02-22 09:25:38',NULL,NULL,0,NULL,NULL,16),(1160,'DSC00684.JPG','image',51055,'application/octet-stream','iyyan@gmail.com','2021-02-22 09:25:39',NULL,NULL,0,NULL,NULL,16),(1161,'DSC00685.JPG','image',53791,'application/octet-stream','iyyan@gmail.com','2021-02-22 09:25:40',NULL,NULL,0,NULL,NULL,16),(1162,'DSC00686.JPG','image',54351,'application/octet-stream','iyyan@gmail.com','2021-02-22 09:25:40',NULL,NULL,0,NULL,NULL,16),(1163,'DSC00687.JPG','image',48427,'application/octet-stream','iyyan@gmail.com','2021-02-22 09:25:41',NULL,NULL,0,NULL,NULL,16),(1164,'DSC00688.JPG','image',52082,'application/octet-stream','iyyan@gmail.com','2021-02-22 09:25:42',NULL,NULL,0,NULL,NULL,16),(1165,'DSC00689.JPG','image',49407,'application/octet-stream','iyyan@gmail.com','2021-02-22 09:25:43',NULL,NULL,0,NULL,NULL,16),(1166,'DSC00690.JPG','image',51575,'application/octet-stream','iyyan@gmail.com','2021-02-22 09:25:44',NULL,NULL,0,NULL,NULL,16),(1167,'DSC00691.JPG','image',50798,'application/octet-stream','iyyan@gmail.com','2021-02-22 09:25:45',NULL,NULL,0,NULL,NULL,16),(1168,'DSC00692.JPG','image',48174,'application/octet-stream','iyyan@gmail.com','2021-02-22 09:25:46',NULL,NULL,0,NULL,NULL,16),(1169,'DSC00693.JPG','image',46687,'application/octet-stream','iyyan@gmail.com','2021-02-22 09:25:47',NULL,NULL,0,NULL,NULL,16),(1170,'DSC00694.JPG','image',35992,'application/octet-stream','iyyan@gmail.com','2021-02-22 09:25:49',NULL,NULL,0,NULL,NULL,16),(1171,'DSC00695.JPG','image',42622,'application/octet-stream','iyyan@gmail.com','2021-02-22 09:25:50',NULL,NULL,0,NULL,NULL,16),(1172,'DSC00696.JPG','image',53731,'application/octet-stream','iyyan@gmail.com','2021-02-22 09:25:51',NULL,NULL,0,NULL,NULL,16),(1173,'DSC00697.JPG','image',52851,'application/octet-stream','iyyan@gmail.com','2021-02-22 09:25:52',NULL,NULL,0,NULL,NULL,16),(1174,'DSC00698.JPG','image',35767,'application/octet-stream','iyyan@gmail.com','2021-02-22 09:25:53',NULL,NULL,0,NULL,NULL,16),(1175,'DSC00699.JPG','image',48159,'application/octet-stream','iyyan@gmail.com','2021-02-22 09:25:54',NULL,NULL,0,NULL,NULL,16),(1176,'DSC00700.JPG','image',52648,'application/octet-stream','iyyan@gmail.com','2021-02-22 09:25:55',NULL,NULL,0,NULL,NULL,16),(1177,'DSC00701.JPG','image',44443,'application/octet-stream','iyyan@gmail.com','2021-02-22 09:25:56',NULL,NULL,0,NULL,NULL,16),(1178,'DSC00702.JPG','image',46808,'application/octet-stream','iyyan@gmail.com','2021-02-22 09:25:57',NULL,NULL,0,NULL,NULL,16),(1179,'DSC00703.JPG','image',51840,'application/octet-stream','iyyan@gmail.com','2021-02-22 09:25:58',NULL,NULL,0,NULL,NULL,16),(1180,'DSC00704.JPG','image',49032,'application/octet-stream','iyyan@gmail.com','2021-02-22 09:26:00',NULL,NULL,0,NULL,NULL,16),(1181,'DSC00705.JPG','image',37792,'application/octet-stream','iyyan@gmail.com','2021-02-22 09:26:01',NULL,NULL,0,NULL,NULL,16),(1182,'DSC00706.JPG','image',40620,'application/octet-stream','iyyan@gmail.com','2021-02-22 09:26:02',NULL,NULL,0,NULL,NULL,16),(1183,'DSC00707.JPG','image',38284,'application/octet-stream','iyyan@gmail.com','2021-02-22 09:26:03',NULL,NULL,0,NULL,NULL,16),(1184,'DSC00708.JPG','image',38472,'application/octet-stream','iyyan@gmail.com','2021-02-22 09:26:04',NULL,NULL,0,NULL,NULL,16),(1185,'DSC00709.JPG','image',43334,'application/octet-stream','iyyan@gmail.com','2021-02-22 09:26:05',NULL,NULL,0,NULL,NULL,16),(1186,'DSC00710.JPG','image',27278,'application/octet-stream','iyyan@gmail.com','2021-02-22 09:26:06',NULL,NULL,0,NULL,NULL,16),(1187,'DSC00711.JPG','image',47153,'application/octet-stream','iyyan@gmail.com','2021-02-22 09:26:06',NULL,NULL,0,NULL,NULL,16),(1188,'DSC00712.JPG','image',37063,'application/octet-stream','iyyan@gmail.com','2021-02-22 09:26:07',NULL,NULL,0,NULL,NULL,16),(1189,'DSC00713.JPG','image',28748,'application/octet-stream','iyyan@gmail.com','2021-02-22 09:26:08',NULL,NULL,0,NULL,NULL,16),(1190,'DSC00714.JPG','image',37453,'application/octet-stream','iyyan@gmail.com','2021-02-22 09:26:09',NULL,NULL,0,NULL,NULL,16),(1191,'DSC00715.JPG','image',32432,'application/octet-stream','iyyan@gmail.com','2021-02-22 09:26:10',NULL,NULL,0,NULL,NULL,16),(1192,'DSC00716.JPG','image',43033,'application/octet-stream','iyyan@gmail.com','2021-02-22 09:26:11',NULL,NULL,0,NULL,NULL,16),(1193,'DSC00717.JPG','image',37203,'application/octet-stream','iyyan@gmail.com','2021-02-22 09:26:12',NULL,NULL,0,NULL,NULL,16),(1194,'DSC00718.JPG','image',59743,'application/octet-stream','iyyan@gmail.com','2021-02-22 09:26:13',NULL,NULL,0,NULL,NULL,16),(1195,'DSC00719.JPG','image',59544,'application/octet-stream','iyyan@gmail.com','2021-02-22 09:26:14',NULL,NULL,0,NULL,NULL,16),(1196,'DSC00720.JPG','image',62502,'application/octet-stream','iyyan@gmail.com','2021-02-22 09:26:14',NULL,NULL,0,NULL,NULL,16),(1197,'DSC00721.JPG','image',36434,'application/octet-stream','iyyan@gmail.com','2021-02-22 09:26:15',NULL,NULL,0,NULL,NULL,16),(1198,'DSC00722.JPG','image',44249,'application/octet-stream','iyyan@gmail.com','2021-02-22 09:26:16',NULL,NULL,0,NULL,NULL,16),(1199,'DSC00723.JPG','image',37224,'application/octet-stream','iyyan@gmail.com','2021-02-22 09:26:17',NULL,NULL,0,NULL,NULL,16),(1200,'DSC00724.JPG','image',44858,'application/octet-stream','iyyan@gmail.com','2021-02-22 09:26:17',NULL,NULL,0,NULL,NULL,16),(1201,'DSC00725.JPG','image',62972,'application/octet-stream','iyyan@gmail.com','2021-02-22 09:26:18',NULL,NULL,0,NULL,NULL,16),(1202,'DSC00726.JPG','image',36479,'application/octet-stream','iyyan@gmail.com','2021-02-22 09:26:19',NULL,NULL,0,NULL,NULL,16),(1203,'DSC00727.JPG','image',30077,'application/octet-stream','iyyan@gmail.com','2021-02-22 09:26:20',NULL,NULL,0,NULL,NULL,16),(1204,'DSC00728.JPG','image',46753,'application/octet-stream','iyyan@gmail.com','2021-02-22 09:26:21',NULL,NULL,0,NULL,NULL,16),(1205,'DSC00729.JPG','image',35753,'application/octet-stream','iyyan@gmail.com','2021-02-22 09:26:21',NULL,NULL,0,NULL,NULL,16),(1206,'DSC00730.JPG','image',66130,'application/octet-stream','iyyan@gmail.com','2021-02-22 09:26:22',NULL,NULL,0,NULL,NULL,16),(1207,'DSC00731.JPG','image',61664,'application/octet-stream','iyyan@gmail.com','2021-02-22 09:26:23',NULL,NULL,0,NULL,NULL,16),(1208,'DSC00732.JPG','image',62480,'application/octet-stream','iyyan@gmail.com','2021-02-22 09:26:23',NULL,NULL,0,NULL,NULL,16),(1209,'DSC00733.JPG','image',61396,'application/octet-stream','iyyan@gmail.com','2021-02-22 09:26:24',NULL,NULL,0,NULL,NULL,16),(1210,'DSC00734.JPG','image',61301,'application/octet-stream','iyyan@gmail.com','2021-02-22 09:26:25',NULL,NULL,0,NULL,NULL,16),(1211,'DSC00735.JPG','image',27446,'application/octet-stream','iyyan@gmail.com','2021-02-22 09:26:26',NULL,NULL,0,NULL,NULL,16),(1212,'DSC00736.JPG','image',37510,'application/octet-stream','iyyan@gmail.com','2021-02-22 09:26:26',NULL,NULL,0,NULL,NULL,16),(1213,'DSC00737.JPG','image',40375,'application/octet-stream','iyyan@gmail.com','2021-02-22 09:26:27',NULL,NULL,0,NULL,NULL,16),(1214,'DSC00738.JPG','image',39034,'application/octet-stream','iyyan@gmail.com','2021-02-22 09:26:28',NULL,NULL,0,NULL,NULL,16),(1215,'DSC00739.JPG','image',44256,'application/octet-stream','iyyan@gmail.com','2021-02-22 09:26:29',NULL,NULL,0,NULL,NULL,16),(1216,'DSC00740.JPG','image',40749,'application/octet-stream','iyyan@gmail.com','2021-02-22 09:26:29',NULL,NULL,0,NULL,NULL,16),(1217,'DSC00741.JPG','image',46417,'application/octet-stream','iyyan@gmail.com','2021-02-22 09:26:30',NULL,NULL,0,NULL,NULL,16),(1218,'DSC00742.JPG','image',47759,'application/octet-stream','iyyan@gmail.com','2021-02-22 09:26:31',NULL,NULL,0,NULL,NULL,16),(1219,'DSC00743.JPG','image',45239,'application/octet-stream','iyyan@gmail.com','2021-02-22 09:26:31',NULL,NULL,0,NULL,NULL,16),(1220,'DSC00744.JPG','image',54148,'application/octet-stream','iyyan@gmail.com','2021-02-22 09:26:32',NULL,NULL,0,NULL,NULL,16),(1221,'DSC00745.JPG','image',47692,'application/octet-stream','iyyan@gmail.com','2021-02-22 09:26:33',NULL,NULL,0,NULL,NULL,16),(1222,'DSC00746.JPG','image',48218,'application/octet-stream','iyyan@gmail.com','2021-02-22 09:26:34',NULL,NULL,0,NULL,NULL,16),(1223,'DSC00747.JPG','image',47451,'application/octet-stream','iyyan@gmail.com','2021-02-22 09:26:35',NULL,NULL,0,NULL,NULL,16),(1224,'DSC00748.JPG','image',38846,'application/octet-stream','iyyan@gmail.com','2021-02-22 09:26:36',NULL,NULL,0,NULL,NULL,16),(1225,'DSC00749.JPG','image',45374,'application/octet-stream','iyyan@gmail.com','2021-02-22 09:26:37',NULL,NULL,0,NULL,NULL,16),(1226,'DSC00750.JPG','image',42709,'application/octet-stream','iyyan@gmail.com','2021-02-22 09:26:38',NULL,NULL,0,NULL,NULL,16),(1227,'DSC00751.JPG','image',36786,'application/octet-stream','iyyan@gmail.com','2021-02-22 09:26:39',NULL,NULL,0,NULL,NULL,16),(1228,'DSC00752.JPG','image',32820,'application/octet-stream','iyyan@gmail.com','2021-02-22 09:26:40',NULL,NULL,0,NULL,NULL,16),(1229,'DSC00753.JPG','image',33637,'application/octet-stream','iyyan@gmail.com','2021-02-22 09:26:41',NULL,NULL,0,NULL,NULL,16),(1230,'DSC00754.JPG','image',28175,'application/octet-stream','iyyan@gmail.com','2021-02-22 09:26:42',NULL,NULL,0,NULL,NULL,16),(1231,'DSC00755.JPG','image',36699,'application/octet-stream','iyyan@gmail.com','2021-02-22 09:26:42',NULL,NULL,0,NULL,NULL,16),(1232,'DSC00756.JPG','image',34595,'application/octet-stream','iyyan@gmail.com','2021-02-22 09:26:43',NULL,NULL,0,NULL,NULL,16),(1233,'DSC00757.JPG','image',43668,'application/octet-stream','iyyan@gmail.com','2021-02-22 09:26:44',NULL,NULL,0,NULL,NULL,16),(1234,'DSC00758.JPG','image',39235,'application/octet-stream','iyyan@gmail.com','2021-02-22 09:26:45',NULL,NULL,0,NULL,NULL,16),(1235,'DSC00759.JPG','image',29708,'application/octet-stream','iyyan@gmail.com','2021-02-22 09:26:46',NULL,NULL,0,NULL,NULL,16),(1236,'DSC00760.JPG','image',20867,'application/octet-stream','iyyan@gmail.com','2021-02-22 09:26:46',NULL,NULL,0,NULL,NULL,16),(1237,'DSC00761.JPG','image',24424,'application/octet-stream','iyyan@gmail.com','2021-02-22 09:26:47',NULL,NULL,0,NULL,NULL,16),(1238,'DSC00762.JPG','image',36302,'application/octet-stream','iyyan@gmail.com','2021-02-22 09:26:48',NULL,NULL,0,NULL,NULL,16),(1239,'DSC00763.JPG','image',38090,'application/octet-stream','iyyan@gmail.com','2021-02-22 09:26:48',NULL,NULL,0,NULL,NULL,16),(1240,'DSC00764.JPG','image',50505,'application/octet-stream','iyyan@gmail.com','2021-02-22 09:26:49',NULL,NULL,0,NULL,NULL,16),(1241,'DSC00765.JPG','image',23185,'application/octet-stream','iyyan@gmail.com','2021-02-22 09:26:50',NULL,NULL,0,NULL,NULL,16),(1242,'DSC00766.JPG','image',26560,'application/octet-stream','iyyan@gmail.com','2021-02-22 09:26:51',NULL,NULL,0,NULL,NULL,16),(1243,'DSC00767.JPG','image',29308,'application/octet-stream','iyyan@gmail.com','2021-02-22 09:26:52',NULL,NULL,0,NULL,NULL,16),(1244,'DSC00768.JPG','image',35981,'application/octet-stream','iyyan@gmail.com','2021-02-22 09:26:53',NULL,NULL,0,NULL,NULL,16),(1245,'DSC00769.JPG','image',33246,'application/octet-stream','iyyan@gmail.com','2021-02-22 09:26:53',NULL,NULL,0,NULL,NULL,16),(1246,'DSC00770.JPG','image',15518,'application/octet-stream','iyyan@gmail.com','2021-02-22 09:26:54',NULL,NULL,0,NULL,NULL,16),(1247,'DSC00771.JPG','image',24685,'application/octet-stream','iyyan@gmail.com','2021-02-22 09:26:55',NULL,NULL,0,NULL,NULL,16),(1248,'DSC00772.JPG','image',23565,'application/octet-stream','iyyan@gmail.com','2021-02-22 09:26:55',NULL,NULL,0,NULL,NULL,16),(1249,'DSC00773.JPG','image',35312,'application/octet-stream','iyyan@gmail.com','2021-02-22 09:26:56',NULL,NULL,0,NULL,NULL,16),(1250,'DSC00774.JPG','image',17388,'application/octet-stream','iyyan@gmail.com','2021-02-22 09:26:57',NULL,NULL,0,NULL,NULL,16),(1251,'DSC00775.JPG','image',19909,'application/octet-stream','iyyan@gmail.com','2021-02-22 09:26:58',NULL,NULL,0,NULL,NULL,16),(1252,'DSC00776.JPG','image',21035,'application/octet-stream','iyyan@gmail.com','2021-02-22 09:26:58',NULL,NULL,0,NULL,NULL,16),(1253,'DSC00777.JPG','image',22770,'application/octet-stream','iyyan@gmail.com','2021-02-22 09:26:59',NULL,NULL,0,NULL,NULL,16),(1254,'DSC00778.JPG','image',31518,'application/octet-stream','iyyan@gmail.com','2021-02-22 09:27:00',NULL,NULL,0,NULL,NULL,16),(1255,'DSC00779.JPG','image',30283,'application/octet-stream','iyyan@gmail.com','2021-02-22 09:27:01',NULL,NULL,0,NULL,NULL,16),(1256,'DSC00780.JPG','image',20455,'application/octet-stream','iyyan@gmail.com','2021-02-22 09:27:01',NULL,NULL,0,NULL,NULL,16),(1257,'DSC00781.JPG','image',26936,'application/octet-stream','iyyan@gmail.com','2021-02-22 09:27:02',NULL,NULL,0,NULL,NULL,16),(1258,'DSC00782.JPG','image',35832,'application/octet-stream','iyyan@gmail.com','2021-02-22 09:27:03',NULL,NULL,0,NULL,NULL,16),(1259,'DSC00783.JPG','image',40389,'application/octet-stream','iyyan@gmail.com','2021-02-22 09:27:03',NULL,NULL,0,NULL,NULL,16),(1260,'DSC00784.JPG','image',23989,'application/octet-stream','iyyan@gmail.com','2021-02-22 09:27:04',NULL,NULL,0,NULL,NULL,16),(1261,'DSC00785.JPG','image',27532,'application/octet-stream','iyyan@gmail.com','2021-02-22 09:27:05',NULL,NULL,0,NULL,NULL,16),(1262,'DSC00786.JPG','image',28568,'application/octet-stream','iyyan@gmail.com','2021-02-22 09:27:06',NULL,NULL,0,NULL,NULL,16),(1263,'DSC00787.JPG','image',27414,'application/octet-stream','iyyan@gmail.com','2021-02-22 09:27:06',NULL,NULL,0,NULL,NULL,16),(1264,'DSC00788.JPG','image',34499,'application/octet-stream','iyyan@gmail.com','2021-02-22 09:27:08',NULL,NULL,0,NULL,NULL,16),(1265,'DSC00789.JPG','image',39415,'application/octet-stream','iyyan@gmail.com','2021-02-22 09:27:08',NULL,NULL,0,NULL,NULL,16),(1266,'DSC00790.JPG','image',45784,'application/octet-stream','iyyan@gmail.com','2021-02-22 09:27:10',NULL,NULL,0,NULL,NULL,16),(1267,'DSC00791.JPG','image',46736,'application/octet-stream','iyyan@gmail.com','2021-02-22 09:27:11',NULL,NULL,0,NULL,NULL,16),(1268,'DSC00792.JPG','image',25878,'application/octet-stream','iyyan@gmail.com','2021-02-22 09:27:12',NULL,NULL,0,NULL,NULL,16),(1269,'DSC00793.JPG','image',28736,'application/octet-stream','iyyan@gmail.com','2021-02-22 09:27:13',NULL,NULL,0,NULL,NULL,16),(1270,'DSC00794.JPG','image',35238,'application/octet-stream','iyyan@gmail.com','2021-02-22 09:27:14',NULL,NULL,0,NULL,NULL,16),(1271,'DSC00795.JPG','image',32669,'application/octet-stream','iyyan@gmail.com','2021-02-22 09:27:14',NULL,NULL,0,NULL,NULL,16),(1272,'DSC00796.JPG','image',29447,'application/octet-stream','iyyan@gmail.com','2021-02-22 09:27:15',NULL,NULL,0,NULL,NULL,16),(1273,'DSC00797.JPG','image',21943,'application/octet-stream','iyyan@gmail.com','2021-02-22 09:27:16',NULL,NULL,0,NULL,NULL,16),(1274,'DSC00798.JPG','image',21090,'application/octet-stream','iyyan@gmail.com','2021-02-22 09:27:17',NULL,NULL,0,NULL,NULL,16),(1275,'DSC00799.JPG','image',27323,'application/octet-stream','iyyan@gmail.com','2021-02-22 09:27:18',NULL,NULL,0,NULL,NULL,16),(1276,'DSC00800.JPG','image',17223,'application/octet-stream','iyyan@gmail.com','2021-02-22 09:27:18',NULL,NULL,0,NULL,NULL,16),(1277,'DSC00801.JPG','image',28483,'application/octet-stream','iyyan@gmail.com','2021-02-22 09:27:20',NULL,NULL,0,NULL,NULL,16),(1278,'DSC00802.JPG','image',23584,'application/octet-stream','iyyan@gmail.com','2021-02-22 09:27:20',NULL,NULL,0,NULL,NULL,16),(1279,'DSC00803.JPG','image',15471,'application/octet-stream','iyyan@gmail.com','2021-02-22 09:27:21',NULL,NULL,0,NULL,NULL,16),(1280,'DSC00804.JPG','image',16281,'application/octet-stream','iyyan@gmail.com','2021-02-22 09:27:22',NULL,NULL,0,NULL,NULL,16),(1281,'DSC00805.JPG','image',18758,'application/octet-stream','iyyan@gmail.com','2021-02-22 09:27:23',NULL,NULL,0,NULL,NULL,16),(1282,'DSC00806.JPG','image',29258,'application/octet-stream','iyyan@gmail.com','2021-02-22 09:27:24',NULL,NULL,0,NULL,NULL,16),(1283,'DSC00807.JPG','image',34671,'application/octet-stream','iyyan@gmail.com','2021-02-22 09:27:25',NULL,NULL,0,NULL,NULL,16),(1284,'DSC00808.JPG','image',29487,'application/octet-stream','iyyan@gmail.com','2021-02-22 09:27:26',NULL,NULL,0,NULL,NULL,16),(1285,'DSC00809.JPG','image',27504,'application/octet-stream','iyyan@gmail.com','2021-02-22 09:27:26',NULL,NULL,0,NULL,NULL,16),(1286,'DSC00810.JPG','image',43238,'application/octet-stream','iyyan@gmail.com','2021-02-22 09:27:28',NULL,NULL,0,NULL,NULL,16),(1287,'DSC00811.JPG','image',39928,'application/octet-stream','iyyan@gmail.com','2021-02-22 09:27:28',NULL,NULL,0,NULL,NULL,16),(1288,'DSC00812.JPG','image',36727,'application/octet-stream','iyyan@gmail.com','2021-02-22 09:27:29',NULL,NULL,0,NULL,NULL,16),(1289,'DSC00813.JPG','image',31095,'application/octet-stream','iyyan@gmail.com','2021-02-22 09:27:30',NULL,NULL,0,NULL,NULL,16),(1290,'DSC00814.JPG','image',37374,'application/octet-stream','iyyan@gmail.com','2021-02-22 09:27:30',NULL,NULL,0,NULL,NULL,16),(1291,'DSC00815.JPG','image',36219,'application/octet-stream','iyyan@gmail.com','2021-02-22 09:27:31',NULL,NULL,0,NULL,NULL,16),(1292,'DSC00816.JPG','image',70082,'application/octet-stream','iyyan@gmail.com','2021-02-22 09:27:32',NULL,NULL,0,NULL,NULL,16),(1293,'DSC00817.JPG','image',31391,'application/octet-stream','iyyan@gmail.com','2021-02-22 09:27:33',NULL,NULL,0,NULL,NULL,16),(1294,'DSC00818.JPG','image',43448,'application/octet-stream','iyyan@gmail.com','2021-02-22 09:27:34',NULL,NULL,0,NULL,NULL,16),(1295,'DSC00819.JPG','image',34726,'application/octet-stream','iyyan@gmail.com','2021-02-22 09:27:34',NULL,NULL,0,NULL,NULL,16),(1296,'DSC00820.JPG','image',45871,'application/octet-stream','iyyan@gmail.com','2021-02-22 09:27:35',NULL,NULL,0,NULL,NULL,16),(1297,'DSC00821.JPG','image',35437,'application/octet-stream','iyyan@gmail.com','2021-02-22 09:27:36',NULL,NULL,0,NULL,NULL,16),(1298,'DSC00822.JPG','image',42069,'application/octet-stream','iyyan@gmail.com','2021-02-22 09:27:37',NULL,NULL,0,NULL,NULL,16),(1299,'DSC00823.JPG','image',35887,'application/octet-stream','iyyan@gmail.com','2021-02-22 09:27:37',NULL,NULL,0,NULL,NULL,16),(1300,'DSC00824.JPG','image',23256,'application/octet-stream','iyyan@gmail.com','2021-02-22 09:27:38',NULL,NULL,0,NULL,NULL,16),(1301,'DSC00825.JPG','image',31042,'application/octet-stream','iyyan@gmail.com','2021-02-22 09:27:39',NULL,NULL,0,NULL,NULL,16),(1302,'DSC00826.JPG','image',16819,'application/octet-stream','iyyan@gmail.com','2021-02-22 09:27:39',NULL,NULL,0,NULL,NULL,16),(1303,'DSC00827.JPG','image',48768,'application/octet-stream','iyyan@gmail.com','2021-02-22 09:27:40',NULL,NULL,0,NULL,NULL,16),(1304,'DSC00828.JPG','image',17776,'application/octet-stream','iyyan@gmail.com','2021-02-22 09:27:41',NULL,NULL,0,NULL,NULL,16),(1305,'DSC00829.JPG','image',17023,'application/octet-stream','iyyan@gmail.com','2021-02-22 09:27:41',NULL,NULL,0,NULL,NULL,16),(1306,'DSC00830.JPG','image',14167,'application/octet-stream','iyyan@gmail.com','2021-02-22 09:27:42',NULL,NULL,0,NULL,NULL,16),(1307,'DSC00831.JPG','image',17290,'application/octet-stream','iyyan@gmail.com','2021-02-22 09:27:42',NULL,NULL,0,NULL,NULL,16),(1308,'DSC00832.JPG','image',13553,'application/octet-stream','iyyan@gmail.com','2021-02-22 09:27:43',NULL,NULL,0,NULL,NULL,16),(1309,'DSC00833.JPG','image',12174,'application/octet-stream','iyyan@gmail.com','2021-02-22 09:27:44',NULL,NULL,0,NULL,NULL,16),(1310,'DSC00834.JPG','image',14157,'application/octet-stream','iyyan@gmail.com','2021-02-22 09:27:44',NULL,NULL,0,NULL,NULL,16),(1311,'DSC00835.JPG','image',43175,'application/octet-stream','iyyan@gmail.com','2021-02-22 09:27:45',NULL,NULL,0,NULL,NULL,16),(1312,'DSC00838.JPG','image',49339,'application/octet-stream','iyyan@gmail.com','2021-02-22 09:27:46',NULL,NULL,0,NULL,NULL,16),(1313,'DSC00839.JPG','image',31565,'application/octet-stream','iyyan@gmail.com','2021-02-22 09:27:46',NULL,NULL,0,NULL,NULL,16),(1314,'DSC00840.JPG','image',22152,'application/octet-stream','iyyan@gmail.com','2021-02-22 09:27:48',NULL,NULL,0,NULL,NULL,16),(1315,'DSC00841.JPG','image',66269,'application/octet-stream','iyyan@gmail.com','2021-02-22 09:27:48',NULL,NULL,0,NULL,NULL,16),(1316,'DSC00842.JPG','image',61108,'application/octet-stream','iyyan@gmail.com','2021-02-22 09:27:49',NULL,NULL,0,NULL,NULL,16),(1317,'DSC00843.JPG','image',65714,'application/octet-stream','iyyan@gmail.com','2021-02-22 09:27:50',NULL,NULL,0,NULL,NULL,16),(1318,'DSC00844.JPG','image',32158,'application/octet-stream','iyyan@gmail.com','2021-02-22 09:27:51',NULL,NULL,0,NULL,NULL,16),(1319,'DSC00845.JPG','image',29237,'application/octet-stream','iyyan@gmail.com','2021-02-22 09:27:52',NULL,NULL,0,NULL,NULL,16),(1320,'DSC00846.JPG','image',34018,'application/octet-stream','iyyan@gmail.com','2021-02-22 09:27:52',NULL,NULL,0,NULL,NULL,16),(1321,'DSC00847.JPG','image',33713,'application/octet-stream','iyyan@gmail.com','2021-02-22 09:27:53',NULL,NULL,0,NULL,NULL,16),(1322,'DSC00848.JPG','image',35596,'application/octet-stream','iyyan@gmail.com','2021-02-22 09:27:53',NULL,NULL,0,NULL,NULL,16),(1323,'DSC00849.JPG','image',30328,'application/octet-stream','iyyan@gmail.com','2021-02-22 09:27:54',NULL,NULL,0,NULL,NULL,16),(1324,'DSC00850.JPG','image',32703,'application/octet-stream','iyyan@gmail.com','2021-02-22 09:27:55',NULL,NULL,0,NULL,NULL,16),(1325,'DSC00851.JPG','image',33171,'application/octet-stream','iyyan@gmail.com','2021-02-22 09:27:56',NULL,NULL,0,NULL,NULL,16),(1326,'DSC00852.JPG','image',30882,'application/octet-stream','iyyan@gmail.com','2021-02-22 09:27:56',NULL,NULL,0,NULL,NULL,16),(1327,'DSC00853.JPG','image',27026,'application/octet-stream','iyyan@gmail.com','2021-02-22 09:27:57',NULL,NULL,0,NULL,NULL,16),(1328,'DSC00854.JPG','image',24972,'application/octet-stream','iyyan@gmail.com','2021-02-22 09:27:58',NULL,NULL,0,NULL,NULL,16),(1329,'DSC00855.JPG','image',30483,'application/octet-stream','iyyan@gmail.com','2021-02-22 09:27:59',NULL,NULL,0,NULL,NULL,16),(1330,'DSC00856.JPG','image',33235,'application/octet-stream','iyyan@gmail.com','2021-02-22 09:27:59',NULL,NULL,0,NULL,NULL,16),(1331,'DSC00857.JPG','image',46042,'application/octet-stream','iyyan@gmail.com','2021-02-22 09:28:00',NULL,NULL,0,NULL,NULL,16),(1332,'DSC00858.JPG','image',35976,'application/octet-stream','iyyan@gmail.com','2021-02-22 09:28:01',NULL,NULL,0,NULL,NULL,16),(1333,'DSC00859.JPG','image',37734,'application/octet-stream','iyyan@gmail.com','2021-02-22 09:28:02',NULL,NULL,0,NULL,NULL,16),(1334,'DSC00860.JPG','image',68424,'application/octet-stream','iyyan@gmail.com','2021-02-22 09:28:03',NULL,NULL,0,NULL,NULL,16),(1335,'DSC00861.JPG','image',55829,'application/octet-stream','iyyan@gmail.com','2021-02-22 09:28:05',NULL,NULL,0,NULL,NULL,16),(1336,'DSC00862.JPG','image',63025,'application/octet-stream','iyyan@gmail.com','2021-02-22 09:28:05',NULL,NULL,0,NULL,NULL,16),(1337,'DSC00863.JPG','image',48572,'application/octet-stream','iyyan@gmail.com','2021-02-22 09:28:06',NULL,NULL,0,NULL,NULL,16),(1338,'DSC00864.JPG','image',54290,'application/octet-stream','iyyan@gmail.com','2021-02-22 09:28:07',NULL,NULL,0,NULL,NULL,16),(1339,'DSC00865.JPG','image',61876,'application/octet-stream','iyyan@gmail.com','2021-02-22 09:28:08',NULL,NULL,0,NULL,NULL,16),(1340,'DSC00866.JPG','image',46677,'application/octet-stream','iyyan@gmail.com','2021-02-22 09:28:09',NULL,NULL,0,NULL,NULL,16),(1341,'DSC00867.JPG','image',50478,'application/octet-stream','iyyan@gmail.com','2021-02-22 09:28:09',NULL,NULL,0,NULL,NULL,16),(1342,'DSC00868.JPG','image',79525,'application/octet-stream','iyyan@gmail.com','2021-02-22 09:28:10',NULL,NULL,0,NULL,NULL,16),(1343,'DSC00869.JPG','image',46794,'application/octet-stream','iyyan@gmail.com','2021-02-22 09:28:11',NULL,NULL,0,NULL,NULL,16),(1344,'DSC00870.JPG','image',54992,'application/octet-stream','iyyan@gmail.com','2021-02-22 09:28:12',NULL,NULL,0,NULL,NULL,16),(1345,'DSC00871.JPG','image',52386,'application/octet-stream','iyyan@gmail.com','2021-02-22 09:28:13',NULL,NULL,0,NULL,NULL,16),(1346,'DSC00872.JPG','image',52010,'application/octet-stream','iyyan@gmail.com','2021-02-22 09:28:13',NULL,NULL,0,NULL,NULL,16),(1347,'DSC00873.JPG','image',42690,'application/octet-stream','iyyan@gmail.com','2021-02-22 09:28:14',NULL,NULL,0,NULL,NULL,16),(1348,'DSC00874.JPG','image',77529,'application/octet-stream','iyyan@gmail.com','2021-02-22 09:28:15',NULL,NULL,0,NULL,NULL,16),(1349,'DSC00875.JPG','image',55257,'application/octet-stream','iyyan@gmail.com','2021-02-22 09:28:16',NULL,NULL,0,NULL,NULL,16),(1350,'DSC00876.JPG','image',45987,'application/octet-stream','iyyan@gmail.com','2021-02-22 09:28:17',NULL,NULL,0,NULL,NULL,16),(1351,'DSC00877.JPG','image',25892,'application/octet-stream','iyyan@gmail.com','2021-02-22 09:28:17',NULL,NULL,0,NULL,NULL,16),(1352,'DSC00878.JPG','image',28562,'application/octet-stream','iyyan@gmail.com','2021-02-22 09:28:18',NULL,NULL,0,NULL,NULL,16),(1353,'DSC00879.JPG','image',23961,'application/octet-stream','iyyan@gmail.com','2021-02-22 09:28:19',NULL,NULL,0,NULL,NULL,16),(1354,'DSC00880.JPG','image',15249,'application/octet-stream','iyyan@gmail.com','2021-02-22 09:28:20',NULL,NULL,0,NULL,NULL,16),(1355,'DSC00881.JPG','image',33814,'application/octet-stream','iyyan@gmail.com','2021-02-22 09:28:20',NULL,NULL,0,NULL,NULL,16),(1356,'DSC00882.JPG','image',45451,'application/octet-stream','iyyan@gmail.com','2021-02-22 09:28:21',NULL,NULL,0,NULL,NULL,16),(1357,'DSC00883.JPG','image',38814,'application/octet-stream','iyyan@gmail.com','2021-02-22 09:28:22',NULL,NULL,0,NULL,NULL,16),(1358,'DSC00884.JPG','image',45959,'application/octet-stream','iyyan@gmail.com','2021-02-22 09:28:23',NULL,NULL,0,NULL,NULL,16),(1359,'DSC00885.JPG','image',38757,'application/octet-stream','iyyan@gmail.com','2021-02-22 09:28:24',NULL,NULL,0,NULL,NULL,16),(1360,'DSC00886.JPG','image',47909,'application/octet-stream','iyyan@gmail.com','2021-02-22 09:28:25',NULL,NULL,0,NULL,NULL,16),(1361,'DSC00887.JPG','image',44411,'application/octet-stream','iyyan@gmail.com','2021-02-22 09:28:26',NULL,NULL,0,NULL,NULL,16),(1362,'DSC00888.JPG','image',26594,'application/octet-stream','iyyan@gmail.com','2021-02-22 09:28:26',NULL,NULL,0,NULL,NULL,16),(1363,'DSC00889.JPG','image',33647,'application/octet-stream','iyyan@gmail.com','2021-02-22 09:28:28',NULL,NULL,0,NULL,NULL,16),(1364,'DSC00890.JPG','image',31157,'application/octet-stream','iyyan@gmail.com','2021-02-22 09:28:28',NULL,NULL,0,NULL,NULL,16),(1365,'DSC00891.JPG','image',33678,'application/octet-stream','iyyan@gmail.com','2021-02-22 09:28:29',NULL,NULL,0,NULL,NULL,16),(1366,'DSC00892.JPG','image',31259,'application/octet-stream','iyyan@gmail.com','2021-02-22 09:28:30',NULL,NULL,0,NULL,NULL,16),(1367,'DSC00893.JPG','image',36276,'application/octet-stream','iyyan@gmail.com','2021-02-22 09:28:31',NULL,NULL,0,NULL,NULL,16),(1368,'DSC00894.JPG','image',31064,'application/octet-stream','iyyan@gmail.com','2021-02-22 09:28:33',NULL,NULL,0,NULL,NULL,16),(1369,'DSC00895.JPG','image',35486,'application/octet-stream','iyyan@gmail.com','2021-02-22 09:28:34',NULL,NULL,0,NULL,NULL,16),(1370,'DSC00896.JPG','image',62184,'application/octet-stream','iyyan@gmail.com','2021-02-22 09:28:34',NULL,NULL,0,NULL,NULL,16),(1371,'DSC00897.JPG','image',38589,'application/octet-stream','iyyan@gmail.com','2021-02-22 09:28:36',NULL,NULL,0,NULL,NULL,16),(1372,'DSC00898.JPG','image',26754,'application/octet-stream','iyyan@gmail.com','2021-02-22 09:28:36',NULL,NULL,0,NULL,NULL,16),(1373,'DSC00899.JPG','image',33488,'application/octet-stream','iyyan@gmail.com','2021-02-22 09:28:37',NULL,NULL,0,NULL,NULL,16),(1374,'DSC00900.JPG','image',24055,'application/octet-stream','iyyan@gmail.com','2021-02-22 09:28:38',NULL,NULL,0,NULL,NULL,16),(1375,'DSC00901.JPG','image',17826,'application/octet-stream','iyyan@gmail.com','2021-02-22 09:28:39',NULL,NULL,0,NULL,NULL,16),(1376,'DSC00902.JPG','image',27308,'application/octet-stream','iyyan@gmail.com','2021-02-22 09:28:40',NULL,NULL,0,NULL,NULL,16),(1377,'DSC00903.JPG','image',40920,'application/octet-stream','iyyan@gmail.com','2021-02-22 09:28:40',NULL,NULL,0,NULL,NULL,16),(1378,'DSC00904.JPG','image',77810,'application/octet-stream','iyyan@gmail.com','2021-02-22 09:28:41',NULL,NULL,0,NULL,NULL,16),(1379,'DSC00906.JPG','image',45030,'application/octet-stream','iyyan@gmail.com','2021-02-22 09:28:42',NULL,NULL,0,NULL,NULL,16),(1380,'DSC00907.JPG','image',59710,'application/octet-stream','iyyan@gmail.com','2021-02-22 09:28:42',NULL,NULL,0,NULL,NULL,16),(1381,'DSC00908.JPG','image',47927,'application/octet-stream','iyyan@gmail.com','2021-02-22 09:28:43',NULL,NULL,0,NULL,NULL,16),(1382,'DSC00909.JPG','image',56644,'application/octet-stream','iyyan@gmail.com','2021-02-22 09:28:44',NULL,NULL,0,NULL,NULL,16),(1383,'DSC00910.JPG','image',47769,'application/octet-stream','iyyan@gmail.com','2021-02-22 09:28:44',NULL,NULL,0,NULL,NULL,16),(1384,'DSC00911.JPG','image',49722,'application/octet-stream','iyyan@gmail.com','2021-02-22 09:28:45',NULL,NULL,0,NULL,NULL,16),(1385,'DSC00912.JPG','image',25311,'application/octet-stream','iyyan@gmail.com','2021-02-22 09:28:46',NULL,NULL,0,NULL,NULL,16),(1386,'DSC00913.JPG','image',25036,'application/octet-stream','iyyan@gmail.com','2021-02-22 09:28:46',NULL,NULL,0,NULL,NULL,16),(1387,'DSC00914.JPG','image',27902,'application/octet-stream','iyyan@gmail.com','2021-02-22 09:28:47',NULL,NULL,0,NULL,NULL,16),(1388,'DSC00915.JPG','image',12980,'application/octet-stream','iyyan@gmail.com','2021-02-22 09:28:48',NULL,NULL,0,NULL,NULL,16),(1389,'DSC00916.JPG','image',15310,'application/octet-stream','iyyan@gmail.com','2021-02-22 09:28:48',NULL,NULL,0,NULL,NULL,16),(1390,'DSC00917.JPG','image',30385,'application/octet-stream','iyyan@gmail.com','2021-02-22 09:28:49',NULL,NULL,0,NULL,NULL,16),(1391,'DSC00918.JPG','image',41726,'application/octet-stream','iyyan@gmail.com','2021-02-22 09:28:50',NULL,NULL,0,NULL,NULL,16),(1392,'DSC00919.JPG','image',28968,'application/octet-stream','iyyan@gmail.com','2021-02-22 09:28:51',NULL,NULL,0,NULL,NULL,16),(1393,'DSC00920.JPG','image',51312,'application/octet-stream','iyyan@gmail.com','2021-02-22 09:28:52',NULL,NULL,0,NULL,NULL,16),(1394,'DSC00921.JPG','image',27758,'application/octet-stream','iyyan@gmail.com','2021-02-22 09:28:53',NULL,NULL,0,NULL,NULL,16),(1395,'DSC00922.JPG','image',22626,'application/octet-stream','iyyan@gmail.com','2021-02-22 09:28:54',NULL,NULL,0,NULL,NULL,16),(1396,'DSC00923.JPG','image',21420,'application/octet-stream','iyyan@gmail.com','2021-02-22 09:28:55',NULL,NULL,0,NULL,NULL,16),(1397,'DSC00924.JPG','image',29557,'application/octet-stream','iyyan@gmail.com','2021-02-22 09:28:56',NULL,NULL,0,NULL,NULL,16),(1398,'DSC00925.JPG','image',32807,'application/octet-stream','iyyan@gmail.com','2021-02-22 09:28:56',NULL,NULL,0,NULL,NULL,16),(1399,'DSC00926.JPG','image',65016,'application/octet-stream','iyyan@gmail.com','2021-02-22 09:28:58',NULL,NULL,0,NULL,NULL,16),(1400,'DSC00930.JPG','image',28698,'application/octet-stream','iyyan@gmail.com','2021-02-22 09:28:59',NULL,NULL,0,NULL,NULL,16),(1401,'DSC00931.JPG','image',33678,'application/octet-stream','iyyan@gmail.com','2021-02-22 09:28:59',NULL,NULL,0,NULL,NULL,16),(1402,'DSC00933.JPG','image',32761,'application/octet-stream','iyyan@gmail.com','2021-02-22 09:29:00',NULL,NULL,0,NULL,NULL,16),(1403,'DSC00934.JPG','image',29407,'application/octet-stream','iyyan@gmail.com','2021-02-22 09:29:01',NULL,NULL,0,NULL,NULL,16),(1404,'DSC00937.JPG','image',32927,'application/octet-stream','iyyan@gmail.com','2021-02-22 09:29:02',NULL,NULL,0,NULL,NULL,16),(1405,'DSC00939.JPG','image',28187,'application/octet-stream','iyyan@gmail.com','2021-02-22 09:29:03',NULL,NULL,0,NULL,NULL,16),(1406,'DSC00940.JPG','image',29619,'application/octet-stream','iyyan@gmail.com','2021-02-22 09:29:04',NULL,NULL,0,NULL,NULL,16),(1407,'DSC00941.JPG','image',45653,'application/octet-stream','iyyan@gmail.com','2021-02-22 09:29:04',NULL,NULL,0,NULL,NULL,16),(1408,'DSC00942.JPG','image',43958,'application/octet-stream','iyyan@gmail.com','2021-02-22 09:29:05',NULL,NULL,0,NULL,NULL,16),(1409,'DSC00943.JPG','image',32814,'application/octet-stream','iyyan@gmail.com','2021-02-22 09:29:06',NULL,NULL,0,NULL,NULL,16),(1410,'DSC00944.JPG','image',23471,'application/octet-stream','iyyan@gmail.com','2021-02-22 09:29:06',NULL,NULL,0,NULL,NULL,16),(1411,'DSC00945.JPG','image',45542,'application/octet-stream','iyyan@gmail.com','2021-02-22 09:29:07',NULL,NULL,0,NULL,NULL,16),(1412,'DSC00946.JPG','image',26277,'application/octet-stream','iyyan@gmail.com','2021-02-22 09:29:08',NULL,NULL,0,NULL,NULL,16),(1413,'DSC00947.JPG','image',18430,'application/octet-stream','iyyan@gmail.com','2021-02-22 09:29:09',NULL,NULL,0,NULL,NULL,16),(1414,'DSC00948.JPG','image',31135,'application/octet-stream','iyyan@gmail.com','2021-02-22 09:29:09',NULL,NULL,0,NULL,NULL,16),(1415,'DSC00949.JPG','image',17200,'application/octet-stream','iyyan@gmail.com','2021-02-22 09:29:10',NULL,NULL,0,NULL,NULL,16),(1416,'DSC00950.JPG','image',19760,'application/octet-stream','iyyan@gmail.com','2021-02-22 09:29:11',NULL,NULL,0,NULL,NULL,16),(1417,'DSC00951.JPG','image',12865,'application/octet-stream','iyyan@gmail.com','2021-02-22 09:29:11',NULL,NULL,0,NULL,NULL,16),(1418,'DSC00952.JPG','image',15932,'application/octet-stream','iyyan@gmail.com','2021-02-22 09:29:12',NULL,NULL,0,NULL,NULL,16),(1419,'DSC00953.JPG','image',17376,'application/octet-stream','iyyan@gmail.com','2021-02-22 09:29:13',NULL,NULL,0,NULL,NULL,16),(1420,'DSC00954.JPG','image',19241,'application/octet-stream','iyyan@gmail.com','2021-02-22 09:29:13',NULL,NULL,0,NULL,NULL,16),(1421,'DSC00955.JPG','image',13423,'application/octet-stream','iyyan@gmail.com','2021-02-22 09:29:14',NULL,NULL,0,NULL,NULL,16),(1422,'DSC00956.JPG','image',22276,'application/octet-stream','iyyan@gmail.com','2021-02-22 09:29:15',NULL,NULL,0,NULL,NULL,16),(1423,'DSC00957.JPG','image',29402,'application/octet-stream','iyyan@gmail.com','2021-02-22 09:29:15',NULL,NULL,0,NULL,NULL,16),(1424,'DSC00958.JPG','image',19483,'application/octet-stream','iyyan@gmail.com','2021-02-22 09:29:16',NULL,NULL,0,NULL,NULL,16),(1425,'DSC00959.JPG','image',39298,'application/octet-stream','iyyan@gmail.com','2021-02-22 09:29:17',NULL,NULL,0,NULL,NULL,16),(1426,'DSC00960.JPG','image',30352,'application/octet-stream','iyyan@gmail.com','2021-02-22 09:29:18',NULL,NULL,0,NULL,NULL,16),(1427,'DSC00961.JPG','image',30559,'application/octet-stream','iyyan@gmail.com','2021-02-22 09:29:18',NULL,NULL,0,NULL,NULL,16),(1428,'DSC00962.JPG','image',29575,'application/octet-stream','iyyan@gmail.com','2021-02-22 09:29:19',NULL,NULL,0,NULL,NULL,16),(1429,'DSC00963.JPG','image',28878,'application/octet-stream','iyyan@gmail.com','2021-02-22 09:29:20',NULL,NULL,0,NULL,NULL,16),(1430,'DSC00966.JPG','image',21894,'application/octet-stream','iyyan@gmail.com','2021-02-22 09:29:21',NULL,NULL,0,NULL,NULL,16),(1431,'DSC00967.JPG','image',28115,'application/octet-stream','iyyan@gmail.com','2021-02-22 09:29:21',NULL,NULL,0,NULL,NULL,16),(1432,'DSC00968.JPG','image',21398,'application/octet-stream','iyyan@gmail.com','2021-02-22 09:29:22',NULL,NULL,0,NULL,NULL,16),(1433,'DSC00969.JPG','image',23220,'application/octet-stream','iyyan@gmail.com','2021-02-22 09:29:23',NULL,NULL,0,NULL,NULL,16),(1434,'DSC00970.JPG','image',17843,'application/octet-stream','iyyan@gmail.com','2021-02-22 09:29:24',NULL,NULL,0,NULL,NULL,16),(1435,'DSC00971.JPG','image',18852,'application/octet-stream','iyyan@gmail.com','2021-02-22 09:29:24',NULL,NULL,0,NULL,NULL,16),(1436,'DSC00972.JPG','image',15855,'application/octet-stream','iyyan@gmail.com','2021-02-22 09:29:25',NULL,NULL,0,NULL,NULL,16),(1437,'DSC00973.JPG','image',21810,'application/octet-stream','iyyan@gmail.com','2021-02-22 09:29:26',NULL,NULL,0,NULL,NULL,16),(1438,'DSC01046.JPG','image',29236,'application/octet-stream','iyyan@gmail.com','2021-02-22 09:29:27',NULL,NULL,0,NULL,NULL,16),(1439,'DSC01047.JPG','image',24712,'application/octet-stream','iyyan@gmail.com','2021-02-22 09:29:28',NULL,NULL,0,NULL,NULL,16),(1440,'DSC01048.JPG','image',28474,'application/octet-stream','iyyan@gmail.com','2021-02-22 09:29:29',NULL,NULL,0,NULL,NULL,16),(1441,'DSC01049.JPG','image',23477,'application/octet-stream','iyyan@gmail.com','2021-02-22 09:29:29',NULL,NULL,0,NULL,NULL,16),(1442,'DSC01050.JPG','image',25517,'application/octet-stream','iyyan@gmail.com','2021-02-22 09:29:30',NULL,NULL,0,NULL,NULL,16),(1443,'DSC01051.JPG','image',14471,'application/octet-stream','iyyan@gmail.com','2021-02-22 09:29:31',NULL,NULL,0,NULL,NULL,16),(1444,'DSC01052.JPG','image',13614,'application/octet-stream','iyyan@gmail.com','2021-02-22 09:29:31',NULL,NULL,0,NULL,NULL,16),(1445,'DSC01053.JPG','image',13093,'application/octet-stream','iyyan@gmail.com','2021-02-22 09:29:32',NULL,NULL,0,NULL,NULL,16),(1446,'DSC01054.JPG','image',38695,'application/octet-stream','iyyan@gmail.com','2021-02-22 09:29:33',NULL,NULL,0,NULL,NULL,16),(1447,'DSC01055.JPG','image',33528,'application/octet-stream','iyyan@gmail.com','2021-02-22 09:29:33',NULL,NULL,0,NULL,NULL,16),(1448,'DSC01056.JPG','image',30946,'application/octet-stream','iyyan@gmail.com','2021-02-22 09:29:34',NULL,NULL,0,NULL,NULL,16),(1449,'DSC01057.JPG','image',29444,'application/octet-stream','iyyan@gmail.com','2021-02-22 09:29:36',NULL,NULL,0,NULL,NULL,16),(1450,'DSC01058.JPG','image',33042,'application/octet-stream','iyyan@gmail.com','2021-02-22 09:29:37',NULL,NULL,0,NULL,NULL,16),(1451,'DSC01059.JPG','image',24585,'application/octet-stream','iyyan@gmail.com','2021-02-22 09:29:37',NULL,NULL,0,NULL,NULL,16),(1452,'DSC01060.JPG','image',41354,'application/octet-stream','iyyan@gmail.com','2021-02-22 09:29:38',NULL,NULL,0,NULL,NULL,16),(1453,'DSC01061.JPG','image',45282,'application/octet-stream','iyyan@gmail.com','2021-02-22 09:29:40',NULL,NULL,0,NULL,NULL,16),(1454,'DSC01062.JPG','image',40429,'application/octet-stream','iyyan@gmail.com','2021-02-22 09:29:41',NULL,NULL,0,NULL,NULL,16),(1455,'DSC01063.JPG','image',71283,'application/octet-stream','iyyan@gmail.com','2021-02-22 09:29:42',NULL,NULL,0,NULL,NULL,16),(1456,'DSC01064.JPG','image',49230,'application/octet-stream','iyyan@gmail.com','2021-02-22 09:29:43',NULL,NULL,0,NULL,NULL,16),(1457,'DSC01065.JPG','image',53543,'application/octet-stream','iyyan@gmail.com','2021-02-22 09:29:43',NULL,NULL,0,NULL,NULL,16),(1458,'DSC01066.JPG','image',58214,'application/octet-stream','iyyan@gmail.com','2021-02-22 09:29:44',NULL,NULL,0,NULL,NULL,16),(1459,'DSC01067.JPG','image',36721,'application/octet-stream','iyyan@gmail.com','2021-02-22 09:29:46',NULL,NULL,0,NULL,NULL,16),(1460,'DSC01068.JPG','image',43692,'application/octet-stream','iyyan@gmail.com','2021-02-22 09:29:46',NULL,NULL,0,NULL,NULL,16),(1461,'DSC01069.JPG','image',36124,'application/octet-stream','iyyan@gmail.com','2021-02-22 09:29:48',NULL,NULL,0,NULL,NULL,16),(1462,'DSC01070.JPG','image',49728,'application/octet-stream','iyyan@gmail.com','2021-02-22 09:29:49',NULL,NULL,0,NULL,NULL,16),(1463,'DSC01071.JPG','image',37898,'application/octet-stream','iyyan@gmail.com','2021-02-22 09:29:49',NULL,NULL,0,NULL,NULL,16),(1464,'DSC01072.JPG','image',48333,'application/octet-stream','iyyan@gmail.com','2021-02-22 09:29:50',NULL,NULL,0,NULL,NULL,16),(1465,'DSC01073.JPG','image',45699,'application/octet-stream','iyyan@gmail.com','2021-02-22 09:29:51',NULL,NULL,0,NULL,NULL,16),(1466,'DSC01074.JPG','image',72897,'application/octet-stream','iyyan@gmail.com','2021-02-22 09:29:52',NULL,NULL,0,NULL,NULL,16),(1467,'DSC01075.JPG','image',53473,'application/octet-stream','iyyan@gmail.com','2021-02-22 09:29:53',NULL,NULL,0,NULL,NULL,16),(1468,'DSC01076.JPG','image',68120,'application/octet-stream','iyyan@gmail.com','2021-02-22 09:29:54',NULL,NULL,0,NULL,NULL,16),(1469,'DSC01077.JPG','image',28907,'application/octet-stream','iyyan@gmail.com','2021-02-22 09:29:55',NULL,NULL,0,NULL,NULL,16),(1470,'DSC01078.JPG','image',71467,'application/octet-stream','iyyan@gmail.com','2021-02-22 09:29:56',NULL,NULL,0,NULL,NULL,16),(1471,'DSC01079.JPG','image',45285,'application/octet-stream','iyyan@gmail.com','2021-02-22 09:29:56',NULL,NULL,0,NULL,NULL,16),(1472,'DSC01080.JPG','image',51064,'application/octet-stream','iyyan@gmail.com','2021-02-22 09:29:57',NULL,NULL,0,NULL,NULL,16),(1473,'DSC01081.JPG','image',39096,'application/octet-stream','iyyan@gmail.com','2021-02-22 09:29:58',NULL,NULL,0,NULL,NULL,16),(1474,'DSC01082.JPG','image',52117,'application/octet-stream','iyyan@gmail.com','2021-02-22 09:29:59',NULL,NULL,0,NULL,NULL,16),(1475,'DSC01083.JPG','image',21194,'application/octet-stream','iyyan@gmail.com','2021-02-22 09:29:59',NULL,NULL,0,NULL,NULL,16),(1476,'DSC01084.JPG','image',59178,'application/octet-stream','iyyan@gmail.com','2021-02-22 09:30:00',NULL,NULL,0,NULL,NULL,16),(1477,'DSC01085.JPG','image',40610,'application/octet-stream','iyyan@gmail.com','2021-02-22 09:30:01',NULL,NULL,0,NULL,NULL,16),(1478,'DSC01086.JPG','image',23825,'application/octet-stream','iyyan@gmail.com','2021-02-22 09:30:01',NULL,NULL,0,NULL,NULL,16),(1479,'DSC01087.JPG','image',32402,'application/octet-stream','iyyan@gmail.com','2021-02-22 09:30:02',NULL,NULL,0,NULL,NULL,16),(1480,'DSC01088.JPG','image',45526,'application/octet-stream','iyyan@gmail.com','2021-02-22 09:30:03',NULL,NULL,0,NULL,NULL,16),(1481,'DSC01089.JPG','image',18228,'application/octet-stream','iyyan@gmail.com','2021-02-22 09:30:04',NULL,NULL,0,NULL,NULL,16),(1482,'DSC01090.JPG','image',29196,'application/octet-stream','iyyan@gmail.com','2021-02-22 09:30:04',NULL,NULL,0,NULL,NULL,16),(1483,'DSC01091.JPG','image',54747,'application/octet-stream','iyyan@gmail.com','2021-02-22 09:30:05',NULL,NULL,0,NULL,NULL,16),(1484,'DSC01092.JPG','image',41512,'application/octet-stream','iyyan@gmail.com','2021-02-22 09:30:09',NULL,NULL,0,NULL,NULL,16),(1485,'DSC01093.JPG','image',19972,'application/octet-stream','iyyan@gmail.com','2021-02-22 09:30:10',NULL,NULL,0,NULL,NULL,16),(1486,'DSC01094.JPG','image',24481,'application/octet-stream','iyyan@gmail.com','2021-02-22 09:30:12',NULL,NULL,0,NULL,NULL,16),(1487,'DSC01095.JPG','image',42182,'application/octet-stream','iyyan@gmail.com','2021-02-22 09:30:14',NULL,NULL,0,NULL,NULL,16),(1488,'DSC01096.JPG','image',47078,'application/octet-stream','iyyan@gmail.com','2021-02-22 09:30:19',NULL,NULL,0,NULL,NULL,16),(1489,'DSC01097.JPG','image',65279,'application/octet-stream','iyyan@gmail.com','2021-02-22 09:30:20',NULL,NULL,0,NULL,NULL,16),(1490,'DSC01098.JPG','image',65552,'application/octet-stream','iyyan@gmail.com','2021-02-22 09:30:21',NULL,NULL,0,NULL,NULL,16),(1491,'DSC01099.JPG','image',80591,'application/octet-stream','iyyan@gmail.com','2021-02-22 09:30:22',NULL,NULL,0,NULL,NULL,16),(1492,'DSC01100.JPG','image',78940,'application/octet-stream','iyyan@gmail.com','2021-02-22 09:30:23',NULL,NULL,0,NULL,NULL,16),(1493,'DSC01101.JPG','image',67122,'application/octet-stream','iyyan@gmail.com','2021-02-22 09:30:24',NULL,NULL,0,NULL,NULL,16),(1494,'DSC01102.JPG','image',77037,'application/octet-stream','iyyan@gmail.com','2021-02-22 09:30:25',NULL,NULL,0,NULL,NULL,16),(1495,'DSC01103.JPG','image',43331,'application/octet-stream','iyyan@gmail.com','2021-02-22 09:30:26',NULL,NULL,0,NULL,NULL,16),(1496,'DSC01104.JPG','image',37443,'application/octet-stream','iyyan@gmail.com','2021-02-22 09:30:27',NULL,NULL,0,NULL,NULL,16),(1497,'DSC01105.JPG','image',18265,'application/octet-stream','iyyan@gmail.com','2021-02-22 09:30:28',NULL,NULL,0,NULL,NULL,16),(1498,'DSC01106.JPG','image',28102,'application/octet-stream','iyyan@gmail.com','2021-02-22 09:30:28',NULL,NULL,0,NULL,NULL,16),(1499,'DSC01107.JPG','image',59123,'application/octet-stream','iyyan@gmail.com','2021-02-22 09:30:29',NULL,NULL,0,NULL,NULL,16),(1500,'DSC01108.JPG','image',50994,'application/octet-stream','iyyan@gmail.com','2021-02-22 09:30:30',NULL,NULL,0,NULL,NULL,16),(1501,'DSC01109.JPG','image',47821,'application/octet-stream','iyyan@gmail.com','2021-02-22 09:30:30',NULL,NULL,0,NULL,NULL,16),(1502,'DSC01110.JPG','image',21786,'application/octet-stream','iyyan@gmail.com','2021-02-22 09:30:31',NULL,NULL,0,NULL,NULL,16),(1503,'DSC01111.JPG','image',15378,'application/octet-stream','iyyan@gmail.com','2021-02-22 09:30:32',NULL,NULL,0,NULL,NULL,16),(1504,'DSC01112.JPG','image',24833,'application/octet-stream','iyyan@gmail.com','2021-02-22 09:30:33',NULL,NULL,0,NULL,NULL,16),(1505,'DSC01113.JPG','image',23403,'application/octet-stream','iyyan@gmail.com','2021-02-22 09:30:33',NULL,NULL,0,NULL,NULL,16),(1506,'DSC01114.JPG','image',72436,'application/octet-stream','iyyan@gmail.com','2021-02-22 09:30:34',NULL,NULL,0,NULL,NULL,16),(1507,'DSC01115.JPG','image',62570,'application/octet-stream','iyyan@gmail.com','2021-02-22 09:30:35',NULL,NULL,0,NULL,NULL,16),(1508,'DSC01116.JPG','image',36397,'application/octet-stream','iyyan@gmail.com','2021-02-22 09:30:36',NULL,NULL,0,NULL,NULL,16),(1509,'DSC01117.JPG','image',36907,'application/octet-stream','iyyan@gmail.com','2021-02-22 09:30:36',NULL,NULL,0,NULL,NULL,16),(1510,'DSC01118.JPG','image',38643,'application/octet-stream','iyyan@gmail.com','2021-02-22 09:30:37',NULL,NULL,0,NULL,NULL,16),(1511,'DSC01119.JPG','image',50574,'application/octet-stream','iyyan@gmail.com','2021-02-22 09:30:38',NULL,NULL,0,NULL,NULL,16),(1512,'DSC01120.JPG','image',43187,'application/octet-stream','iyyan@gmail.com','2021-02-22 09:30:38',NULL,NULL,0,NULL,NULL,16),(1513,'DSC01121.JPG','image',55219,'application/octet-stream','iyyan@gmail.com','2021-02-22 09:30:39',NULL,NULL,0,NULL,NULL,16),(1514,'DSC01122.JPG','image',42170,'application/octet-stream','iyyan@gmail.com','2021-02-22 09:30:41',NULL,NULL,0,NULL,NULL,16),(1515,'DSC01123.JPG','image',40630,'application/octet-stream','iyyan@gmail.com','2021-02-22 09:30:41',NULL,NULL,0,NULL,NULL,16),(1516,'DSC01124.JPG','image',37569,'application/octet-stream','iyyan@gmail.com','2021-02-22 09:30:42',NULL,NULL,0,NULL,NULL,16),(1517,'DSC01125.JPG','image',35628,'application/octet-stream','iyyan@gmail.com','2021-02-22 09:30:43',NULL,NULL,0,NULL,NULL,16),(1518,'DSC01126.JPG','image',79198,'application/octet-stream','iyyan@gmail.com','2021-02-22 09:30:44',NULL,NULL,0,NULL,NULL,16),(1519,'DSC01127.JPG','image',60780,'application/octet-stream','iyyan@gmail.com','2021-02-22 09:30:45',NULL,NULL,0,NULL,NULL,16),(1520,'DSC01128.JPG','image',60292,'application/octet-stream','iyyan@gmail.com','2021-02-22 09:30:46',NULL,NULL,0,NULL,NULL,16),(1521,'DSC01129.JPG','image',54049,'application/octet-stream','iyyan@gmail.com','2021-02-22 09:30:47',NULL,NULL,0,NULL,NULL,16),(1522,'DSC01130.JPG','image',60887,'application/octet-stream','iyyan@gmail.com','2021-02-22 09:30:48',NULL,NULL,0,NULL,NULL,16),(1523,'DSC01131.JPG','image',31360,'application/octet-stream','iyyan@gmail.com','2021-02-22 09:30:48',NULL,NULL,0,NULL,NULL,16),(1524,'DSC01132.JPG','image',37061,'application/octet-stream','iyyan@gmail.com','2021-02-22 09:30:49',NULL,NULL,0,NULL,NULL,16),(1525,'DSC01133.JPG','image',45427,'application/octet-stream','iyyan@gmail.com','2021-02-22 09:30:50',NULL,NULL,0,NULL,NULL,16),(1526,'DSC01134.JPG','image',42470,'application/octet-stream','iyyan@gmail.com','2021-02-22 09:30:51',NULL,NULL,0,NULL,NULL,16),(1527,'DSC01135.JPG','image',61123,'application/octet-stream','iyyan@gmail.com','2021-02-22 09:30:52',NULL,NULL,0,NULL,NULL,16),(1528,'DSC01136.JPG','image',38497,'application/octet-stream','iyyan@gmail.com','2021-02-22 09:30:53',NULL,NULL,0,NULL,NULL,16),(1529,'DSC01137.JPG','image',58329,'application/octet-stream','iyyan@gmail.com','2021-02-22 09:30:53',NULL,NULL,0,NULL,NULL,16),(1530,'DSC01138.JPG','image',73026,'application/octet-stream','iyyan@gmail.com','2021-02-22 09:30:54',NULL,NULL,0,NULL,NULL,16),(1531,'DSC01139.JPG','image',46662,'application/octet-stream','iyyan@gmail.com','2021-02-22 09:30:55',NULL,NULL,0,NULL,NULL,16),(1532,'DSC01140.JPG','image',49754,'application/octet-stream','iyyan@gmail.com','2021-02-22 09:30:56',NULL,NULL,0,NULL,NULL,16),(1533,'DSC01141.JPG','image',41152,'application/octet-stream','iyyan@gmail.com','2021-02-22 09:30:57',NULL,NULL,0,NULL,NULL,16),(1534,'DSC01142.JPG','image',34064,'application/octet-stream','iyyan@gmail.com','2021-02-22 09:30:57',NULL,NULL,0,NULL,NULL,16),(1535,'DSC01143.JPG','image',29218,'application/octet-stream','iyyan@gmail.com','2021-02-22 09:30:58',NULL,NULL,0,NULL,NULL,16),(1536,'DSC01144.JPG','image',65165,'application/octet-stream','iyyan@gmail.com','2021-02-22 09:30:59',NULL,NULL,0,NULL,NULL,16),(1537,'DSC01145.JPG','image',41771,'application/octet-stream','iyyan@gmail.com','2021-02-22 09:30:59',NULL,NULL,0,NULL,NULL,16),(1538,'DSC01146.JPG','image',40993,'application/octet-stream','iyyan@gmail.com','2021-02-22 09:31:00',NULL,NULL,0,NULL,NULL,16),(1539,'DSC01147.JPG','image',65243,'application/octet-stream','iyyan@gmail.com','2021-02-22 09:31:01',NULL,NULL,0,NULL,NULL,16),(1540,'DSC01148.JPG','image',32797,'application/octet-stream','iyyan@gmail.com','2021-02-22 09:31:03',NULL,NULL,0,NULL,NULL,16),(1541,'DSC01149.JPG','image',38771,'application/octet-stream','iyyan@gmail.com','2021-02-22 09:31:04',NULL,NULL,0,NULL,NULL,16),(1542,'DSC01150.JPG','image',45016,'application/octet-stream','iyyan@gmail.com','2021-02-22 09:31:04',NULL,NULL,0,NULL,NULL,16),(1543,'DSC01151.JPG','image',47776,'application/octet-stream','iyyan@gmail.com','2021-02-22 09:31:05',NULL,NULL,0,NULL,NULL,16),(1544,'DSC01152.JPG','image',44163,'application/octet-stream','iyyan@gmail.com','2021-02-22 09:31:06',NULL,NULL,0,NULL,NULL,16),(1545,'DSC01153.JPG','image',41509,'application/octet-stream','iyyan@gmail.com','2021-02-22 09:31:07',NULL,NULL,0,NULL,NULL,16),(1546,'DSC01154.JPG','image',46410,'application/octet-stream','iyyan@gmail.com','2021-02-22 09:31:07',NULL,NULL,0,NULL,NULL,16),(1547,'DSC01155.JPG','image',46628,'application/octet-stream','iyyan@gmail.com','2021-02-22 09:31:08',NULL,NULL,0,NULL,NULL,16),(1548,'DSC01156.JPG','image',55972,'application/octet-stream','iyyan@gmail.com','2021-02-22 09:31:09',NULL,NULL,0,NULL,NULL,16),(1549,'DSC01157.JPG','image',47397,'application/octet-stream','iyyan@gmail.com','2021-02-22 09:31:10',NULL,NULL,0,NULL,NULL,16),(1550,'DSC01158.JPG','image',36225,'application/octet-stream','iyyan@gmail.com','2021-02-22 09:31:10',NULL,NULL,0,NULL,NULL,16),(1551,'DSC01159.JPG','image',40873,'application/octet-stream','iyyan@gmail.com','2021-02-22 09:31:11',NULL,NULL,0,NULL,NULL,16),(1552,'DSC01160.JPG','image',49017,'application/octet-stream','iyyan@gmail.com','2021-02-22 09:31:12',NULL,NULL,0,NULL,NULL,16),(1553,'DSC01161.JPG','image',45460,'application/octet-stream','iyyan@gmail.com','2021-02-22 09:31:13',NULL,NULL,0,NULL,NULL,16),(1554,'DSC01162.JPG','image',42302,'application/octet-stream','iyyan@gmail.com','2021-02-22 09:31:14',NULL,NULL,0,NULL,NULL,16),(1555,'DSC01163.JPG','image',52336,'application/octet-stream','iyyan@gmail.com','2021-02-22 09:31:14',NULL,NULL,0,NULL,NULL,16),(1556,'DSC01164.JPG','image',36248,'application/octet-stream','iyyan@gmail.com','2021-02-22 09:31:15',NULL,NULL,0,NULL,NULL,16),(1557,'DSC01165.JPG','image',46241,'application/octet-stream','iyyan@gmail.com','2021-02-22 09:31:16',NULL,NULL,0,NULL,NULL,16),(1558,'DSC01166.JPG','image',28737,'application/octet-stream','iyyan@gmail.com','2021-02-22 09:31:17',NULL,NULL,0,NULL,NULL,16),(1559,'DSC01167.JPG','image',42678,'application/octet-stream','iyyan@gmail.com','2021-02-22 09:31:18',NULL,NULL,0,NULL,NULL,16),(1560,'DSC01168.JPG','image',19743,'application/octet-stream','iyyan@gmail.com','2021-02-22 09:31:19',NULL,NULL,0,NULL,NULL,16),(1561,'DSC02307.JPG','image',22530,'application/octet-stream','iyyan@gmail.com','2021-02-22 09:31:19',NULL,NULL,0,NULL,NULL,16),(1562,'DSC02308.JPG','image',22982,'application/octet-stream','iyyan@gmail.com','2021-02-22 09:31:20',NULL,NULL,0,NULL,NULL,16),(1563,'DSC02309.JPG','image',29772,'application/octet-stream','iyyan@gmail.com','2021-02-22 09:31:21',NULL,NULL,0,NULL,NULL,16),(1564,'DSC02310.JPG','image',34711,'application/octet-stream','iyyan@gmail.com','2021-02-22 09:31:21',NULL,NULL,0,NULL,NULL,16),(1565,'DSC02311.JPG','image',40694,'application/octet-stream','iyyan@gmail.com','2021-02-22 09:31:22',NULL,NULL,0,NULL,NULL,16),(1566,'DSC02312.JPG','image',42806,'application/octet-stream','iyyan@gmail.com','2021-02-22 09:31:23',NULL,NULL,0,NULL,NULL,16),(1567,'DSC02313.JPG','image',52543,'application/octet-stream','iyyan@gmail.com','2021-02-22 09:31:23',NULL,NULL,0,NULL,NULL,16),(1568,'DSC02314.JPG','image',34874,'application/octet-stream','iyyan@gmail.com','2021-02-22 09:31:24',NULL,NULL,0,NULL,NULL,16),(1569,'DSC02315.JPG','image',37966,'application/octet-stream','iyyan@gmail.com','2021-02-22 09:31:25',NULL,NULL,0,NULL,NULL,16),(1570,'DSC02316.JPG','image',43687,'application/octet-stream','iyyan@gmail.com','2021-02-22 09:31:25',NULL,NULL,0,NULL,NULL,16),(1571,'DSC02317.JPG','image',31175,'application/octet-stream','iyyan@gmail.com','2021-02-22 09:31:26',NULL,NULL,0,NULL,NULL,16),(1572,'DSC02318.JPG','image',36812,'application/octet-stream','iyyan@gmail.com','2021-02-22 09:31:27',NULL,NULL,0,NULL,NULL,16),(1573,'DSC02319.JPG','image',35929,'application/octet-stream','iyyan@gmail.com','2021-02-22 09:31:28',NULL,NULL,0,NULL,NULL,16),(1574,'DSC02320.JPG','image',38932,'application/octet-stream','iyyan@gmail.com','2021-02-22 09:31:28',NULL,NULL,0,NULL,NULL,16),(1575,'DSC02321.JPG','image',35719,'application/octet-stream','iyyan@gmail.com','2021-02-22 09:31:29',NULL,NULL,0,NULL,NULL,16),(1576,'DSC02322.JPG','image',39549,'application/octet-stream','iyyan@gmail.com','2021-02-22 09:31:30',NULL,NULL,0,NULL,NULL,16),(1577,'DSC02323.JPG','image',41577,'application/octet-stream','iyyan@gmail.com','2021-02-22 09:31:31',NULL,NULL,0,NULL,NULL,16),(1578,'DSC02324.JPG','image',36635,'application/octet-stream','iyyan@gmail.com','2021-02-22 09:31:31',NULL,NULL,0,NULL,NULL,16),(1579,'DSC02325.JPG','image',58536,'application/octet-stream','iyyan@gmail.com','2021-02-22 09:31:32',NULL,NULL,0,NULL,NULL,16),(1580,'DSC03506.JPG','image',40490,'application/octet-stream','iyyan@gmail.com','2021-02-22 09:31:33',NULL,NULL,0,NULL,NULL,16),(1581,'DSC03507.JPG','image',51156,'application/octet-stream','iyyan@gmail.com','2021-02-22 09:31:34',NULL,NULL,0,NULL,NULL,16),(1582,'DSC03508.JPG','image',50625,'application/octet-stream','iyyan@gmail.com','2021-02-22 09:31:34',NULL,NULL,0,NULL,NULL,16),(1583,'DSC03509.JPG','image',35995,'application/octet-stream','iyyan@gmail.com','2021-02-22 09:31:35',NULL,NULL,0,NULL,NULL,16),(1584,'DSC03510.JPG','image',43369,'application/octet-stream','iyyan@gmail.com','2021-02-22 09:31:36',NULL,NULL,0,NULL,NULL,16),(1585,'DSC03511.JPG','image',40355,'application/octet-stream','iyyan@gmail.com','2021-02-22 09:31:37',NULL,NULL,0,NULL,NULL,16),(1586,'DSC03512.JPG','image',35957,'application/octet-stream','iyyan@gmail.com','2021-02-22 09:31:37',NULL,NULL,0,NULL,NULL,16),(1587,'DSC03513.JPG','image',29220,'application/octet-stream','iyyan@gmail.com','2021-02-22 09:31:38',NULL,NULL,0,NULL,NULL,16),(1588,'DSC03514.JPG','image',33377,'application/octet-stream','iyyan@gmail.com','2021-02-22 09:31:39',NULL,NULL,0,NULL,NULL,16),(1589,'DSC03515.JPG','image',31394,'application/octet-stream','iyyan@gmail.com','2021-02-22 09:31:39',NULL,NULL,0,NULL,NULL,16),(1590,'DSC03517.JPG','image',28894,'application/octet-stream','iyyan@gmail.com','2021-02-22 09:31:40',NULL,NULL,0,NULL,NULL,16),(1591,'DSC03518.JPG','image',33088,'application/octet-stream','iyyan@gmail.com','2021-02-22 09:31:41',NULL,NULL,0,NULL,NULL,16),(1592,'DSC03519.JPG','image',37370,'application/octet-stream','iyyan@gmail.com','2021-02-22 09:31:41',NULL,NULL,0,NULL,NULL,16),(1593,'DSC03520.JPG','image',34429,'application/octet-stream','iyyan@gmail.com','2021-02-22 09:31:42',NULL,NULL,0,NULL,NULL,16),(1594,'DSC03521.JPG','image',30826,'application/octet-stream','iyyan@gmail.com','2021-02-22 09:31:43',NULL,NULL,0,NULL,NULL,16),(1595,'DSC03522.JPG','image',37733,'application/octet-stream','iyyan@gmail.com','2021-02-22 09:31:44',NULL,NULL,0,NULL,NULL,16),(1596,'DSC03523.JPG','image',35332,'application/octet-stream','iyyan@gmail.com','2021-02-22 09:31:44',NULL,NULL,0,NULL,NULL,16),(1597,'DSC03524.JPG','image',34479,'application/octet-stream','iyyan@gmail.com','2021-02-22 09:31:45',NULL,NULL,0,NULL,NULL,16),(1598,'DSC03525.JPG','image',34549,'application/octet-stream','iyyan@gmail.com','2021-02-22 09:31:46',NULL,NULL,0,NULL,NULL,16),(1599,'DSC03526.JPG','image',36020,'application/octet-stream','iyyan@gmail.com','2021-02-22 09:31:47',NULL,NULL,0,NULL,NULL,16),(1600,'DSC03527.JPG','image',36477,'application/octet-stream','iyyan@gmail.com','2021-02-22 09:31:47',NULL,NULL,0,NULL,NULL,16),(1601,'DSC03528.JPG','image',37808,'application/octet-stream','iyyan@gmail.com','2021-02-22 09:31:48',NULL,NULL,0,NULL,NULL,16),(1602,'DSC03529.JPG','image',30149,'application/octet-stream','iyyan@gmail.com','2021-02-22 09:31:49',NULL,NULL,0,NULL,NULL,16),(1603,'DSC03530.JPG','image',37479,'application/octet-stream','iyyan@gmail.com','2021-02-22 09:31:50',NULL,NULL,0,NULL,NULL,16),(1604,'DSC03531.JPG','image',34243,'application/octet-stream','iyyan@gmail.com','2021-02-22 09:31:51',NULL,NULL,0,NULL,NULL,16),(1605,'DSC03532.JPG','image',36603,'application/octet-stream','iyyan@gmail.com','2021-02-22 09:31:51',NULL,NULL,0,NULL,NULL,16),(1606,'DSC03533.JPG','image',33083,'application/octet-stream','iyyan@gmail.com','2021-02-22 09:31:52',NULL,NULL,0,NULL,NULL,16),(1607,'DSC03534.JPG','image',36951,'application/octet-stream','iyyan@gmail.com','2021-02-22 09:31:53',NULL,NULL,0,NULL,NULL,16),(1608,'DSC03535.JPG','image',40623,'application/octet-stream','iyyan@gmail.com','2021-02-22 09:31:54',NULL,NULL,0,NULL,NULL,16),(1609,'DSC03536.JPG','image',32199,'application/octet-stream','iyyan@gmail.com','2021-02-22 09:31:54',NULL,NULL,0,NULL,NULL,16),(1610,'DSC03537.JPG','image',35676,'application/octet-stream','iyyan@gmail.com','2021-02-22 09:31:55',NULL,NULL,0,NULL,NULL,16),(1611,'DSC03538.JPG','image',41227,'application/octet-stream','iyyan@gmail.com','2021-02-22 09:31:56',NULL,NULL,0,NULL,NULL,16),(1612,'DSC03539.JPG','image',17114,'application/octet-stream','iyyan@gmail.com','2021-02-22 09:31:57',NULL,NULL,0,NULL,NULL,16),(1613,'DSC03540.JPG','image',50941,'application/octet-stream','iyyan@gmail.com','2021-02-22 09:31:57',NULL,NULL,0,NULL,NULL,16),(1614,'DSC03541.JPG','image',70372,'application/octet-stream','iyyan@gmail.com','2021-02-22 09:31:58',NULL,NULL,0,NULL,NULL,16),(1615,'DSC03542.JPG','image',69703,'application/octet-stream','iyyan@gmail.com','2021-02-22 09:31:59',NULL,NULL,0,NULL,NULL,16),(1616,'DSC03543.JPG','image',33894,'application/octet-stream','iyyan@gmail.com','2021-02-22 09:31:59',NULL,NULL,0,NULL,NULL,16),(1617,'DSC03544.JPG','image',33342,'application/octet-stream','iyyan@gmail.com','2021-02-22 09:32:00',NULL,NULL,0,NULL,NULL,16),(1618,'DSC03545.JPG','image',30211,'application/octet-stream','iyyan@gmail.com','2021-02-22 09:32:01',NULL,NULL,0,NULL,NULL,16),(1619,'DSC03546.JPG','image',30086,'application/octet-stream','iyyan@gmail.com','2021-02-22 09:32:02',NULL,NULL,0,NULL,NULL,16),(1620,'DSC03547.JPG','image',25851,'application/octet-stream','iyyan@gmail.com','2021-02-22 09:32:02',NULL,NULL,0,NULL,NULL,16),(1621,'DSC03548.JPG','image',51984,'application/octet-stream','iyyan@gmail.com','2021-02-22 09:32:03',NULL,NULL,0,NULL,NULL,16),(1622,'DSC03549.JPG','image',15581,'application/octet-stream','iyyan@gmail.com','2021-02-22 09:32:03',NULL,NULL,0,NULL,NULL,16),(1623,'DSC03550.JPG','image',14690,'application/octet-stream','iyyan@gmail.com','2021-02-22 09:32:04',NULL,NULL,0,NULL,NULL,16),(1624,'DSC03551.JPG','image',36750,'application/octet-stream','iyyan@gmail.com','2021-02-22 09:32:05',NULL,NULL,0,NULL,NULL,16),(1625,'DSC03552.JPG','image',33821,'application/octet-stream','iyyan@gmail.com','2021-02-22 09:32:06',NULL,NULL,0,NULL,NULL,16),(1626,'DSC03553.JPG','image',35995,'application/octet-stream','iyyan@gmail.com','2021-02-22 09:32:06',NULL,NULL,0,NULL,NULL,16),(1627,'DSC03554.JPG','image',23163,'application/octet-stream','iyyan@gmail.com','2021-02-22 09:32:07',NULL,NULL,0,NULL,NULL,16),(1628,'DSC03555.JPG','image',29142,'application/octet-stream','iyyan@gmail.com','2021-02-22 09:32:07',NULL,NULL,0,NULL,NULL,16),(1629,'DSC03556.JPG','image',37096,'application/octet-stream','iyyan@gmail.com','2021-02-22 09:32:08',NULL,NULL,0,NULL,NULL,16),(1630,'DSC03557.JPG','image',38601,'application/octet-stream','iyyan@gmail.com','2021-02-22 09:32:09',NULL,NULL,0,NULL,NULL,16),(1631,'DSC03558.JPG','image',27287,'application/octet-stream','iyyan@gmail.com','2021-02-22 09:32:10',NULL,NULL,0,NULL,NULL,16),(1632,'DSC03559.JPG','image',23033,'application/octet-stream','iyyan@gmail.com','2021-02-22 09:32:10',NULL,NULL,0,NULL,NULL,16),(1633,'DSC03560.JPG','image',39346,'application/octet-stream','iyyan@gmail.com','2021-02-22 09:32:11',NULL,NULL,0,NULL,NULL,16),(1634,'DSC03561.JPG','image',21074,'application/octet-stream','iyyan@gmail.com','2021-02-22 09:32:12',NULL,NULL,0,NULL,NULL,16),(1635,'DSC03562.JPG','image',12219,'application/octet-stream','iyyan@gmail.com','2021-02-22 09:32:12',NULL,NULL,0,NULL,NULL,16),(1636,'DSC03563.JPG','image',25629,'application/octet-stream','iyyan@gmail.com','2021-02-22 09:32:13',NULL,NULL,0,NULL,NULL,16),(1637,'DSC03564.JPG','image',29130,'application/octet-stream','iyyan@gmail.com','2021-02-22 09:32:14',NULL,NULL,0,NULL,NULL,16),(1638,'DSC03565.JPG','image',32188,'application/octet-stream','iyyan@gmail.com','2021-02-22 09:32:14',NULL,NULL,0,NULL,NULL,16),(1639,'DSC03566.JPG','image',60544,'application/octet-stream','iyyan@gmail.com','2021-02-22 09:32:15',NULL,NULL,0,NULL,NULL,16),(1640,'DSC03567.JPG','image',36286,'application/octet-stream','iyyan@gmail.com','2021-02-22 09:32:16',NULL,NULL,0,NULL,NULL,16),(1641,'DSC03568.JPG','image',47253,'application/octet-stream','iyyan@gmail.com','2021-02-22 09:32:18',NULL,NULL,0,NULL,NULL,16),(1642,'DSC03569.JPG','image',34208,'application/octet-stream','iyyan@gmail.com','2021-02-22 09:32:19',NULL,NULL,0,NULL,NULL,16),(1643,'DSC03570.JPG','image',23055,'application/octet-stream','iyyan@gmail.com','2021-02-22 09:32:20',NULL,NULL,0,NULL,NULL,16),(1644,'DSC03571.JPG','image',25475,'application/octet-stream','iyyan@gmail.com','2021-02-22 09:32:20',NULL,NULL,0,NULL,NULL,16),(1645,'DSC03572.JPG','image',35121,'application/octet-stream','iyyan@gmail.com','2021-02-22 09:32:21',NULL,NULL,0,NULL,NULL,16),(1646,'DSC03573.JPG','image',36668,'application/octet-stream','iyyan@gmail.com','2021-02-22 09:32:22',NULL,NULL,0,NULL,NULL,16),(1647,'DSC03574.JPG','image',38315,'application/octet-stream','iyyan@gmail.com','2021-02-22 09:32:23',NULL,NULL,0,NULL,NULL,16),(1648,'DSC03575.JPG','image',20467,'application/octet-stream','iyyan@gmail.com','2021-02-22 09:32:24',NULL,NULL,0,NULL,NULL,16),(1649,'DSC03576.JPG','image',20327,'application/octet-stream','iyyan@gmail.com','2021-02-22 09:32:24',NULL,NULL,0,NULL,NULL,16),(1650,'DSC03577.JPG','image',23306,'application/octet-stream','iyyan@gmail.com','2021-02-22 09:32:25',NULL,NULL,0,NULL,NULL,16),(1651,'DSC03578.JPG','image',23106,'application/octet-stream','iyyan@gmail.com','2021-02-22 09:32:25',NULL,NULL,0,NULL,NULL,16),(1652,'DSC03579.JPG','image',33467,'application/octet-stream','iyyan@gmail.com','2021-02-22 09:32:26',NULL,NULL,0,NULL,NULL,16),(1653,'DSC03580.JPG','image',50379,'application/octet-stream','iyyan@gmail.com','2021-02-22 09:32:27',NULL,NULL,0,NULL,NULL,16),(1654,'DSC03581.JPG','image',38555,'application/octet-stream','iyyan@gmail.com','2021-02-22 09:32:28',NULL,NULL,0,NULL,NULL,16),(1655,'DSC03582.JPG','image',26986,'application/octet-stream','iyyan@gmail.com','2021-02-22 09:32:28',NULL,NULL,0,NULL,NULL,16),(1656,'DSC03583.JPG','image',42777,'application/octet-stream','iyyan@gmail.com','2021-02-22 09:32:29',NULL,NULL,0,NULL,NULL,16),(1657,'DSC03585.JPG','image',18916,'application/octet-stream','iyyan@gmail.com','2021-02-22 09:32:30',NULL,NULL,0,NULL,NULL,16),(1658,'DSC03586.JPG','image',19895,'application/octet-stream','iyyan@gmail.com','2021-02-22 09:32:31',NULL,NULL,0,NULL,NULL,16),(1659,'DSC03589.JPG','image',19157,'application/octet-stream','iyyan@gmail.com','2021-02-22 09:32:31',NULL,NULL,0,NULL,NULL,16),(1660,'DSC03592.JPG','image',17304,'application/octet-stream','iyyan@gmail.com','2021-02-22 09:32:32',NULL,NULL,0,NULL,NULL,16),(1661,'DSC03593.JPG','image',22337,'application/octet-stream','iyyan@gmail.com','2021-02-22 09:32:33',NULL,NULL,0,NULL,NULL,16),(1662,'DSC03594.JPG','image',20348,'application/octet-stream','iyyan@gmail.com','2021-02-22 09:32:33',NULL,NULL,0,NULL,NULL,16),(1663,'DSC03595.JPG','image',18906,'application/octet-stream','iyyan@gmail.com','2021-02-22 09:32:34',NULL,NULL,0,NULL,NULL,16),(1664,'DSC03596.JPG','image',35779,'application/octet-stream','iyyan@gmail.com','2021-02-22 09:32:35',NULL,NULL,0,NULL,NULL,16),(1665,'DSC03597.JPG','image',19060,'application/octet-stream','iyyan@gmail.com','2021-02-22 09:32:35',NULL,NULL,0,NULL,NULL,16),(1666,'DSC03598.JPG','image',11349,'application/octet-stream','iyyan@gmail.com','2021-02-22 09:32:36',NULL,NULL,0,NULL,NULL,16),(1667,'DSC03599.JPG','image',18790,'application/octet-stream','iyyan@gmail.com','2021-02-22 09:32:37',NULL,NULL,0,NULL,NULL,16),(1668,'DSC03600.JPG','image',11237,'application/octet-stream','iyyan@gmail.com','2021-02-22 09:32:38',NULL,NULL,0,NULL,NULL,16),(1669,'DSC03601.JPG','image',20212,'application/octet-stream','iyyan@gmail.com','2021-02-22 09:32:38',NULL,NULL,0,NULL,NULL,16),(1670,'DSC03602.JPG','image',19960,'application/octet-stream','iyyan@gmail.com','2021-02-22 09:32:39',NULL,NULL,0,NULL,NULL,16),(1671,'DSC03603.JPG','image',18082,'application/octet-stream','iyyan@gmail.com','2021-02-22 09:32:40',NULL,NULL,0,NULL,NULL,16),(1672,'DSC03604.JPG','image',14943,'application/octet-stream','iyyan@gmail.com','2021-02-22 09:32:40',NULL,NULL,0,NULL,NULL,16),(1673,'DSC03605.JPG','image',24194,'application/octet-stream','iyyan@gmail.com','2021-02-22 09:32:41',NULL,NULL,0,NULL,NULL,16),(1674,'DSC03606.JPG','image',16337,'application/octet-stream','iyyan@gmail.com','2021-02-22 09:32:42',NULL,NULL,0,NULL,NULL,16),(1675,'DSC03607.JPG','image',15868,'application/octet-stream','iyyan@gmail.com','2021-02-22 09:32:43',NULL,NULL,0,NULL,NULL,16),(1676,'DSC03608.JPG','image',25534,'application/octet-stream','iyyan@gmail.com','2021-02-22 09:32:43',NULL,NULL,0,NULL,NULL,16),(1832,'DSC_0020.jpg','thumbnail',3885,'image/jpeg','suriyaprakash@mazeworkssolutions.com','2021-03-15 17:22:36',NULL,NULL,1,NULL,'2021-03-18 15:35:23',25),(1833,'DSC_0021.jpg','thumbnail',3870,'image/jpeg','suriyaprakash@mazeworkssolutions.com','2021-03-15 17:22:37',NULL,NULL,0,NULL,NULL,25),(1834,'DSC_0033.jpg','thumbnail',4273,'image/jpeg','suriyaprakash@mazeworkssolutions.com','2021-03-15 17:22:37',NULL,NULL,0,NULL,NULL,25),(1835,'DSC_0034.jpg','thumbnail',3947,'image/jpeg','suriyaprakash@mazeworkssolutions.com','2021-03-15 17:22:37',NULL,NULL,0,NULL,NULL,25),(1836,'DSC_0397.jpg','thumbnail',4193,'image/jpeg','suriyaprakash@mazeworkssolutions.com','2021-03-15 17:22:37',NULL,NULL,0,NULL,NULL,25),(1837,'DSC_0417.jpg','thumbnail',4026,'image/jpeg','suriyaprakash@mazeworkssolutions.com','2021-03-15 17:22:37',NULL,NULL,0,NULL,NULL,25),(1838,'DSC_0446.jpg','thumbnail',4491,'image/jpeg','suriyaprakash@mazeworkssolutions.com','2021-03-15 17:22:37',NULL,NULL,1,NULL,'2021-03-19 13:41:21',25),(1839,'DSC_0450.jpg','thumbnail',4696,'image/jpeg','suriyaprakash@mazeworkssolutions.com','2021-03-15 17:22:37',NULL,NULL,0,NULL,NULL,25),(1840,'DSC_0845.jpg','thumbnail',4265,'image/jpeg','suriyaprakash@mazeworkssolutions.com','2021-03-15 17:22:37',NULL,NULL,0,NULL,NULL,25),(1841,'DSC_0847.jpg','thumbnail',3356,'image/jpeg','suriyaprakash@mazeworkssolutions.com','2021-03-15 17:22:37',NULL,NULL,0,NULL,NULL,25),(1842,'DSC_0850.jpg','thumbnail',3684,'image/jpeg','suriyaprakash@mazeworkssolutions.com','2021-03-15 17:22:37',NULL,NULL,0,NULL,NULL,25),(1843,'DSC_0871.jpg','thumbnail',3846,'image/jpeg','suriyaprakash@mazeworkssolutions.com','2021-03-15 17:22:37',NULL,NULL,0,NULL,NULL,25),(1844,'DSC_0876.jpg','thumbnail',3259,'image/jpeg','suriyaprakash@mazeworkssolutions.com','2021-03-15 17:22:37',NULL,NULL,1,NULL,'2021-03-18 15:35:24',25),(1845,'DSC_1105.jpg','thumbnail',2971,'image/jpeg','suriyaprakash@mazeworkssolutions.com','2021-03-15 17:22:38',NULL,NULL,0,NULL,NULL,25),(1846,'DSC_1142.jpg','thumbnail',3348,'image/jpeg','suriyaprakash@mazeworkssolutions.com','2021-03-15 17:22:38',NULL,NULL,0,NULL,NULL,25),(1847,'DSC_2870.jpg','thumbnail',4146,'image/jpeg','suriyaprakash@mazeworkssolutions.com','2021-03-15 17:22:38',NULL,NULL,0,NULL,NULL,25),(1848,'DSC_8125.jpg','thumbnail',3606,'image/jpeg','suriyaprakash@mazeworkssolutions.com','2021-03-15 17:22:38',NULL,NULL,0,NULL,NULL,25),(1849,'DSC_0020.jpg','image',82738,'image/jpeg','suriyaprakash@mazeworkssolutions.com','2021-03-15 17:24:07',NULL,NULL,1,NULL,'2021-04-02 10:55:31',25),(1850,'DSC_0021.jpg','image',74597,'image/jpeg','suriyaprakash@mazeworkssolutions.com','2021-03-15 17:24:07',NULL,NULL,1,NULL,'2021-04-02 11:08:35',25),(1851,'DSC_0033.jpg','image',78894,'image/jpeg','suriyaprakash@mazeworkssolutions.com','2021-03-15 17:24:07',NULL,NULL,1,NULL,'2021-04-02 10:55:31',25),(1852,'DSC_0034.jpg','image',88694,'image/jpeg','suriyaprakash@mazeworkssolutions.com','2021-03-15 17:24:08',NULL,NULL,0,NULL,NULL,25),(1853,'DSC_0397.jpg','image',80074,'image/jpeg','suriyaprakash@mazeworkssolutions.com','2021-03-15 17:24:08',NULL,NULL,0,NULL,NULL,25),(1854,'DSC_0417.jpg','image',85956,'image/jpeg','suriyaprakash@mazeworkssolutions.com','2021-03-15 17:24:08',NULL,NULL,0,NULL,NULL,25),(1855,'DSC_0446.jpg','image',154531,'image/jpeg','suriyaprakash@mazeworkssolutions.com','2021-03-15 17:24:08',NULL,NULL,0,NULL,NULL,25),(1856,'DSC_0450.jpg','image',133664,'image/jpeg','suriyaprakash@mazeworkssolutions.com','2021-03-15 17:24:08',NULL,NULL,0,NULL,NULL,25),(1857,'DSC_0845.jpg','image',88422,'image/jpeg','suriyaprakash@mazeworkssolutions.com','2021-03-15 17:24:08',NULL,NULL,0,NULL,NULL,25),(1858,'DSC_0847.jpg','image',62999,'image/jpeg','suriyaprakash@mazeworkssolutions.com','2021-03-15 17:24:08',NULL,NULL,0,NULL,NULL,25),(1859,'DSC_0850.jpg','image',76065,'image/jpeg','suriyaprakash@mazeworkssolutions.com','2021-03-15 17:24:08',NULL,NULL,0,NULL,NULL,25),(1860,'DSC_0871.jpg','image',75912,'image/jpeg','suriyaprakash@mazeworkssolutions.com','2021-03-15 17:24:08',NULL,NULL,0,NULL,NULL,25),(1861,'DSC_0876.jpg','image',59987,'image/jpeg','suriyaprakash@mazeworkssolutions.com','2021-03-15 17:24:08',NULL,NULL,1,NULL,'2021-04-20 05:35:06',25),(1862,'DSC_1105.jpg','image',50075,'image/jpeg','suriyaprakash@mazeworkssolutions.com','2021-03-15 17:24:08',NULL,NULL,1,NULL,'2021-04-20 05:35:06',25),(1863,'DSC_1142.jpg','image',50157,'image/jpeg','suriyaprakash@mazeworkssolutions.com','2021-03-15 17:24:08',NULL,NULL,1,NULL,'2021-04-20 05:35:06',25),(1864,'DSC_2870.jpg','image',83335,'image/jpeg','suriyaprakash@mazeworkssolutions.com','2021-03-15 17:24:09',NULL,NULL,0,NULL,NULL,25),(1865,'DSC_8125.jpg','image',69628,'image/jpeg','suriyaprakash@mazeworkssolutions.com','2021-03-15 17:24:09',NULL,NULL,0,NULL,NULL,25),(1866,'DSC_0020.jpg','image',32160,'application/octet-stream','suriyaprakash@mazeworkssolutions.com','2021-03-18 10:41:29',NULL,NULL,1,NULL,'2021-03-18 10:42:21',26),(1867,'DSC_0021.jpg','image',29574,'application/octet-stream','suriyaprakash@mazeworkssolutions.com','2021-03-18 10:41:30',NULL,NULL,1,NULL,'2021-03-18 10:42:21',26),(1868,'DSC_0033.jpg','image',31381,'application/octet-stream','suriyaprakash@mazeworkssolutions.com','2021-03-18 10:41:30',NULL,NULL,1,NULL,'2021-03-18 10:42:21',26),(1869,'DSC_0034.jpg','image',33047,'application/octet-stream','suriyaprakash@mazeworkssolutions.com','2021-03-18 10:41:30',NULL,NULL,0,NULL,NULL,26),(1870,'DSC_0397.jpg','image',31495,'application/octet-stream','suriyaprakash@mazeworkssolutions.com','2021-03-18 10:41:30',NULL,NULL,0,NULL,NULL,26),(1871,'DSC_0417.jpg','image',33176,'application/octet-stream','suriyaprakash@mazeworkssolutions.com','2021-03-18 10:41:31',NULL,NULL,0,NULL,NULL,26),(1872,'DSC_0446.jpg','image',57384,'application/octet-stream','suriyaprakash@mazeworkssolutions.com','2021-03-18 10:41:31',NULL,NULL,0,NULL,NULL,26),(1873,'DSC_0450.jpg','image',51576,'application/octet-stream','suriyaprakash@mazeworkssolutions.com','2021-03-18 10:41:31',NULL,NULL,0,NULL,NULL,26),(1874,'DSC_0845.jpg','image',34943,'application/octet-stream','suriyaprakash@mazeworkssolutions.com','2021-03-18 10:41:31',NULL,NULL,1,NULL,'2021-03-18 10:42:21',26),(1875,'DSC_0847.jpg','image',24851,'application/octet-stream','suriyaprakash@mazeworkssolutions.com','2021-03-18 10:41:31',NULL,NULL,0,NULL,NULL,26),(1876,'DSC_0850.jpg','image',29024,'application/octet-stream','suriyaprakash@mazeworkssolutions.com','2021-03-18 10:41:31',NULL,NULL,0,NULL,NULL,26),(1877,'DSC_0871.jpg','image',30162,'application/octet-stream','suriyaprakash@mazeworkssolutions.com','2021-03-18 10:41:31',NULL,NULL,0,NULL,NULL,26),(1878,'DSC_0876.jpg','image',23561,'application/octet-stream','suriyaprakash@mazeworkssolutions.com','2021-03-18 10:41:31',NULL,NULL,1,NULL,'2021-03-18 10:42:21',26),(1879,'DSC_1105.jpg','image',20155,'application/octet-stream','suriyaprakash@mazeworkssolutions.com','2021-03-18 10:41:32',NULL,NULL,0,NULL,NULL,26),(1880,'DSC_1142.jpg','image',20461,'application/octet-stream','suriyaprakash@mazeworkssolutions.com','2021-03-18 10:41:32',NULL,NULL,0,NULL,NULL,26),(1881,'DSC_2870.jpg','image',32961,'application/octet-stream','suriyaprakash@mazeworkssolutions.com','2021-03-18 10:41:32',NULL,NULL,0,NULL,NULL,26),(1882,'DSC_8125.jpg','image',27049,'application/octet-stream','suriyaprakash@mazeworkssolutions.com','2021-03-18 10:41:32',NULL,NULL,0,NULL,NULL,26),(1883,'Cosmic_Calendar.png','image',66989,'application/octet-stream','suriyaprakash@mazeworkssolutions.com','2021-04-23 07:13:29',NULL,NULL,0,NULL,NULL,31),(1884,'Meteor Shower.jpg','image',44271,'application/octet-stream','suriyaprakash@mazeworkssolutions.com','2021-04-23 07:13:30',NULL,NULL,0,NULL,NULL,31);
/*!40000 ALTER TABLE `trn_project_files` ENABLE KEYS */;
UNLOCK TABLES;

--
-- Table structure for table `trn_vendor_customer_review_replays`
--

DROP TABLE IF EXISTS `trn_vendor_customer_review_replays`;
/*!40101 SET @saved_cs_client     = @@character_set_client */;
/*!40101 SET character_set_client = utf8 */;
CREATE TABLE `trn_vendor_customer_review_replays` (
  `id` int(11) NOT NULL AUTO_INCREMENT,
  `review_id` int(10) unsigned NOT NULL,
  `vendor_id` int(10) unsigned DEFAULT NULL,
  `created_by` varchar(191) NOT NULL,
  `body` text NOT NULL,
  `updated_by` varchar(191) DEFAULT NULL,
  `created_date` datetime NOT NULL DEFAULT current_timestamp(),
  `updated_date` datetime DEFAULT current_timestamp() ON UPDATE current_timestamp(),
  PRIMARY KEY (`id`)
) ENGINE=InnoDB AUTO_INCREMENT=8 DEFAULT CHARSET=utf8mb4;
/*!40101 SET character_set_client = @saved_cs_client */;

--
-- Dumping data for table `trn_vendor_customer_review_replays`
--

LOCK TABLES `trn_vendor_customer_review_replays` WRITE;
/*!40000 ALTER TABLE `trn_vendor_customer_review_replays` DISABLE KEYS */;
INSERT INTO `trn_vendor_customer_review_replays` VALUES (1,13,19,'suriyaprakash@mazeworkssolutions.com','Helloworld',NULL,'2021-04-01 11:35:16','2021-04-10 20:36:01'),(2,13,19,'suriyaprakash@mazeworkssolutions.com','Good',NULL,'2021-04-01 11:37:40','2021-04-10 20:36:01'),(3,13,19,'suriyaprakash@mazeworkssolutions.com','Thank You!',NULL,'2021-04-01 11:42:09','2021-04-10 20:36:01'),(4,16,19,'suriyaprakash@mazeworkssolutions.com','Thanks For Replay!',NULL,'2021-04-02 04:39:28','2021-04-10 20:36:01'),(5,16,NULL,'suriyaprakash@mazeworkssolutions.com','Thank You Persevarance!',NULL,'2021-04-10 15:07:23','2021-04-10 15:07:23'),(6,15,NULL,'suriyaprakash@mazeworkssolutions.com','Superrr',NULL,'2021-04-10 15:08:30','2021-04-10 15:08:30'),(7,16,NULL,'suriyaprakash@mazeworkssolutions.com','2001 Space Odessey',NULL,'2021-04-10 15:09:36','2021-04-10 15:09:36');
/*!40000 ALTER TABLE `trn_vendor_customer_review_replays` ENABLE KEYS */;
UNLOCK TABLES;

--
-- Table structure for table `trn_vendor_customer_reviews`
--

DROP TABLE IF EXISTS `trn_vendor_customer_reviews`;
/*!40101 SET @saved_cs_client     = @@character_set_client */;
/*!40101 SET character_set_client = utf8 */;
CREATE TABLE `trn_vendor_customer_reviews` (
  `id` int(11) NOT NULL AUTO_INCREMENT,
  `vendor_id` int(10) unsigned NOT NULL,
  `created_by` varchar(191) NOT NULL,
  `title` varchar(191) CHARACTER SET latin1 NOT NULL,
  `body` text CHARACTER SET latin1 NOT NULL,
  `ratings` tinyint(3) unsigned NOT NULL DEFAULT 1,
  `is_show` tinyint(3) unsigned NOT NULL DEFAULT 0,
  `updated_by` int(10) unsigned DEFAULT NULL,
  `created_date` datetime NOT NULL DEFAULT current_timestamp(),
  `updated_date` datetime DEFAULT current_timestamp(),
  PRIMARY KEY (`id`)
) ENGINE=InnoDB AUTO_INCREMENT=18 DEFAULT CHARSET=utf8mb4;
/*!40101 SET character_set_client = @saved_cs_client */;

--
-- Dumping data for table `trn_vendor_customer_reviews`
--

LOCK TABLES `trn_vendor_customer_reviews` WRITE;
/*!40000 ALTER TABLE `trn_vendor_customer_reviews` DISABLE KEYS */;
INSERT INTO `trn_vendor_customer_reviews` VALUES (1,0,'ksspam43@gmail.com','Helloworld','Helloworld',5,0,NULL,'2021-03-31 17:28:10',NULL),(2,19,'ksspam43@gmail.com','Helloworld','Helloworld',5,0,NULL,'2021-03-31 17:44:51','2021-03-31 17:44:51'),(3,19,'ksspam43@gmail.com','Helloworld','Hey You!',5,0,NULL,'2021-04-01 00:41:16','2021-04-01 00:41:16'),(4,19,'ksspam43@gmail.com','Helloworld','Helloworld',5,0,NULL,'2021-04-01 00:42:22','2021-04-01 00:42:22'),(5,19,'ksspam43@gmail.com','Helloworld','Helloworld',5,0,NULL,'2021-04-01 00:42:22','2021-04-01 00:42:22'),(6,19,'ksspam43@gmail.com','Helloworld','Helloworld',5,0,NULL,'2021-04-01 00:42:22','2021-04-01 00:42:22'),(7,19,'ksspam43@gmail.com','Helloworld','Helloworld',5,0,NULL,'2021-04-01 00:42:22','2021-04-01 00:42:22'),(8,19,'ksspam43@gmail.com','Helloworld','Helloworld',5,0,NULL,'2021-04-01 00:42:22','2021-04-01 00:42:22'),(9,19,'ksspam43@gmail.com','Helloworld','Helloworld',5,0,NULL,'2021-04-01 00:42:22','2021-04-01 00:42:22'),(10,19,'ksspam43@gmail.com','Helloworld','Helloworld',5,0,NULL,'2021-04-01 00:42:22','2021-04-01 00:42:22'),(11,19,'ksspam43@gmail.com','Helloworld','Helloworld',5,0,NULL,'2021-04-01 00:42:22','2021-04-01 00:42:22'),(12,19,'ksspam43@gmail.com','Helloworld','Helloworld',5,0,NULL,'2021-04-01 00:42:22','2021-04-01 00:42:22'),(13,19,'ksspam43@gmail.com','Wonder Photos','Good Performance',5,0,NULL,'2021-04-01 06:29:45','2021-04-01 06:29:45'),(14,19,'ksspam43@gmail.com','Hello','Hello',5,0,NULL,'2021-04-01 12:53:54','2021-04-01 12:53:54'),(15,19,'ksspam43@gmail.com','Nothing','Nothing',3,0,NULL,'2021-04-01 12:54:10','2021-04-01 12:54:10'),(16,19,'ksspam43@gmail.com','Good Morning!','Nice!',3,0,NULL,'2021-04-02 04:38:21','2021-04-02 04:38:21'),(17,20,'ksspam43@gmail.com','Good Photography','Awesome!',5,0,NULL,'2021-04-04 07:54:15','2021-04-04 07:54:15');
/*!40000 ALTER TABLE `trn_vendor_customer_reviews` ENABLE KEYS */;
UNLOCK TABLES;

--
-- Table structure for table `trn_vendor_freelancer_selection`
--

DROP TABLE IF EXISTS `trn_vendor_freelancer_selection`;
/*!40101 SET @saved_cs_client     = @@character_set_client */;
/*!40101 SET character_set_client = utf8 */;
CREATE TABLE `trn_vendor_freelancer_selection` (
  `id` int(11) NOT NULL AUTO_INCREMENT,
  `vendor_id` int(11) NOT NULL,
  `freelancer_id` int(11) NOT NULL,
  PRIMARY KEY (`id`)
) ENGINE=InnoDB AUTO_INCREMENT=26 DEFAULT CHARSET=utf8;
/*!40101 SET character_set_client = @saved_cs_client */;

--
-- Dumping data for table `trn_vendor_freelancer_selection`
--

LOCK TABLES `trn_vendor_freelancer_selection` WRITE;
/*!40000 ALTER TABLE `trn_vendor_freelancer_selection` DISABLE KEYS */;
INSERT INTO `trn_vendor_freelancer_selection` VALUES (23,19,2),(24,19,4),(25,19,7);
/*!40000 ALTER TABLE `trn_vendor_freelancer_selection` ENABLE KEYS */;
UNLOCK TABLES;
/*!40103 SET TIME_ZONE=@OLD_TIME_ZONE */;

/*!40101 SET SQL_MODE=@OLD_SQL_MODE */;
/*!40014 SET FOREIGN_KEY_CHECKS=@OLD_FOREIGN_KEY_CHECKS */;
/*!40014 SET UNIQUE_CHECKS=@OLD_UNIQUE_CHECKS */;
/*!40101 SET CHARACTER_SET_CLIENT=@OLD_CHARACTER_SET_CLIENT */;
/*!40101 SET CHARACTER_SET_RESULTS=@OLD_CHARACTER_SET_RESULTS */;
/*!40101 SET COLLATION_CONNECTION=@OLD_COLLATION_CONNECTION */;
/*!40111 SET SQL_NOTES=@OLD_SQL_NOTES */;

-- Dump completed on 2021-05-06 19:57:31
